[09Jul2025 03:52:36.133] [main/INFO] [cpw.mods.modlauncher.Launcher/MODLAUNCHER]: ModLauncher running: args [--launchTarget, forgeserver, --fml.forgeVersion, 47.3.7, --fml.mcVersion, 1.20.1, --fml.forgeGroup, net.minecraftforge, --fml.mcpVersion, 20230612.114412, nogui]
[09Jul2025 03:52:36.139] [main/INFO] [cpw.mods.modlauncher.Launcher/MODLAUNCHER]: ModLauncher 10.0.9+10.0.9+main.dcd20f30 starting: java version 17.0.15 by Ubuntu; OS Linux arch amd64 version 6.8.0-1027-azure
[09Jul2025 03:52:39.113] [main/INFO] [net.minecraftforge.fml.loading.ImmediateWindowHandler/]: ImmediateWindowProvider not loading because launch target is forgeserver
[09Jul2025 03:52:39.171] [main/INFO] [mixin/]: SpongePowered MIXIN Subsystem Version=0.8.5 Source=union:/workspaces/Mundo-de-Mundos/servidor_minecraft/libraries/org/spongepowered/mixin/0.8.5/mixin-0.8.5.jar%2365!/ Service=ModLauncher Env=SERVER
[09Jul2025 03:52:39.735] [main/WARN] [net.minecraftforge.fml.loading.moddiscovery.ModFileParser/LOADING]: Mod file /workspaces/Mundo-de-Mundos/servidor_minecraft/libraries/net/minecraftforge/fmlcore/1.20.1-47.3.7/fmlcore-1.20.1-47.3.7.jar is missing mods.toml file
[09Jul2025 03:52:39.737] [main/WARN] [net.minecraftforge.fml.loading.moddiscovery.ModFileParser/LOADING]: Mod file /workspaces/Mundo-de-Mundos/servidor_minecraft/libraries/net/minecraftforge/javafmllanguage/1.20.1-47.3.7/javafmllanguage-1.20.1-47.3.7.jar is missing mods.toml file
[09Jul2025 03:52:39.738] [main/WARN] [net.minecraftforge.fml.loading.moddiscovery.ModFileParser/LOADING]: Mod file /workspaces/Mundo-de-Mundos/servidor_minecraft/libraries/net/minecraftforge/lowcodelanguage/1.20.1-47.3.7/lowcodelanguage-1.20.1-47.3.7.jar is missing mods.toml file
[09Jul2025 03:52:39.739] [main/WARN] [net.minecraftforge.fml.loading.moddiscovery.ModFileParser/LOADING]: Mod file /workspaces/Mundo-de-Mundos/servidor_minecraft/libraries/net/minecraftforge/mclanguage/1.20.1-47.3.7/mclanguage-1.20.1-47.3.7.jar is missing mods.toml file
[09Jul2025 03:52:40.105] [main/WARN] [net.minecraftforge.jarjar.selection.JarSelector/]: Attempted to select two dependency jars from JarJar which have the same identification: Mod File:  and Mod File: . Using Mod File: 
[09Jul2025 03:52:40.107] [main/INFO] [net.minecraftforge.fml.loading.moddiscovery.JarInJarDependencyLocator/]: Found 12 dependencies adding them to mods collection
[09Jul2025 03:52:44.017] [main/INFO] [mixin/]: Compatibility level set to JAVA_17
[09Jul2025 03:52:44.352] [main/ERROR] [mixin/]: Mixin config dungeonsdelight.mixin.json does not specify "minVersion" property
[09Jul2025 03:52:44.376] [main/INFO] [cpw.mods.modlauncher.LaunchServiceHandler/MODLAUNCHER]: Launching target 'forgeserver' with arguments [nogui]
[09Jul2025 03:52:44.579] [main/WARN] [mixin/]: Reference map 'morevillagers-forge-forge-refmap.json' for morevillagers.mixins.json could not be read. If this is a development environment you can ignore this message
[09Jul2025 03:52:44.590] [main/WARN] [mixin/]: Reference map 'CerbonsAPI-Forge-1.20.1-forge-refmap.json' for cerbons_api.mixins.json could not be read. If this is a development environment you can ignore this message
[09Jul2025 03:52:44.614] [main/WARN] [mixin/]: Reference map 'enderitemod-forge-refmap.json' for enderitemod.mixins.json could not be read. If this is a development environment you can ignore this message
[09Jul2025 03:52:44.647] [main/WARN] [mixin/]: Reference map 'trashslot.refmap.json' for trashslot.mixins.json could not be read. If this is a development environment you can ignore this message
[09Jul2025 03:52:44.662] [main/WARN] [mixin/]: Reference map 'graveyard-FORGE-forge-refmap.json' for graveyard-forge.mixins.json could not be read. If this is a development environment you can ignore this message
[09Jul2025 03:52:44.688] [main/WARN] [mixin/]: Reference map 'mixins.call_of_yucutan.refmap.json' for mixins.call_of_yucutan.json could not be read. If this is a development environment you can ignore this message
[09Jul2025 03:52:44.708] [main/WARN] [mixin/]: Reference map 'puzzlesaccessapi.common.refmap.json' for puzzlesaccessapi.common.mixins.json could not be read. If this is a development environment you can ignore this message
[09Jul2025 03:52:44.721] [main/WARN] [mixin/]: Reference map 'mixins.sons_of_sins.refmap.json' for mixins.sons_of_sins.json could not be read. If this is a development environment you can ignore this message
[09Jul2025 03:52:44.770] [main/WARN] [mixin/]: Reference map 'farmersrespite.refmap.json' for farmersrespite.mixins.json could not be read. If this is a development environment you can ignore this message
[09Jul2025 03:52:44.842] [main/INFO] [Puzzles Lib/]: Loading 155 mods:
	- advancednetherite 2.1.3
	- alexscaves 2.0.2
	- alexscavesdelight 1.0.27-final
	- alexsmobs 1.22.9
	- alshanex_familiars 1.20.1_v1.1.2_HotFix
	- appleskin 2.5.1+mc1.20.1
	- aquaculture 2.5.5
	- aquaculturedelight 1.1.1
	- aquamirae 6.API15
	- aquamirae_delight 1.5.2
	- architectury 9.2.14
	- argentinas_delight 1.3
	- arphex 4.5.5
	- artifacts 9.5.16
		\-- expandability 9.0.4
	- attributefix 21.0.4
	- bagus_lib 1.20.1-5.3.0
	- balm 7.3.31
		\-- kuma_api 20.1.10
	- benssharks 1.2.7.1
	- betterdeserttemples 1.20-Forge-3.0.3
	- betterendisland 1.20-Forge-2.0.6
	- betterjungletemples 1.20-Forge-2.0.5
	- bettermineshafts 1.20-Forge-4.0.4
	- betteroceanmonuments 1.20-Forge-3.0.4
	- betterstrongholds 1.20-Forge-4.0.3
	- bettervillage 3.3.1
	- blue_skies 1.3.31
	- blueprint 7.1.3
	- bomd_addon 1.3.0
	- born_in_chaos_v1 1.7
	- bosses_of_mass_destruction 1.1.2
	- brewinandchewin 1.20.1-3.2.1
	- brutalbosses 1.20.1-8.2
	- caelus 3.2.0+1.20.1
	- call_of_yucutan 1.0.13
	- carryon 2.1.2.7
	- castle_in_the_sky 1.20.1
	- cataclysm 3.03
	- cerbons_api 1.1.0
	- citadel 2.6.0
	- cloth_config 11.1.136
	- clumps 12.0.0.4
	- conjurer_illager 1.1.6
	- cosmeticarmorreworked 1.20.1-v1a
	- create 6.0.6
		|-- flywheel 1.0.4
		\-- ponder 1.0.80
	- create_enchantment_industry 1.3.3-for-create-6.0.6
	- create_numismatics_crafts 1.0.0
	- createutilities 0.3.2+1.20.1
	- creativecore 2.12.32
	- cristellib 1.1.6
	- crittersandcompanions 2.2.2
	- cupboard 1.20.1-2.7
	- curios 5.14.1+1.20.1
	- deeperdarker 1.3.3
	- domesticationinnovation 1.7.1
	- dummmmmmy 1.20-2.0.7
	- dungeoncrawl 2.3.15
	- dungeons_arise 2.1.58-1.20.x
	- dungeons_arise_seven_seas 1.0.2
	- dungeonsdelight 1.1.3
	- ecologics 2.2.0
	- elevatorid 1.20.1-lex-1.9
	- elysium_api 1.1.3
	- emotecraft 2.2.7-b.build.50
	- enchantinginfuser 8.0.3
	- enchantwithmob 1.20.1-11.17.0
	- ender_dragon_loot 1.0.0
	- enderitemod 1.5.1
	- endrem 5.3.3-R-1.20.1
	- ends_delight 2.5.1+forge.1.20.1
	- farmersdelight 1.20.1-1.2.8
	- farmersrespite 1.20.1-2.1
	- forge 47.3.7
	- framework 0.7.15
	- geckolib 4.7.1.3
	- goblintraders 1.9.3
	- gravestone 1.20.1-1.0.24
	- graveyard 3.1
	- guardvillagers 1.20.1-1.6.10
	- ice_and_fire_delight 0.2.3
	- iceandfire 2.1.13-1.20.1
	- illageandspillage 1.2.8
	- inka 1.0.0
	- irons_spellbooks 1.20.1-3.4.0.9
	- itemproductionlib 1.0.2a
	- jade 11.13.1+forge
	- jeed 1.20-2.2.5
	- jei 15.20.0.112
	- jeresources 1.4.0.247
	- journeymap 5.10.3
	- legendary_monsters 1.20.1
	- libraryferret 4.0.0
	- lionfishapi 2.4-Fix
	- meetyourfight 1.20.1-1.4.4
	- minecraft 1.20.1
	- miners_delight 1.20.1-1.2.3
	- mofus_better_end_ 1.0.0
	- moonlight 1.20-2.14.4
	- morevillagers 5.0.0
	- mowziesmobs 1.7.3
	- mr_limesplatus_ending 1-v1.1.0c
	- mr_lukis_grandcapitals 1.1.1
	- mss 1.2.7-1.20-forge
	- mynethersdelight 1.20.1-1.7.5
	- netherexp 2.3.3
	- nordic_structures 1.6.9
	- numismatics 1.0.15+forge-mc1.20.1
	- obscure_api 15
	- oceanic_delight 1.0.3
	- paraglider 20.1.3
	- pizzadelight 1.0.0
	- playeranimator 1.0.2-rc1+1.20
	- playerrevive 2.0.31
	- puzzleslib 8.1.32
		|-- mixinextras 0.4.1
		\-- puzzlesaccessapi 20.1.1
	- refurbished_furniture 1.0.14
	- remnant_ossukage 1.0.4
	- ribbits 1.20.1-Forge-3.0.4
	- rpg_companions_tiny_dragons 0.0.5
	- runiclib 4.3.2
	- rusticdelight 1.4.1
	- savage_and_ravage 6.0.0
	- securitycraft 1.10.0.1
	- skilltree 0.6.14a
	- skyarena 1.2.7
	- some_assembly_required 1.20.1-4.2.0
	- sons_of_sins 2.1.8
	- sophisticatedbackpacks 3.23.19.1251
	- sophisticatedcore 1.2.69.1005
	- sophisticatedstorage 1.3.50.1177
	- stalwart_dungeons 1.2.8
	- storagedrawers 12.9.14
	- structure_gel 2.16.2
	- t_and_t 0.0NONE
	- takesapillage 1.0.3
	- tarotcards 1.20-1.7.0
	- terralith 2.5.4
	- thalassophobia 1.0.0
	- toms_storage 1.7.1
	- trashslot 15.1.2
	- twilightdelight 2.0.15
		\-- l2library 2.4.16
	- twilightforest 4.3.2508
	- undead_revamp2 1.0.0
	- villagergolemhealer 1.0.0
	- vinery 1.4.39
	- waystones 14.1.13
	- whisperwoods 1.20.1-2.1.2
	- wwoo_forge 2.0.0
	- xpbook 2.2.1
	- yungsapi 1.20-Forge-4.0.6
[09Jul2025 03:52:44.865] [main/WARN] [mixin/]: Reference map 'Aquamirae.refmap.json' for aquamirae.mixins.json could not be read. If this is a development environment you can ignore this message
[09Jul2025 03:52:44.871] [main/WARN] [mixin/]: Reference map 'cristellib-forge-refmap.json' for cristellib.mixins.json could not be read. If this is a development environment you can ignore this message
[09Jul2025 03:52:46.206] [main/WARN] [mixin/]: Error loading class: net/minecraft/client/renderer/entity/PhantomRenderer (java.lang.ClassNotFoundException: net.minecraft.client.renderer.entity.PhantomRenderer)
[09Jul2025 03:52:46.207] [main/WARN] [mixin/]: @Mixin target net.minecraft.client.renderer.entity.PhantomRenderer was not found mixins.deeperdarker.json:PhantomRendererMixin
[09Jul2025 03:52:46.890] [main/WARN] [mixin/]: Error loading class: tfar/davespotioneering/blockentity/AdvancedBrewingStandBlockEntity (java.lang.ClassNotFoundException: tfar.davespotioneering.blockentity.AdvancedBrewingStandBlockEntity)
[09Jul2025 03:52:46.890] [main/WARN] [mixin/]: @Mixin target tfar.davespotioneering.blockentity.AdvancedBrewingStandBlockEntity was not found itemproductionlib.mixins.json:davespotioneering/AdvancedBrewingStandBlockEntityMixin
[09Jul2025 03:52:46.895] [main/WARN] [mixin/]: Error loading class: fuzs/visualworkbench/world/inventory/ModCraftingMenu (java.lang.ClassNotFoundException: fuzs.visualworkbench.world.inventory.ModCraftingMenu)
[09Jul2025 03:52:46.895] [main/WARN] [mixin/]: @Mixin target fuzs.visualworkbench.world.inventory.ModCraftingMenu was not found itemproductionlib.mixins.json:visualworkbench/ModCraftingMenuMixin
[09Jul2025 03:52:46.921] [main/WARN] [mixin/]: Error loading class: fuzs/easymagic/world/inventory/ModEnchantmentMenu (java.lang.ClassNotFoundException: fuzs.easymagic.world.inventory.ModEnchantmentMenu)
[09Jul2025 03:52:46.921] [main/WARN] [mixin/]: @Mixin target fuzs.easymagic.world.inventory.ModEnchantmentMenu was not found skilltree.mixins.json:easymagic/ModEnchantmentMenuMixin
[09Jul2025 03:52:46.925] [main/WARN] [mixin/]: Error loading class: dev/shadowsoffire/apotheosis/ench/table/ApothEnchantmentMenu (java.lang.ClassNotFoundException: dev.shadowsoffire.apotheosis.ench.table.ApothEnchantmentMenu)
[09Jul2025 03:52:46.926] [main/WARN] [mixin/]: @Mixin target dev.shadowsoffire.apotheosis.ench.table.ApothEnchantmentMenu was not found skilltree.mixins.json:apotheosis/ApothEnchantContainerMixin
[09Jul2025 03:52:46.930] [main/WARN] [mixin/]: Error loading class: dev/shadowsoffire/apotheosis/adventure/socket/SocketingRecipe (java.lang.ClassNotFoundException: dev.shadowsoffire.apotheosis.adventure.socket.SocketingRecipe)
[09Jul2025 03:52:46.930] [main/WARN] [mixin/]: @Mixin target dev.shadowsoffire.apotheosis.adventure.socket.SocketingRecipe was not found skilltree.mixins.json:apotheosis/SocketingRecipeMixin
[09Jul2025 03:52:46.934] [main/WARN] [mixin/]: Error loading class: dev/shadowsoffire/apotheosis/adventure/socket/gem/bonus/AttributeBonus (java.lang.ClassNotFoundException: dev.shadowsoffire.apotheosis.adventure.socket.gem.bonus.AttributeBonus)
[09Jul2025 03:52:46.934] [main/WARN] [mixin/]: @Mixin target dev.shadowsoffire.apotheosis.adventure.socket.gem.bonus.AttributeBonus was not found skilltree.mixins.json:apotheosis/AttributeBonusMixin
[09Jul2025 03:52:46.938] [main/WARN] [mixin/]: Error loading class: dev/shadowsoffire/apotheosis/adventure/socket/gem/bonus/EnchantmentBonus (java.lang.ClassNotFoundException: dev.shadowsoffire.apotheosis.adventure.socket.gem.bonus.EnchantmentBonus)
[09Jul2025 03:52:46.938] [main/WARN] [mixin/]: @Mixin target dev.shadowsoffire.apotheosis.adventure.socket.gem.bonus.EnchantmentBonus was not found skilltree.mixins.json:apotheosis/EnchantmentBonusMixin
[09Jul2025 03:52:47.169] [main/WARN] [mixin/]: Error loading class: net/mehvahdjukaar/amendments/events/behaviors/InteractEvents (java.lang.ClassNotFoundException: net.mehvahdjukaar.amendments.events.behaviors.InteractEvents)
[09Jul2025 03:52:47.169] [main/WARN] [mixin/]: @Mixin target net.mehvahdjukaar.amendments.events.behaviors.InteractEvents was not found mynethersdelight.mixins.json:amendments.InteractEventsMixin
[09Jul2025 03:52:47.180] [main/WARN] [mixin/]: Error loading class: com/eeeab/eeeabsmobs/sever/entity/corpse/EntityCorpseWarlock (java.lang.ClassNotFoundException: com.eeeab.eeeabsmobs.sever.entity.corpse.EntityCorpseWarlock)
[09Jul2025 03:52:47.183] [main/WARN] [mixin/]: Error loading class: com/eeeab/eeeabsmobs/sever/entity/guling/EntityGulingSentinelHeavy (java.lang.ClassNotFoundException: com.eeeab.eeeabsmobs.sever.entity.guling.EntityGulingSentinelHeavy)
[09Jul2025 03:52:47.522] [main/INFO] [MixinExtras|Service/]: Initializing MixinExtras via com.llamalad7.mixinextras.service.MixinExtrasServiceImpl(version=0.4.1).
[09Jul2025 03:52:49.306] [main/WARN] [mixin/]: @Inject(@At("INVOKE")) Shift.BY=1 on crittersandcompanions.mixins.json:LivingEntityMixin::handler$bko000$onDie exceeds the maximum allowed value: 0. Increase the value of maxShiftBy to suppress this warning.
[09Jul2025 03:52:54.338] [main/WARN] [mixin/]: @Final field f_26027_:Lnet/minecraft/world/entity/ai/targeting/TargetingConditions; in guardvillagers.mixins.json:DefendVillageGoalGolemMixin should be final
[09Jul2025 03:52:54.647] [main/WARN] [mixin/]: @Inject(@At("INVOKE_ASSIGN")) Shift.BY=2 on refurbished_furniture.common.mixins.json:LevelChunkMixin::handler$zli000$refurbishedFurniture$AfterRemoveBlockEntity exceeds the maximum allowed value: 0. Increase the value of maxShiftBy to suppress this warning.
[09Jul2025 03:52:55.696] [main/WARN] [mixin/]: Mixin alexscaves.mixins.json:SwampHutPieceMixin has multiple constructors, (Lnet/minecraft/world/level/levelgen/structure/pieces/StructurePieceType;IIIIIILnet/minecraft/core/Direction;)V was selected

[09Jul2025 03:52:56.341] [Modding Legacy/blue_skies/Supporters thread/INFO] [ModdingLegacy/blue_skies/Supporter/]: Attempting to load the Modding Legacy supporters list from https://moddinglegacy.com/supporters-changelogs/supporters.txt
[09Jul2025 03:52:57.071] [modloading-worker-0/WARN] [net.minecraftforge.common.ForgeConfigSpec/CORE]: Configuration file /workspaces/Mundo-de-Mundos/servidor_minecraft/config/guardvillagers-common.toml is not correct. Correcting
[09Jul2025 03:52:57.225] [modloading-worker-0/INFO] [Create: Numismatics/]: Create: Numismatics 1.0.15+forge-mc1.20.1 initializing! Create version: 6.0.6 on platform: FORGE
[09Jul2025 03:52:57.390] [Modding Legacy/blue_skies/Supporters thread/INFO] [ModdingLegacy/blue_skies/Supporter/]: Successfully loaded the Modding Legacy supporters list.
[09Jul2025 03:52:57.447] [modloading-worker-0/INFO] [Create: Numismatics/]: Registering items for Create: Numismatics
[09Jul2025 03:52:57.684] [modloading-worker-0/INFO] [Create: Numismatics/]: Registering blocks for Create: Numismatics
[09Jul2025 03:52:58.210] [modloading-worker-0/INFO] [com.autovw.advancednetherite.AdvancedNetherite/]: Initializing platform helper for Advanced Netherite!
[09Jul2025 03:52:58.626] [modloading-worker-0/WARN] [yungsapi/]: WARNING: block Block{minecraft:gold_ore} added to BlockStateRandomizer exceeds max probabiltiy of 1!
[09Jul2025 03:52:58.923] [modloading-worker-0/INFO] [dev.architectury.networking.forge.NetworkManagerImpl/]: Registering C2S receiver with id architectury:sync_ids
[09Jul2025 03:52:59.012] [modloading-worker-0/INFO] [com.cupboard.Cupboard/]: Loaded config for: cupboard.json
[09Jul2025 03:52:59.519] [modloading-worker-0/INFO] [de.cristelknight999.wwoo_forge.wwoo_forge/]: Enabling William Wythers' Overhauled Overworld [FORGE]
[09Jul2025 03:52:59.553] [modloading-worker-0/INFO] [Puzzles Lib/]: Constructing common components for enchantinginfuser:main
[09Jul2025 03:52:59.937] [modloading-worker-0/INFO] [com.jtorleonstudios.libraryferret.LibraryFerret/]: Initialize mod Library Ferret
[09Jul2025 03:52:59.976] [modloading-worker-0/INFO] [com.jtorleonstudios.libraryferret.LibraryFerret/]: Initialized mod Library Ferret
[09Jul2025 03:52:59.993] [modloading-worker-0/ERROR] [net.minecraftforge.eventbus.EventSubclassTransformer/EVENTBUS]: Could not find parent net/minecraft/client/renderer/entity/layers/RenderLayer for class com/obscuria/obscureapi/client/renderer/PatreonLayer in classloader cpw.mods.modlauncher.TransformingClassLoader@5002fde9 on thread Thread[modloading-worker-0,5,main]
[09Jul2025 03:52:59.997] [modloading-worker-0/ERROR] [net.minecraftforge.eventbus.EventSubclassTransformer/EVENTBUS]: An error occurred building event handler
java.lang.ClassNotFoundException: net.minecraft.client.renderer.entity.layers.RenderLayer
	at cpw.mods.cl.ModuleClassLoader.loadClass(ModuleClassLoader.java:141) ~[securejarhandler-2.1.10.jar:?]
	at java.lang.ClassLoader.loadClass(ClassLoader.java:525) ~[?:?]
	at net.minecraftforge.eventbus.EventSubclassTransformer.buildEvents(EventSubclassTransformer.java:97) ~[eventbus-6.0.5.jar%2352!/:?]
	at net.minecraftforge.eventbus.EventSubclassTransformer.transform(EventSubclassTransformer.java:48) ~[eventbus-6.0.5.jar%2352!/:?]
	at net.minecraftforge.eventbus.EventBusEngine.processClass(EventBusEngine.java:26) ~[eventbus-6.0.5.jar%2352!/:?]
	at net.minecraftforge.eventbus.service.ModLauncherService.processClassWithFlags(ModLauncherService.java:32) ~[eventbus-6.0.5.jar%2352!/:6.0.5+6.0.5+master.eb8e549b]
	at cpw.mods.modlauncher.LaunchPluginHandler.offerClassNodeToPlugins(LaunchPluginHandler.java:88) ~[modlauncher-10.0.9.jar%2355!/:?]
	at cpw.mods.modlauncher.ClassTransformer.transform(ClassTransformer.java:120) ~[modlauncher-10.0.9.jar%2355!/:?]
	at cpw.mods.modlauncher.TransformingClassLoader.maybeTransformClassBytes(TransformingClassLoader.java:50) ~[modlauncher-10.0.9.jar%2355!/:?]
	at cpw.mods.cl.ModuleClassLoader.readerToClass(ModuleClassLoader.java:113) ~[securejarhandler-2.1.10.jar:?]
	at cpw.mods.cl.ModuleClassLoader.lambda$findClass$15(ModuleClassLoader.java:219) ~[securejarhandler-2.1.10.jar:?]
	at cpw.mods.cl.ModuleClassLoader.loadFromModule(ModuleClassLoader.java:229) ~[securejarhandler-2.1.10.jar:?]
	at cpw.mods.cl.ModuleClassLoader.findClass(ModuleClassLoader.java:219) ~[securejarhandler-2.1.10.jar:?]
	at cpw.mods.cl.ModuleClassLoader.loadClass(ModuleClassLoader.java:135) ~[securejarhandler-2.1.10.jar:?]
	at java.lang.ClassLoader.loadClass(ClassLoader.java:525) ~[?:?]
	at java.lang.ClassLoader.defineClass0(Native Method) ~[?:?]
	at java.lang.System$2.defineClass(System.java:2324) ~[?:?]
	at java.lang.invoke.MethodHandles$Lookup$ClassDefiner.defineClass(MethodHandles.java:2439) ~[?:?]
	at java.lang.invoke.MethodHandles$Lookup$ClassDefiner.defineClassAsLookup(MethodHandles.java:2420) ~[?:?]
	at java.lang.invoke.MethodHandles$Lookup.defineHiddenClass(MethodHandles.java:2127) ~[?:?]
	at java.lang.invoke.InnerClassLambdaMetafactory.generateInnerClass(InnerClassLambdaMetafactory.java:407) ~[?:?]
	at java.lang.invoke.InnerClassLambdaMetafactory.spinInnerClass(InnerClassLambdaMetafactory.java:315) ~[?:?]
	at java.lang.invoke.InnerClassLambdaMetafactory.buildCallSite(InnerClassLambdaMetafactory.java:228) ~[?:?]
	at java.lang.invoke.LambdaMetafactory.metafactory(LambdaMetafactory.java:341) ~[?:?]
	at java.lang.invoke.BootstrapMethodInvoker.invoke(BootstrapMethodInvoker.java:134) ~[?:?]
	at java.lang.invoke.CallSite.makeSite(CallSite.java:315) ~[?:?]
	at java.lang.invoke.MethodHandleNatives.linkCallSiteImpl(MethodHandleNatives.java:281) ~[?:?]
	at java.lang.invoke.MethodHandleNatives.linkCallSite(MethodHandleNatives.java:271) ~[?:?]
	at com.obscuria.obscureapi.client.renderer.PatreonLayer$Mode.<clinit>(PatreonLayer.java:55) ~[obscure_api-15.jar%23343!/:com.obscuria]
	at com.obscuria.obscureapi.ObscureAPIConfig$Client.<clinit>(ObscureAPIConfig.java:28) ~[obscure_api-15.jar%23343!/:com.obscuria]
	at com.obscuria.obscureapi.ObscureAPIConfig.register(ObscureAPIConfig.java:46) ~[obscure_api-15.jar%23343!/:com.obscuria]
	at com.obscuria.obscureapi.ObscureAPI.<init>(ObscureAPI.java:69) ~[obscure_api-15.jar%23343!/:com.obscuria]
	at jdk.internal.reflect.NativeConstructorAccessorImpl.newInstance0(Native Method) ~[?:?]
	at jdk.internal.reflect.NativeConstructorAccessorImpl.newInstance(NativeConstructorAccessorImpl.java:77) ~[?:?]
	at jdk.internal.reflect.DelegatingConstructorAccessorImpl.newInstance(DelegatingConstructorAccessorImpl.java:45) ~[?:?]
	at java.lang.reflect.Constructor.newInstanceWithCaller(Constructor.java:500) ~[?:?]
	at java.lang.reflect.Constructor.newInstance(Constructor.java:481) ~[?:?]
	at net.minecraftforge.fml.javafmlmod.FMLModContainer.constructMod(FMLModContainer.java:70) ~[javafmllanguage-1.20.1-47.3.7.jar%23395!/:?]
	at net.minecraftforge.fml.ModContainer.lambda$buildTransitionHandler$4(ModContainer.java:124) ~[fmlcore-1.20.1-47.3.7.jar%23394!/:?]
	at java.util.concurrent.CompletableFuture$AsyncRun.run(CompletableFuture.java:1804) ~[?:?]
	at java.util.concurrent.CompletableFuture$AsyncRun.exec(CompletableFuture.java:1796) ~[?:?]
	at java.util.concurrent.ForkJoinTask.doExec(ForkJoinTask.java:373) ~[?:?]
	at java.util.concurrent.ForkJoinPool$WorkQueue.topLevelExec(ForkJoinPool.java:1182) ~[?:?]
	at java.util.concurrent.ForkJoinPool.scan(ForkJoinPool.java:1655) ~[?:?]
	at java.util.concurrent.ForkJoinPool.runWorker(ForkJoinPool.java:1622) ~[?:?]
	at java.util.concurrent.ForkJoinWorkerThread.run(ForkJoinWorkerThread.java:165) ~[?:?]
[09Jul2025 03:53:00.004] [modloading-worker-0/ERROR] [net.minecraftforge.fml.loading.RuntimeDistCleaner/DISTXFORM]: Attempted to load class com/obscuria/obscureapi/client/renderer/PatreonLayer for invalid dist DEDICATED_SERVER
[09Jul2025 03:53:00.183] [modloading-worker-0/INFO] [Dungeon Crawl/]: Here we go! Launching Dungeon Crawl 2.3.15...
[09Jul2025 03:53:00.208] [modloading-worker-0/INFO] [dev.architectury.networking.forge.NetworkManagerImpl/]: Registering C2S receiver with id artifacts:networking_channel/42a7ad70b1cc371599a0eff744096b8a
[09Jul2025 03:53:00.212] [modloading-worker-0/INFO] [dev.architectury.networking.forge.NetworkManagerImpl/]: Registering C2S receiver with id artifacts:networking_channel/74a5e841822a3a87854ae896a33430d6
[09Jul2025 03:53:00.216] [modloading-worker-0/INFO] [dev.architectury.networking.forge.NetworkManagerImpl/]: Registering C2S receiver with id artifacts:networking_channel/eb3d1e2748533430848cadf0f37c7e9c
[09Jul2025 03:53:00.218] [modloading-worker-0/INFO] [dev.architectury.networking.forge.NetworkManagerImpl/]: Registering C2S receiver with id artifacts:networking_channel/91c8520f19f93b3e8b6a727568e194ab
[09Jul2025 03:53:00.219] [modloading-worker-0/INFO] [dev.architectury.networking.forge.NetworkManagerImpl/]: Registering C2S receiver with id artifacts:networking_channel/8c2784d778293fd482ed84b8aa5fedb9
[09Jul2025 03:53:00.223] [modloading-worker-0/INFO] [dev.architectury.networking.forge.NetworkManagerImpl/]: Registering C2S receiver with id artifacts:networking_channel/ea038224ea783d40b2863f52239e2604
[09Jul2025 03:53:00.224] [modloading-worker-0/INFO] [dev.architectury.networking.forge.NetworkManagerImpl/]: Registering C2S receiver with id artifacts:networking_channel/97ad64b7ecaf33209991c4f031501a58
[09Jul2025 03:53:00.288] [modloading-worker-0/INFO] [graveyard/]: Registered JSON trade offer adapter.
[09Jul2025 03:53:00.382] [modloading-worker-0/INFO] [betterdeserttemples/]: Creating directory for additional Better Desert Temples configuration at /workspaces/Mundo-de-Mundos/servidor_minecraft/config/betterdeserttemples/forge-1_20
[09Jul2025 03:53:00.610] [modloading-worker-0/INFO] [net.minecraftforge.common.ForgeMod/FORGEMOD]: Forge mod loading, version 47.3.7, for MC 1.20.1 with MCP 20230612.114412
[09Jul2025 03:53:00.611] [modloading-worker-0/INFO] [net.minecraftforge.common.MinecraftForge/FORGE]: MinecraftForge v47.3.7 Initialized
[09Jul2025 03:53:02.878] [modloading-worker-0/INFO] [com.simibubi.create.Create/]: Create 6.0.6 initializing! Commit hash: 338bfa0aec952fa51656e8f61bd621ca9b3b2e00
[09Jul2025 03:53:02.896] [modloading-worker-0/INFO] [dev.architectury.networking.forge.NetworkManagerImpl/]: Registering C2S receiver with id whisperwoods:main_channel/cdff7a8a5b4f3f218b5f77ef22e66016
[09Jul2025 03:53:02.903] [modloading-worker-0/INFO] [dev.architectury.networking.forge.NetworkManagerImpl/]: Registering C2S receiver with id whisperwoods:main_channel/773a011a51b630fba84ab824165fbd92
[09Jul2025 03:53:02.903] [modloading-worker-0/INFO] [dev.itsmeow.whisperwoods.WhisperwoodsMod/]: Spooking you...
[09Jul2025 03:53:03.963] [modloading-worker-0/INFO] [Puzzles Lib/]: Constructing common components for puzzleslib:main
[09Jul2025 03:53:04.031] [modloading-worker-0/INFO] [be.florens.expandability.ExpandAbility/]: ExpandAbility here, who dis?
[09Jul2025 03:53:13.145] [main/WARN] [dev.architectury.registry.registries.forge.RegistrarManagerImpl/]: Registry entry listened Registry Entry [minecraft:entity_type / artifacts:mimic] was not realized!
[09Jul2025 03:53:13.145] [main/WARN] [dev.architectury.registry.registries.forge.RegistrarManagerImpl/]: Registry entry listened Registry Entry [minecraft:entity_type / artifacts:mimic] was not realized!
[09Jul2025 03:53:13.623] [main/INFO] [Moonlight/]: Initialized block sets in 29ms
[09Jul2025 03:53:14.936] [main/INFO] [ModdingLegacy/StructureGel/]: [structure_gel] Registering data for structure_gel:loot_table_alias
[09Jul2025 03:53:14.947] [main/INFO] [ModdingLegacy/StructureGel/]: [structure_gel] Registering data for structure_gel:data_handler_type
[09Jul2025 03:53:14.950] [main/INFO] [ModdingLegacy/StructureGel/]: [structure_gel] Registering data for structure_gel:dynamic_spawner
[09Jul2025 03:53:14.952] [main/INFO] [ModdingLegacy/StructureGel/]: [structure_gel] Registering data for structure_gel:jigsaw_type
[09Jul2025 03:53:15.282] [main/WARN] [net.minecraft.network.syncher.SynchedEntityData/]: defineId called for: class net.mcreator.borninchaosv.entity.BabySpiderEntity from class net.mcreator.borninchaosv.entity.MotherSpiderEntity
[09Jul2025 03:53:15.294] [main/WARN] [net.minecraft.network.syncher.SynchedEntityData/]: defineId called for: class com.github.alexmodguy.alexscaves.server.entity.living.TremorzillaEntity from class com.github.alexmodguy.alexscaves.server.entity.living.LicowitchEntity
[09Jul2025 03:53:15.321] [main/WARN] [net.minecraft.network.syncher.SynchedEntityData/]: defineId called for: class net.miauczel.legendary_monsters.entity.custom.Cloud_GolemEntity from class net.miauczel.legendary_monsters.entity.AnimatedMonster.OriginClasses.IAnimatedBoss
[09Jul2025 03:53:15.321] [main/WARN] [net.minecraft.network.syncher.SynchedEntityData/]: defineId called for: class net.miauczel.legendary_monsters.entity.custom.Cloud_GolemEntity from class net.miauczel.legendary_monsters.entity.AnimatedMonster.OriginClasses.IAnimatedBoss
[09Jul2025 03:53:15.321] [main/WARN] [net.minecraft.network.syncher.SynchedEntityData/]: defineId called for: class net.miauczel.legendary_monsters.entity.custom.Cloud_GolemEntity from class net.miauczel.legendary_monsters.entity.AnimatedMonster.OriginClasses.IAnimatedBoss
[09Jul2025 03:53:15.324] [main/WARN] [net.minecraft.network.syncher.SynchedEntityData/]: defineId called for: class net.miauczel.legendary_monsters.entity.custom.Shulker_MimicEntity from class net.miauczel.legendary_monsters.entity.custom.OldShulkerMimic
[09Jul2025 03:53:15.411] [main/WARN] [net.minecraftforge.common.ForgeConfigSpec/CORE]: Configuration file /workspaces/Mundo-de-Mundos/servidor_minecraft/config/guardvillagers-common.toml is not correct. Correcting
[09Jul2025 03:53:15.413] [Thread-2/WARN] [net.minecraftforge.fml.config.ConfigFileTypeHandler/CONFIG]: Configuration file /workspaces/Mundo-de-Mundos/servidor_minecraft/config/guardvillagers-common.toml is not correct. Correcting
[09Jul2025 03:53:15.598] [main/WARN] [yungsapi/]: WARNING: block Block{minecraft:gold_ore} added to BlockStateRandomizer exceeds max probabiltiy of 1!
[09Jul2025 03:53:15.606] [main/INFO] [com.tom.storagemod.StorageMod/]: Loaded Tom's Simple Storage config file toms_storage-common.toml
[09Jul2025 03:53:15.614] [main/WARN] [net.minecraftforge.common.ForgeConfigSpec/CORE]: Configuration file /workspaces/Mundo-de-Mundos/servidor_minecraft/config/bettermineshafts-forge-1_20.toml is not correct. Correcting
[09Jul2025 03:53:15.615] [main/WARN] [net.minecraftforge.common.ForgeConfigSpec/CORE]: Incorrect key YUNG's Better Mineshafts was corrected from null to its default, SimpleCommentedConfig:{}. 
[09Jul2025 03:53:15.616] [main/WARN] [net.minecraftforge.common.ForgeConfigSpec/CORE]: Incorrect key YUNG's Better Mineshafts.Disable Vanilla Mineshafts was corrected from null to its default, true. 
[09Jul2025 03:53:15.616] [main/WARN] [net.minecraftforge.common.ForgeConfigSpec/CORE]: Incorrect key YUNG's Better Mineshafts.Minimum y-coordinate was corrected from null to its default, -55. 
[09Jul2025 03:53:15.617] [main/WARN] [net.minecraftforge.common.ForgeConfigSpec/CORE]: Incorrect key YUNG's Better Mineshafts.Maximum y-coordinate was corrected from null to its default, 30. 
[09Jul2025 03:53:15.617] [main/WARN] [net.minecraftforge.common.ForgeConfigSpec/CORE]: Incorrect key YUNG's Better Mineshafts.Ore Deposits was corrected from null to its default, SimpleCommentedConfig:{}. 
[09Jul2025 03:53:15.617] [main/WARN] [net.minecraftforge.common.ForgeConfigSpec/CORE]: Incorrect key YUNG's Better Mineshafts.Ore Deposits.Enable Ore Deposits was corrected from null to its default, true. 
[09Jul2025 03:53:15.618] [main/WARN] [net.minecraftforge.common.ForgeConfigSpec/CORE]: Incorrect key YUNG's Better Mineshafts.Ore Deposits.Cobble Spawn Chance (Empty Deposit) was corrected from null to its default, 50. 
[09Jul2025 03:53:15.618] [main/WARN] [net.minecraftforge.common.ForgeConfigSpec/CORE]: Incorrect key YUNG's Better Mineshafts.Ore Deposits.Coal Spawn Chance was corrected from null to its default, 20. 
[09Jul2025 03:53:15.618] [main/WARN] [net.minecraftforge.common.ForgeConfigSpec/CORE]: Incorrect key YUNG's Better Mineshafts.Ore Deposits.Iron Spawn Chance was corrected from null to its default, 9. 
[09Jul2025 03:53:15.618] [main/WARN] [net.minecraftforge.common.ForgeConfigSpec/CORE]: Incorrect key YUNG's Better Mineshafts.Ore Deposits.Redstone Spawn Chance was corrected from null to its default, 7. 
[09Jul2025 03:53:15.619] [main/WARN] [net.minecraftforge.common.ForgeConfigSpec/CORE]: Incorrect key YUNG's Better Mineshafts.Ore Deposits.Gold Spawn Chance was corrected from null to its default, 7. 
[09Jul2025 03:53:15.619] [main/WARN] [net.minecraftforge.common.ForgeConfigSpec/CORE]: Incorrect key YUNG's Better Mineshafts.Ore Deposits.Lapis Spawn Chance was corrected from null to its default, 3. 
[09Jul2025 03:53:15.619] [main/WARN] [net.minecraftforge.common.ForgeConfigSpec/CORE]: Incorrect key YUNG's Better Mineshafts.Ore Deposits.Emerald Spawn Chance was corrected from null to its default, 3. 
[09Jul2025 03:53:15.620] [main/WARN] [net.minecraftforge.common.ForgeConfigSpec/CORE]: Incorrect key YUNG's Better Mineshafts.Ore Deposits.Diamond Spawn Chance was corrected from null to its default, 1. 
[09Jul2025 03:53:15.620] [main/WARN] [net.minecraftforge.common.ForgeConfigSpec/CORE]: Incorrect key YUNG's Better Mineshafts.Spawn Rates & More was corrected from null to its default, SimpleCommentedConfig:{}. 
[09Jul2025 03:53:15.620] [main/WARN] [net.minecraftforge.common.ForgeConfigSpec/CORE]: Incorrect key YUNG's Better Mineshafts.Spawn Rates & More.Lantern Spawn Rate was corrected from null to its default, 0.0067. 
[09Jul2025 03:53:15.621] [main/WARN] [net.minecraftforge.common.ForgeConfigSpec/CORE]: Incorrect key YUNG's Better Mineshafts.Spawn Rates & More.Torch Spawn Rate was corrected from null to its default, 0.02. 
[09Jul2025 03:53:15.621] [main/WARN] [net.minecraftforge.common.ForgeConfigSpec/CORE]: Incorrect key YUNG's Better Mineshafts.Spawn Rates & More.Workstation Spawn Rate was corrected from null to its default, 0.025. 
[09Jul2025 03:53:15.621] [main/WARN] [net.minecraftforge.common.ForgeConfigSpec/CORE]: Incorrect key YUNG's Better Mineshafts.Spawn Rates & More.Workstation Cellar Spawn Rate was corrected from null to its default, 0.25. 
[09Jul2025 03:53:15.621] [main/WARN] [net.minecraftforge.common.ForgeConfigSpec/CORE]: Incorrect key YUNG's Better Mineshafts.Spawn Rates & More.Small Shaft Spawn Rate was corrected from null to its default, 0.07. 
[09Jul2025 03:53:15.622] [main/WARN] [net.minecraftforge.common.ForgeConfigSpec/CORE]: Incorrect key YUNG's Better Mineshafts.Spawn Rates & More.Cobweb Spawn Rate was corrected from null to its default, 0.15. 
[09Jul2025 03:53:15.622] [main/WARN] [net.minecraftforge.common.ForgeConfigSpec/CORE]: Incorrect key YUNG's Better Mineshafts.Spawn Rates & More.Small Shaft Chest Minecart Spawn Rate was corrected from null to its default, 0.00125. 
[09Jul2025 03:53:15.623] [main/WARN] [net.minecraftforge.common.ForgeConfigSpec/CORE]: Incorrect key YUNG's Better Mineshafts.Spawn Rates & More.Small Shaft TNT Minecart Spawn Rate was corrected from null to its default, 0.0025. 
[09Jul2025 03:53:15.623] [main/WARN] [net.minecraftforge.common.ForgeConfigSpec/CORE]: Incorrect key YUNG's Better Mineshafts.Spawn Rates & More.Main Shaft Chest Minecart Spawn Rate was corrected from null to its default, 0.01. 
[09Jul2025 03:53:15.623] [main/WARN] [net.minecraftforge.common.ForgeConfigSpec/CORE]: Incorrect key YUNG's Better Mineshafts.Spawn Rates & More.Main Shaft TNT Minecart Spawn Rate was corrected from null to its default, 0.0025. 
[09Jul2025 03:53:15.623] [main/WARN] [net.minecraftforge.common.ForgeConfigSpec/CORE]: Incorrect key YUNG's Better Mineshafts.Spawn Rates & More.Abandoned Miners' Outpost Spawn Chance was corrected from null to its default, 2. 
[09Jul2025 03:53:15.624] [main/WARN] [net.minecraftforge.common.ForgeConfigSpec/CORE]: Incorrect key YUNG's Better Mineshafts.Spawn Rates & More.Small Shaft Piece Chain Length was corrected from null to its default, 9. 
[09Jul2025 03:53:15.627] [main/WARN] [net.minecraftforge.common.ForgeConfigSpec/CORE]: Configuration file /workspaces/Mundo-de-Mundos/servidor_minecraft/config/betterjungletemples-forge-1_20.toml is not correct. Correcting
[09Jul2025 03:53:15.628] [main/WARN] [net.minecraftforge.common.ForgeConfigSpec/CORE]: Incorrect key YUNG's Better Jungle Temples was corrected from null to its default, SimpleCommentedConfig:{}. 
[09Jul2025 03:53:15.628] [main/WARN] [net.minecraftforge.common.ForgeConfigSpec/CORE]: Incorrect key YUNG's Better Jungle Temples.General was corrected from null to its default, SimpleCommentedConfig:{}. 
[09Jul2025 03:53:15.629] [main/WARN] [net.minecraftforge.common.ForgeConfigSpec/CORE]: Incorrect key YUNG's Better Jungle Temples.General.Disable Vanilla Jungle Temples was corrected from null to its default, true. 
[09Jul2025 03:53:15.649] [main/WARN] [net.minecraftforge.common.ForgeConfigSpec/CORE]: Configuration file /workspaces/Mundo-de-Mundos/servidor_minecraft/config/betterdeserttemples-forge-1_20.toml is not correct. Correcting
[09Jul2025 03:53:15.650] [main/WARN] [net.minecraftforge.common.ForgeConfigSpec/CORE]: Incorrect key YUNG's Better Desert Temples was corrected from null to its default, SimpleCommentedConfig:{}. 
[09Jul2025 03:53:15.650] [main/WARN] [net.minecraftforge.common.ForgeConfigSpec/CORE]: Incorrect key YUNG's Better Desert Temples.General was corrected from null to its default, SimpleCommentedConfig:{}. 
[09Jul2025 03:53:15.650] [main/WARN] [net.minecraftforge.common.ForgeConfigSpec/CORE]: Incorrect key YUNG's Better Desert Temples.General.Disable Vanilla Pyramids was corrected from null to its default, true. 
[09Jul2025 03:53:15.650] [main/WARN] [net.minecraftforge.common.ForgeConfigSpec/CORE]: Incorrect key YUNG's Better Desert Temples.General.Apply Mining Fatigue was corrected from null to its default, true. 
[09Jul2025 03:53:15.861] [modloading-worker-0/INFO] [bagus_lib/]: Load Bagus Lib Supporter
[09Jul2025 03:53:15.900] [modloading-worker-0/INFO] [com.song.castle_in_the_sky.CastleInTheSky/]: HELLO FROM PREINIT
[09Jul2025 03:53:16.021] [modloading-worker-0/INFO] [com.tom.storagemod.StorageMod/]: Tom's Storage Setup starting
[09Jul2025 03:53:16.026] [modloading-worker-0/INFO] [com.tom.storagemod.StorageMod/]: Initilaized Network Handler
[09Jul2025 03:53:16.094] [Modding Legacy/conjurer_illager/Supporters thread/INFO] [ModdingLegacy/conjurer_illager/Supporter/]: Attempting to load the Modding Legacy supporters list from https://moddinglegacy.com/supporters-changelogs/supporters.txt
[09Jul2025 03:53:16.108] [modloading-worker-0/INFO] [Dungeon Crawl/]: Common Setup
[09Jul2025 03:53:16.191] [Modding Legacy/conjurer_illager/Supporters thread/INFO] [ModdingLegacy/conjurer_illager/Supporter/]: Successfully loaded the Modding Legacy supporters list.
[09Jul2025 03:53:16.200] [modloading-worker-0/INFO] [dev.itsmeow.whisperwoods.WhisperwoodsMod/]: Summoning a hidebehind to eat you...
[09Jul2025 03:53:16.215] [modloading-worker-0/INFO] [com.brutalbosses.BrutalBosses/]: brutalbosses mod initialized
[09Jul2025 03:53:16.248] [modloading-worker-0/INFO] [com.jaquadro.minecraft.storagedrawers.StorageDrawers/]: New compacting rule 4 clay_ball = 1 clay
[09Jul2025 03:53:16.249] [modloading-worker-0/INFO] [com.jaquadro.minecraft.storagedrawers.StorageDrawers/]: New compacting rule 4 snowball = 1 snow_block
[09Jul2025 03:53:16.250] [modloading-worker-0/INFO] [com.jaquadro.minecraft.storagedrawers.StorageDrawers/]: New compacting rule 4 glowstone_dust = 1 glowstone
[09Jul2025 03:53:16.251] [modloading-worker-0/INFO] [com.jaquadro.minecraft.storagedrawers.StorageDrawers/]: New compacting rule 4 brick = 1 bricks
[09Jul2025 03:53:16.252] [modloading-worker-0/INFO] [com.jaquadro.minecraft.storagedrawers.StorageDrawers/]: New compacting rule 4 nether_brick = 1 nether_bricks
[09Jul2025 03:53:16.252] [modloading-worker-0/INFO] [com.jaquadro.minecraft.storagedrawers.StorageDrawers/]: New compacting rule 9 nether_wart = 1 nether_wart_block
[09Jul2025 03:53:16.253] [modloading-worker-0/INFO] [com.jaquadro.minecraft.storagedrawers.StorageDrawers/]: New compacting rule 4 quartz = 1 quartz_block
[09Jul2025 03:53:16.253] [modloading-worker-0/INFO] [com.jaquadro.minecraft.storagedrawers.StorageDrawers/]: New compacting rule 9 melon_slice = 1 melon
[09Jul2025 03:53:16.255] [modloading-worker-0/INFO] [com.jaquadro.minecraft.storagedrawers.StorageDrawers/]: New compacting rule 4 sand = 1 sandstone
[09Jul2025 03:53:16.257] [modloading-worker-0/INFO] [com.jaquadro.minecraft.storagedrawers.StorageDrawers/]: New compacting rule 4 red_sand = 1 red_sandstone
[09Jul2025 03:53:16.297] [Forge Version Check/INFO] [net.minecraftforge.fml.VersionChecker/]: [blue_skies] Starting version check at http://changelogs.moddinglegacy.com/blue-skies.json
[09Jul2025 03:53:16.344] [modloading-worker-0/INFO] [com.jaquadro.minecraft.storagedrawers.StorageDrawers/]: New compacting rule 4 clay_ball = 1 clay
[09Jul2025 03:53:16.360] [modloading-worker-0/INFO] [net.jrdemiurge.skyarena.SkyArena/]: Registering triggers...
[09Jul2025 03:53:16.428] [main/INFO] [ribbits/]: Registering Ribbit umbrella types...
[09Jul2025 03:53:16.429] [main/INFO] [ribbits/]: Registering Ribbit professions...
[09Jul2025 03:53:16.429] [main/INFO] [ribbits/]: Registering Ribbit instruments...
[09Jul2025 03:53:16.431] [main/INFO] [ribbits/]: Registering Ribbit data serializers...
[09Jul2025 03:53:16.578] [main/INFO] [Framework/SYNCED_ENTITY_DATA]: Registered synced data key refurbished_furniture:lock_yaw for refurbished_furniture:seat
[09Jul2025 03:53:16.611] [main/INFO] [journeymap/]: Initializing Packet Registries
[09Jul2025 03:53:16.684] [Forge Version Check/INFO] [net.minecraftforge.fml.VersionChecker/]: [blue_skies] Found status: BETA Current: 1.3.31 Target: null
[09Jul2025 03:53:16.685] [Forge Version Check/INFO] [net.minecraftforge.fml.VersionChecker/]: [guardvillagers] Starting version check at https://raw.githubusercontent.com/seymourimadeit/guardvillagers/master/update.json
[09Jul2025 03:53:16.720] [Forge Version Check/INFO] [net.minecraftforge.fml.VersionChecker/]: [guardvillagers] Found status: BETA Current: 1.20.1-1.6.10 Target: 1.20-1.6.5
[09Jul2025 03:53:16.721] [Forge Version Check/INFO] [net.minecraftforge.fml.VersionChecker/]: [ice_and_fire_delight] Starting version check at https://raw.githubusercontent.com/Donne431/Ice_and_Fire_Delight-1.20.1/master/update.json
[09Jul2025 03:53:16.732] [Forge Version Check/INFO] [net.minecraftforge.fml.VersionChecker/]: [ice_and_fire_delight] Found status: UP_TO_DATE Current: 0.2.3 Target: null
[09Jul2025 03:53:16.733] [Forge Version Check/INFO] [net.minecraftforge.fml.VersionChecker/]: [twilightforest] Starting version check at https://gh.tamaized.com/TeamTwilight/twilightforest/update.json
[09Jul2025 03:53:16.761] [main/INFO] [Moonlight/]: Initialized color sets in 61ms
[09Jul2025 03:53:16.864] [Forge Version Check/INFO] [net.minecraftforge.fml.VersionChecker/]: [twilightforest] Found status: AHEAD Current: 4.3.2508 Target: null
[09Jul2025 03:53:16.864] [Forge Version Check/INFO] [net.minecraftforge.fml.VersionChecker/]: [structure_gel] Starting version check at http://changelogs.moddinglegacy.com/structure-gel.json
[09Jul2025 03:53:16.886] [modloading-worker-0/INFO] [io.redspace.ironsspellbooks.IronsSpellbooks/]: Got IMC []
[09Jul2025 03:53:16.908] [modloading-worker-0/INFO] [AttributeFix/]: Loaded values for 69 compatible attributes.
[09Jul2025 03:53:16.914] [modloading-worker-0/INFO] [AttributeFix/]: Loaded 69 values from config.
[09Jul2025 03:53:16.929] [modloading-worker-0/INFO] [AttributeFix/]: Saving config file. 69 entries.
[09Jul2025 03:53:16.930] [modloading-worker-0/INFO] [AttributeFix/]: Applying changes for 69 attributes.
[09Jul2025 03:53:16.966] [Forge Version Check/INFO] [net.minecraftforge.fml.VersionChecker/]: [structure_gel] Found status: BETA Current: 2.16.2 Target: null
[09Jul2025 03:53:16.966] [Forge Version Check/INFO] [net.minecraftforge.fml.VersionChecker/]: [advancednetherite] Starting version check at https://raw.githubusercontent.com/Autovw/ModUpdates/master/advancednetherite/update.json
[09Jul2025 03:53:16.979] [Forge Version Check/INFO] [net.minecraftforge.fml.VersionChecker/]: [advancednetherite] Found status: BETA Current: 2.1.3 Target: 2.1.3
[09Jul2025 03:53:16.979] [Forge Version Check/INFO] [net.minecraftforge.fml.VersionChecker/]: [mr_limesplatus_ending] Starting version check at https://api.modrinth.com/updates/MCnBYP0b/forge_updates.json
[09Jul2025 03:53:16.987] [modloading-worker-0/INFO] [Jade/]: Start loading plugin at net.blay09.mods.balm.forge.compat.hudinfo.ForgeJadeModCompat
[09Jul2025 03:53:16.992] [modloading-worker-0/INFO] [Jade/]: Start loading plugin at twilightforest.compat.jade.JadeCompat
[09Jul2025 03:53:16.992] [modloading-worker-0/INFO] [Jade/]: Start loading plugin at net.p3pp3rf1y.sophisticatedstorage.compat.jade.StorageJadePlugin
[09Jul2025 03:53:16.993] [modloading-worker-0/INFO] [Jade/]: Start loading plugin at net.blay09.mods.waystones.compat.JadeIntegration
[09Jul2025 03:53:16.993] [modloading-worker-0/INFO] [Jade/]: Start loading plugin at snownee.jade.addon.vanilla.VanillaPlugin
[09Jul2025 03:53:17.007] [modloading-worker-0/INFO] [Jade/]: Start loading plugin at snownee.jade.addon.universal.UniversalPlugin
[09Jul2025 03:53:17.012] [modloading-worker-0/INFO] [Jade/]: Start loading plugin at snownee.jade.addon.core.CorePlugin
[09Jul2025 03:53:17.016] [modloading-worker-0/INFO] [Jade/]: Start loading plugin at de.maxhenkel.gravestone.integration.waila.PluginGraveStone
[09Jul2025 03:53:17.017] [modloading-worker-0/INFO] [Jade/]: Start loading plugin at net.geforcemods.securitycraft.compat.hudmods.JadeDataProvider
[09Jul2025 03:53:17.019] [modloading-worker-0/INFO] [Jade/]: Start loading plugin at com.jaquadro.minecraft.storagedrawers.integration.Waila
[09Jul2025 03:53:17.131] [Forge Version Check/INFO] [net.minecraftforge.fml.VersionChecker/]: [mr_limesplatus_ending] Found status: OUTDATED Current: 1-v1.1.0c Target: 1.1.0c+mod
[09Jul2025 03:53:17.131] [Forge Version Check/INFO] [net.minecraftforge.fml.VersionChecker/]: [toms_storage] Starting version check at https://raw.githubusercontent.com/tom5454/Toms-Storage/master/version-check.json
[09Jul2025 03:53:17.153] [Forge Version Check/INFO] [net.minecraftforge.fml.VersionChecker/]: [toms_storage] Found status: BETA Current: 1.7.1 Target: 1.7.1
[09Jul2025 03:53:17.154] [Forge Version Check/INFO] [net.minecraftforge.fml.VersionChecker/]: [enchantinginfuser] Starting version check at https://raw.githubusercontent.com/Fuzss/modresources/main/update/enchantinginfuser.json
[09Jul2025 03:53:17.166] [Forge Version Check/INFO] [net.minecraftforge.fml.VersionChecker/]: [enchantinginfuser] Found status: UP_TO_DATE Current: 8.0.3 Target: null
[09Jul2025 03:53:17.166] [Forge Version Check/INFO] [net.minecraftforge.fml.VersionChecker/]: [attributefix] Starting version check at https://updates.blamejared.com/get?n=attributefix&gv=1.20.1
[09Jul2025 03:53:17.272] [main/ERROR] [net.minecraft.Util/]: Entity illageandspillage:bone has no attributes
[09Jul2025 03:53:17.272] [main/ERROR] [net.minecraft.Util/]: Entity illageandspillage:axe has no attributes
[09Jul2025 03:53:17.273] [main/ERROR] [net.minecraft.Util/]: Entity illageandspillage:bone has no attributes
[09Jul2025 03:53:17.274] [main/ERROR] [net.minecraft.Util/]: Entity illageandspillage:axe has no attributes
[09Jul2025 03:53:17.274] [main/ERROR] [net.minecraft.Util/]: Entity illageandspillage:bone has no attributes
[09Jul2025 03:53:17.275] [main/ERROR] [net.minecraft.Util/]: Entity illageandspillage:axe has no attributes
[09Jul2025 03:53:17.275] [main/ERROR] [net.minecraft.Util/]: Entity illageandspillage:bone has no attributes
[09Jul2025 03:53:17.275] [main/ERROR] [net.minecraft.Util/]: Entity illageandspillage:axe has no attributes
[09Jul2025 03:53:17.276] [main/ERROR] [net.minecraft.Util/]: Entity illageandspillage:bone has no attributes
[09Jul2025 03:53:17.276] [main/ERROR] [net.minecraft.Util/]: Entity illageandspillage:axe has no attributes
[09Jul2025 03:53:17.276] [main/ERROR] [net.minecraft.Util/]: Entity illageandspillage:bone has no attributes
[09Jul2025 03:53:17.277] [main/ERROR] [net.minecraft.Util/]: Entity illageandspillage:axe has no attributes
[09Jul2025 03:53:17.277] [main/ERROR] [net.minecraft.Util/]: Entity illageandspillage:bone has no attributes
[09Jul2025 03:53:17.278] [main/ERROR] [net.minecraft.Util/]: Entity illageandspillage:axe has no attributes
[09Jul2025 03:53:17.278] [main/ERROR] [net.minecraft.Util/]: Entity illageandspillage:bone has no attributes
[09Jul2025 03:53:17.278] [main/ERROR] [net.minecraft.Util/]: Entity illageandspillage:axe has no attributes
[09Jul2025 03:53:17.279] [main/ERROR] [net.minecraft.Util/]: Entity illageandspillage:bone has no attributes
[09Jul2025 03:53:17.279] [main/ERROR] [net.minecraft.Util/]: Entity illageandspillage:axe has no attributes
[09Jul2025 03:53:17.279] [main/ERROR] [net.minecraft.Util/]: Entity illageandspillage:bone has no attributes
[09Jul2025 03:53:17.279] [main/ERROR] [net.minecraft.Util/]: Entity illageandspillage:axe has no attributes
[09Jul2025 03:53:17.280] [main/ERROR] [net.minecraft.Util/]: Entity illageandspillage:bone has no attributes
[09Jul2025 03:53:17.280] [main/ERROR] [net.minecraft.Util/]: Entity illageandspillage:axe has no attributes
[09Jul2025 03:53:17.280] [main/ERROR] [net.minecraft.Util/]: Entity illageandspillage:bone has no attributes
[09Jul2025 03:53:17.280] [main/ERROR] [net.minecraft.Util/]: Entity illageandspillage:axe has no attributes
[09Jul2025 03:53:17.281] [main/ERROR] [net.minecraft.Util/]: Entity illageandspillage:bone has no attributes
[09Jul2025 03:53:17.281] [main/ERROR] [net.minecraft.Util/]: Entity illageandspillage:axe has no attributes
[09Jul2025 03:53:17.282] [main/ERROR] [net.minecraft.Util/]: Entity illageandspillage:bone has no attributes
[09Jul2025 03:53:17.282] [main/ERROR] [net.minecraft.Util/]: Entity illageandspillage:axe has no attributes
[09Jul2025 03:53:17.282] [main/ERROR] [net.minecraft.Util/]: Entity illageandspillage:bone has no attributes
[09Jul2025 03:53:17.282] [main/ERROR] [net.minecraft.Util/]: Entity illageandspillage:axe has no attributes
[09Jul2025 03:53:17.284] [main/ERROR] [net.minecraft.Util/]: Entity illageandspillage:bone has no attributes
[09Jul2025 03:53:17.284] [main/ERROR] [net.minecraft.Util/]: Entity illageandspillage:axe has no attributes
[09Jul2025 03:53:17.284] [main/ERROR] [net.minecraft.Util/]: Entity illageandspillage:bone has no attributes
[09Jul2025 03:53:17.284] [main/ERROR] [net.minecraft.Util/]: Entity illageandspillage:axe has no attributes
[09Jul2025 03:53:17.285] [main/ERROR] [net.minecraft.Util/]: Entity illageandspillage:bone has no attributes
[09Jul2025 03:53:17.285] [main/ERROR] [net.minecraft.Util/]: Entity illageandspillage:axe has no attributes
[09Jul2025 03:53:17.285] [main/ERROR] [net.minecraft.Util/]: Entity illageandspillage:bone has no attributes
[09Jul2025 03:53:17.286] [main/ERROR] [net.minecraft.Util/]: Entity illageandspillage:axe has no attributes
[09Jul2025 03:53:17.286] [main/ERROR] [net.minecraft.Util/]: Entity illageandspillage:bone has no attributes
[09Jul2025 03:53:17.286] [main/ERROR] [net.minecraft.Util/]: Entity illageandspillage:axe has no attributes
[09Jul2025 03:53:17.287] [main/ERROR] [net.minecraft.Util/]: Entity illageandspillage:bone has no attributes
[09Jul2025 03:53:17.287] [main/ERROR] [net.minecraft.Util/]: Entity illageandspillage:axe has no attributes
[09Jul2025 03:53:17.287] [main/ERROR] [net.minecraft.Util/]: Entity illageandspillage:bone has no attributes
[09Jul2025 03:53:17.287] [main/ERROR] [net.minecraft.Util/]: Entity illageandspillage:axe has no attributes
[09Jul2025 03:53:17.288] [main/ERROR] [net.minecraft.Util/]: Entity illageandspillage:bone has no attributes
[09Jul2025 03:53:17.288] [main/ERROR] [net.minecraft.Util/]: Entity illageandspillage:axe has no attributes
[09Jul2025 03:53:17.288] [main/ERROR] [net.minecraft.Util/]: Entity illageandspillage:bone has no attributes
[09Jul2025 03:53:17.288] [main/ERROR] [net.minecraft.Util/]: Entity illageandspillage:axe has no attributes
[09Jul2025 03:53:17.289] [main/ERROR] [net.minecraft.Util/]: Entity illageandspillage:bone has no attributes
[09Jul2025 03:53:17.289] [main/ERROR] [net.minecraft.Util/]: Entity illageandspillage:axe has no attributes
[09Jul2025 03:53:17.290] [main/ERROR] [net.minecraft.Util/]: Entity illageandspillage:bone has no attributes
[09Jul2025 03:53:17.290] [main/ERROR] [net.minecraft.Util/]: Entity illageandspillage:axe has no attributes
[09Jul2025 03:53:17.290] [main/ERROR] [net.minecraft.Util/]: Entity illageandspillage:bone has no attributes
[09Jul2025 03:53:17.291] [main/ERROR] [net.minecraft.Util/]: Entity illageandspillage:axe has no attributes
[09Jul2025 03:53:17.291] [main/ERROR] [net.minecraft.Util/]: Entity illageandspillage:bone has no attributes
[09Jul2025 03:53:17.294] [main/ERROR] [net.minecraft.Util/]: Entity illageandspillage:axe has no attributes
[09Jul2025 03:53:17.295] [main/ERROR] [net.minecraft.Util/]: Entity illageandspillage:bone has no attributes
[09Jul2025 03:53:17.295] [main/ERROR] [net.minecraft.Util/]: Entity illageandspillage:axe has no attributes
[09Jul2025 03:53:17.295] [main/ERROR] [net.minecraft.Util/]: Entity illageandspillage:bone has no attributes
[09Jul2025 03:53:17.295] [main/ERROR] [net.minecraft.Util/]: Entity illageandspillage:axe has no attributes
[09Jul2025 03:53:17.296] [main/ERROR] [net.minecraft.Util/]: Entity illageandspillage:bone has no attributes
[09Jul2025 03:53:17.296] [main/ERROR] [net.minecraft.Util/]: Entity illageandspillage:axe has no attributes
[09Jul2025 03:53:17.297] [main/ERROR] [net.minecraft.Util/]: Entity illageandspillage:bone has no attributes
[09Jul2025 03:53:17.297] [main/ERROR] [net.minecraft.Util/]: Entity illageandspillage:axe has no attributes
[09Jul2025 03:53:17.297] [main/ERROR] [net.minecraft.Util/]: Entity illageandspillage:bone has no attributes
[09Jul2025 03:53:17.297] [main/ERROR] [net.minecraft.Util/]: Entity illageandspillage:axe has no attributes
[09Jul2025 03:53:17.298] [main/ERROR] [net.minecraft.Util/]: Entity illageandspillage:bone has no attributes
[09Jul2025 03:53:17.298] [main/ERROR] [net.minecraft.Util/]: Entity illageandspillage:axe has no attributes
[09Jul2025 03:53:17.299] [main/ERROR] [net.minecraft.Util/]: Entity illageandspillage:bone has no attributes
[09Jul2025 03:53:17.299] [main/ERROR] [net.minecraft.Util/]: Entity illageandspillage:axe has no attributes
[09Jul2025 03:53:17.299] [main/ERROR] [net.minecraft.Util/]: Entity illageandspillage:bone has no attributes
[09Jul2025 03:53:17.299] [main/ERROR] [net.minecraft.Util/]: Entity illageandspillage:axe has no attributes
[09Jul2025 03:53:17.300] [main/ERROR] [net.minecraft.Util/]: Entity illageandspillage:bone has no attributes
[09Jul2025 03:53:17.300] [main/ERROR] [net.minecraft.Util/]: Entity illageandspillage:axe has no attributes
[09Jul2025 03:53:17.301] [main/ERROR] [net.minecraft.Util/]: Entity illageandspillage:bone has no attributes
[09Jul2025 03:53:17.301] [main/ERROR] [net.minecraft.Util/]: Entity illageandspillage:axe has no attributes
[09Jul2025 03:53:17.301] [main/ERROR] [net.minecraft.Util/]: Entity illageandspillage:bone has no attributes
[09Jul2025 03:53:17.301] [main/ERROR] [net.minecraft.Util/]: Entity illageandspillage:axe has no attributes
[09Jul2025 03:53:17.302] [main/ERROR] [net.minecraft.Util/]: Entity illageandspillage:bone has no attributes
[09Jul2025 03:53:17.302] [main/ERROR] [net.minecraft.Util/]: Entity illageandspillage:axe has no attributes
[09Jul2025 03:53:17.302] [main/ERROR] [net.minecraft.Util/]: Entity illageandspillage:bone has no attributes
[09Jul2025 03:53:17.303] [main/ERROR] [net.minecraft.Util/]: Entity illageandspillage:axe has no attributes
[09Jul2025 03:53:17.303] [main/ERROR] [net.minecraft.Util/]: Entity illageandspillage:bone has no attributes
[09Jul2025 03:53:17.303] [main/ERROR] [net.minecraft.Util/]: Entity illageandspillage:axe has no attributes
[09Jul2025 03:53:17.303] [main/ERROR] [net.minecraft.Util/]: Entity illageandspillage:bone has no attributes
[09Jul2025 03:53:17.304] [main/ERROR] [net.minecraft.Util/]: Entity illageandspillage:axe has no attributes
[09Jul2025 03:53:17.304] [main/ERROR] [net.minecraft.Util/]: Entity illageandspillage:bone has no attributes
[09Jul2025 03:53:17.304] [main/ERROR] [net.minecraft.Util/]: Entity illageandspillage:axe has no attributes
[09Jul2025 03:53:17.304] [main/ERROR] [net.minecraft.Util/]: Entity illageandspillage:bone has no attributes
[09Jul2025 03:53:17.305] [main/ERROR] [net.minecraft.Util/]: Entity illageandspillage:axe has no attributes
[09Jul2025 03:53:17.305] [main/ERROR] [net.minecraft.Util/]: Entity illageandspillage:bone has no attributes
[09Jul2025 03:53:17.305] [main/ERROR] [net.minecraft.Util/]: Entity illageandspillage:axe has no attributes
[09Jul2025 03:53:17.305] [main/ERROR] [net.minecraft.Util/]: Entity illageandspillage:bone has no attributes
[09Jul2025 03:53:17.306] [main/ERROR] [net.minecraft.Util/]: Entity illageandspillage:axe has no attributes
[09Jul2025 03:53:17.306] [main/ERROR] [net.minecraft.Util/]: Entity illageandspillage:bone has no attributes
[09Jul2025 03:53:17.306] [main/ERROR] [net.minecraft.Util/]: Entity illageandspillage:axe has no attributes
[09Jul2025 03:53:17.307] [main/ERROR] [net.minecraft.Util/]: Entity illageandspillage:bone has no attributes
[09Jul2025 03:53:17.307] [main/ERROR] [net.minecraft.Util/]: Entity illageandspillage:axe has no attributes
[09Jul2025 03:53:17.307] [main/ERROR] [net.minecraft.Util/]: Entity illageandspillage:bone has no attributes
[09Jul2025 03:53:17.307] [main/ERROR] [net.minecraft.Util/]: Entity illageandspillage:axe has no attributes
[09Jul2025 03:53:17.308] [main/ERROR] [net.minecraft.Util/]: Entity illageandspillage:bone has no attributes
[09Jul2025 03:53:17.308] [main/ERROR] [net.minecraft.Util/]: Entity illageandspillage:axe has no attributes
[09Jul2025 03:53:17.308] [main/ERROR] [net.minecraft.Util/]: Entity illageandspillage:bone has no attributes
[09Jul2025 03:53:17.308] [main/ERROR] [net.minecraft.Util/]: Entity illageandspillage:axe has no attributes
[09Jul2025 03:53:17.309] [main/ERROR] [net.minecraft.Util/]: Entity illageandspillage:bone has no attributes
[09Jul2025 03:53:17.309] [main/ERROR] [net.minecraft.Util/]: Entity illageandspillage:axe has no attributes
[09Jul2025 03:53:17.309] [main/ERROR] [net.minecraft.Util/]: Entity illageandspillage:bone has no attributes
[09Jul2025 03:53:17.309] [main/ERROR] [net.minecraft.Util/]: Entity illageandspillage:axe has no attributes
[09Jul2025 03:53:17.310] [main/ERROR] [net.minecraft.Util/]: Entity illageandspillage:bone has no attributes
[09Jul2025 03:53:17.310] [main/ERROR] [net.minecraft.Util/]: Entity illageandspillage:axe has no attributes
[09Jul2025 03:53:17.310] [main/ERROR] [net.minecraft.Util/]: Entity illageandspillage:bone has no attributes
[09Jul2025 03:53:17.310] [main/ERROR] [net.minecraft.Util/]: Entity illageandspillage:axe has no attributes
[09Jul2025 03:53:17.311] [main/ERROR] [net.minecraft.Util/]: Entity illageandspillage:bone has no attributes
[09Jul2025 03:53:17.311] [main/ERROR] [net.minecraft.Util/]: Entity illageandspillage:axe has no attributes
[09Jul2025 03:53:17.311] [main/ERROR] [net.minecraft.Util/]: Entity illageandspillage:bone has no attributes
[09Jul2025 03:53:17.311] [main/ERROR] [net.minecraft.Util/]: Entity illageandspillage:axe has no attributes
[09Jul2025 03:53:17.312] [main/ERROR] [net.minecraft.Util/]: Entity illageandspillage:bone has no attributes
[09Jul2025 03:53:17.312] [main/ERROR] [net.minecraft.Util/]: Entity illageandspillage:axe has no attributes
[09Jul2025 03:53:17.313] [main/ERROR] [net.minecraft.Util/]: Entity illageandspillage:bone has no attributes
[09Jul2025 03:53:17.313] [main/ERROR] [net.minecraft.Util/]: Entity illageandspillage:axe has no attributes
[09Jul2025 03:53:17.313] [main/ERROR] [net.minecraft.Util/]: Entity illageandspillage:bone has no attributes
[09Jul2025 03:53:17.313] [main/ERROR] [net.minecraft.Util/]: Entity illageandspillage:axe has no attributes
[09Jul2025 03:53:17.314] [main/ERROR] [net.minecraft.Util/]: Entity illageandspillage:bone has no attributes
[09Jul2025 03:53:17.314] [main/ERROR] [net.minecraft.Util/]: Entity illageandspillage:axe has no attributes
[09Jul2025 03:53:17.314] [main/ERROR] [net.minecraft.Util/]: Entity illageandspillage:bone has no attributes
[09Jul2025 03:53:17.314] [main/ERROR] [net.minecraft.Util/]: Entity illageandspillage:axe has no attributes
[09Jul2025 03:53:17.315] [main/ERROR] [net.minecraft.Util/]: Entity illageandspillage:bone has no attributes
[09Jul2025 03:53:17.315] [main/ERROR] [net.minecraft.Util/]: Entity illageandspillage:axe has no attributes
[09Jul2025 03:53:17.315] [main/ERROR] [net.minecraft.Util/]: Entity illageandspillage:bone has no attributes
[09Jul2025 03:53:17.316] [main/ERROR] [net.minecraft.Util/]: Entity illageandspillage:axe has no attributes
[09Jul2025 03:53:17.316] [main/ERROR] [net.minecraft.Util/]: Entity illageandspillage:bone has no attributes
[09Jul2025 03:53:17.316] [main/ERROR] [net.minecraft.Util/]: Entity illageandspillage:axe has no attributes
[09Jul2025 03:53:17.317] [main/ERROR] [net.minecraft.Util/]: Entity illageandspillage:bone has no attributes
[09Jul2025 03:53:17.317] [main/ERROR] [net.minecraft.Util/]: Entity illageandspillage:axe has no attributes
[09Jul2025 03:53:17.317] [main/ERROR] [net.minecraft.Util/]: Entity illageandspillage:bone has no attributes
[09Jul2025 03:53:17.317] [main/ERROR] [net.minecraft.Util/]: Entity illageandspillage:axe has no attributes
[09Jul2025 03:53:17.318] [main/ERROR] [net.minecraft.Util/]: Entity illageandspillage:bone has no attributes
[09Jul2025 03:53:17.318] [main/ERROR] [net.minecraft.Util/]: Entity illageandspillage:axe has no attributes
[09Jul2025 03:53:17.599] [Forge Version Check/INFO] [net.minecraftforge.fml.VersionChecker/]: [attributefix] Found status: BETA Current: 21.0.4 Target: 21.0.4
[09Jul2025 03:53:17.599] [Forge Version Check/INFO] [net.minecraftforge.fml.VersionChecker/]: [conjurer_illager] Starting version check at http://changelogs.moddinglegacy.com/conjurer-illager.json
[09Jul2025 03:53:17.679] [Forge Version Check/INFO] [net.minecraftforge.fml.VersionChecker/]: [conjurer_illager] Found status: BETA Current: 1.1.6 Target: null
[09Jul2025 03:53:17.679] [Forge Version Check/INFO] [net.minecraftforge.fml.VersionChecker/]: [goblintraders] Starting version check at https://mrcrayfish.com/modupdatejson?id=goblintraders
[09Jul2025 03:53:17.813] [Forge Version Check/WARN] [net.minecraftforge.fml.VersionChecker/]: Failed to process update information
com.google.gson.JsonSyntaxException: java.lang.IllegalStateException: Expected BEGIN_OBJECT but was STRING at line 1 column 1 path $
	at com.google.gson.Gson.fromJson(Gson.java:1226) ~[gson-2.10.jar%2372!/:?]
	at com.google.gson.Gson.fromJson(Gson.java:1124) ~[gson-2.10.jar%2372!/:?]
	at com.google.gson.Gson.fromJson(Gson.java:1034) ~[gson-2.10.jar%2372!/:?]
	at com.google.gson.Gson.fromJson(Gson.java:969) ~[gson-2.10.jar%2372!/:?]
	at net.minecraftforge.fml.VersionChecker$1.process(VersionChecker.java:183) ~[fmlcore-1.20.1-47.3.7.jar%23394!/:?]
	at java.lang.Iterable.forEach(Iterable.java:75) ~[?:?]
	at net.minecraftforge.fml.VersionChecker$1.run(VersionChecker.java:114) ~[fmlcore-1.20.1-47.3.7.jar%23394!/:?]
Caused by: java.lang.IllegalStateException: Expected BEGIN_OBJECT but was STRING at line 1 column 1 path $
	at com.google.gson.stream.JsonReader.beginObject(JsonReader.java:393) ~[gson-2.10.jar%2372!/:?]
	at com.google.gson.internal.bind.MapTypeAdapterFactory$Adapter.read(MapTypeAdapterFactory.java:182) ~[gson-2.10.jar%2372!/:?]
	at com.google.gson.internal.bind.MapTypeAdapterFactory$Adapter.read(MapTypeAdapterFactory.java:144) ~[gson-2.10.jar%2372!/:?]
	at com.google.gson.Gson.fromJson(Gson.java:1214) ~[gson-2.10.jar%2372!/:?]
	... 6 more
[09Jul2025 03:53:17.815] [Forge Version Check/INFO] [net.minecraftforge.fml.VersionChecker/]: [obscure_api] Starting version check at https://raw.githubusercontent.com/ObscuriaLithium/Home/main/obscure_api/versions.json
[09Jul2025 03:53:17.826] [Forge Version Check/WARN] [net.minecraftforge.fml.VersionChecker/]: Failed to process update information
com.google.gson.JsonSyntaxException: java.lang.IllegalStateException: Expected BEGIN_OBJECT but was NUMBER at line 1 column 4 path $
	at com.google.gson.Gson.fromJson(Gson.java:1226) ~[gson-2.10.jar%2372!/:?]
	at com.google.gson.Gson.fromJson(Gson.java:1124) ~[gson-2.10.jar%2372!/:?]
	at com.google.gson.Gson.fromJson(Gson.java:1034) ~[gson-2.10.jar%2372!/:?]
	at com.google.gson.Gson.fromJson(Gson.java:969) ~[gson-2.10.jar%2372!/:?]
	at net.minecraftforge.fml.VersionChecker$1.process(VersionChecker.java:183) ~[fmlcore-1.20.1-47.3.7.jar%23394!/:?]
	at java.lang.Iterable.forEach(Iterable.java:75) ~[?:?]
	at net.minecraftforge.fml.VersionChecker$1.run(VersionChecker.java:114) ~[fmlcore-1.20.1-47.3.7.jar%23394!/:?]
Caused by: java.lang.IllegalStateException: Expected BEGIN_OBJECT but was NUMBER at line 1 column 4 path $
	at com.google.gson.stream.JsonReader.beginObject(JsonReader.java:393) ~[gson-2.10.jar%2372!/:?]
	at com.google.gson.internal.bind.MapTypeAdapterFactory$Adapter.read(MapTypeAdapterFactory.java:182) ~[gson-2.10.jar%2372!/:?]
	at com.google.gson.internal.bind.MapTypeAdapterFactory$Adapter.read(MapTypeAdapterFactory.java:144) ~[gson-2.10.jar%2372!/:?]
	at com.google.gson.Gson.fromJson(Gson.java:1214) ~[gson-2.10.jar%2372!/:?]
	... 6 more
[09Jul2025 03:53:17.827] [Forge Version Check/INFO] [net.minecraftforge.fml.VersionChecker/]: [clumps] Starting version check at https://updates.blamejared.com/get?n=clumps&gv=1.20.1
[09Jul2025 03:53:17.928] [Forge Version Check/INFO] [net.minecraftforge.fml.VersionChecker/]: [clumps] Found status: BETA Current: 12.0.0.4 Target: 12.0.0.4
[09Jul2025 03:53:17.928] [Forge Version Check/INFO] [net.minecraftforge.fml.VersionChecker/]: [journeymap] Starting version check at https://forge.curseupdate.com/32274/journeymap
[09Jul2025 03:53:18.011] [Forge Version Check/INFO] [net.minecraftforge.fml.VersionChecker/]: [journeymap] Found status: UP_TO_DATE Current: 5.10.3 Target: null
[09Jul2025 03:53:18.011] [Forge Version Check/INFO] [net.minecraftforge.fml.VersionChecker/]: [mr_lukis_grandcapitals] Starting version check at https://api.modrinth.com/updates/8Lw09aLb/forge_updates.json
[09Jul2025 03:53:18.060] [Forge Version Check/INFO] [net.minecraftforge.fml.VersionChecker/]: [mr_lukis_grandcapitals] Found status: OUTDATED Current: 1.1.1 Target: 1.1.1+mod
[09Jul2025 03:53:18.061] [Forge Version Check/INFO] [net.minecraftforge.fml.VersionChecker/]: [puzzlesaccessapi] Starting version check at https://raw.githubusercontent.com/Fuzss/modresources/main/update/puzzlesaccessapi.json
[09Jul2025 03:53:18.082] [Forge Version Check/INFO] [net.minecraftforge.fml.VersionChecker/]: [puzzlesaccessapi] Found status: BETA Current: 20.1.1 Target: null
[09Jul2025 03:53:18.083] [Forge Version Check/INFO] [net.minecraftforge.fml.VersionChecker/]: [forge] Starting version check at https://files.minecraftforge.net/net/minecraftforge/forge/promotions_slim.json
[09Jul2025 03:53:18.315] [Forge Version Check/INFO] [net.minecraftforge.fml.VersionChecker/]: [forge] Found status: OUTDATED Current: 47.3.7 Target: 47.4.0
[09Jul2025 03:53:18.316] [Forge Version Check/INFO] [net.minecraftforge.fml.VersionChecker/]: [moonlight] Starting version check at https://raw.githubusercontent.com/MehVahdJukaar/Moonlight/multi-loader/forge/update.json
[09Jul2025 03:53:18.326] [Forge Version Check/INFO] [net.minecraftforge.fml.VersionChecker/]: [moonlight] Found status: BETA Current: 1.20-2.14.4 Target: null
[09Jul2025 03:53:18.326] [Forge Version Check/INFO] [net.minecraftforge.fml.VersionChecker/]: [gravestone] Starting version check at https://update.maxhenkel.de/forge/gravestone
[09Jul2025 03:53:19.220] [Forge Version Check/INFO] [net.minecraftforge.fml.VersionChecker/]: [gravestone] Found status: OUTDATED Current: 1.20.1-1.0.24 Target: 1.20.1-1.0.32
[09Jul2025 03:53:19.220] [Forge Version Check/INFO] [net.minecraftforge.fml.VersionChecker/]: [securitycraft] Starting version check at https://www.github.com/Geforce132/SecurityCraft/raw/master/Updates/Forge.json
[09Jul2025 03:53:19.371] [Forge Version Check/INFO] [net.minecraftforge.fml.VersionChecker/]: [securitycraft] Found status: UP_TO_DATE Current: 1.10.0.1 Target: null
[09Jul2025 03:53:19.371] [Forge Version Check/INFO] [net.minecraftforge.fml.VersionChecker/]: [crittersandcompanions] Starting version check at https://api.modrinth.com/updates/critters-and-companions/forge_updates.json
[09Jul2025 03:53:19.401] [Forge Version Check/INFO] [net.minecraftforge.fml.VersionChecker/]: [crittersandcompanions] Found status: UP_TO_DATE Current: 2.2.2 Target: null
[09Jul2025 03:53:19.401] [Forge Version Check/INFO] [net.minecraftforge.fml.VersionChecker/]: [puzzleslib] Starting version check at https://raw.githubusercontent.com/Fuzss/modresources/main/update/puzzleslib.json
[09Jul2025 03:53:19.410] [Forge Version Check/INFO] [net.minecraftforge.fml.VersionChecker/]: [puzzleslib] Found status: UP_TO_DATE Current: 8.1.32 Target: null
[09Jul2025 03:53:19.411] [Forge Version Check/INFO] [net.minecraftforge.fml.VersionChecker/]: [aquamirae] Starting version check at https://raw.githubusercontent.com/ObscuriaLithium/Home/main/aquamirae/versions.json
[09Jul2025 03:53:19.420] [Forge Version Check/WARN] [net.minecraftforge.fml.VersionChecker/]: Failed to process update information
com.google.gson.JsonSyntaxException: java.lang.IllegalStateException: Expected BEGIN_OBJECT but was NUMBER at line 1 column 4 path $
	at com.google.gson.Gson.fromJson(Gson.java:1226) ~[gson-2.10.jar%2372!/:?]
	at com.google.gson.Gson.fromJson(Gson.java:1124) ~[gson-2.10.jar%2372!/:?]
	at com.google.gson.Gson.fromJson(Gson.java:1034) ~[gson-2.10.jar%2372!/:?]
	at com.google.gson.Gson.fromJson(Gson.java:969) ~[gson-2.10.jar%2372!/:?]
	at net.minecraftforge.fml.VersionChecker$1.process(VersionChecker.java:183) ~[fmlcore-1.20.1-47.3.7.jar%23394!/:?]
	at java.lang.Iterable.forEach(Iterable.java:75) ~[?:?]
	at net.minecraftforge.fml.VersionChecker$1.run(VersionChecker.java:114) ~[fmlcore-1.20.1-47.3.7.jar%23394!/:?]
Caused by: java.lang.IllegalStateException: Expected BEGIN_OBJECT but was NUMBER at line 1 column 4 path $
	at com.google.gson.stream.JsonReader.beginObject(JsonReader.java:393) ~[gson-2.10.jar%2372!/:?]
	at com.google.gson.internal.bind.MapTypeAdapterFactory$Adapter.read(MapTypeAdapterFactory.java:182) ~[gson-2.10.jar%2372!/:?]
	at com.google.gson.internal.bind.MapTypeAdapterFactory$Adapter.read(MapTypeAdapterFactory.java:144) ~[gson-2.10.jar%2372!/:?]
	at com.google.gson.Gson.fromJson(Gson.java:1214) ~[gson-2.10.jar%2372!/:?]
	... 6 more
[09Jul2025 03:53:25.165] [main/INFO] [com.mojang.authlib.yggdrasil.YggdrasilAuthenticationService/]: Environment: authHost='https://authserver.mojang.com', accountsHost='https://api.mojang.com', sessionHost='https://sessionserver.mojang.com', servicesHost='https://api.minecraftservices.com', name='PROD'
[09Jul2025 03:53:25.513] [main/ERROR] [net.minecraft.Util/]: Entity illageandspillage:bone has no attributes
[09Jul2025 03:53:25.513] [main/ERROR] [net.minecraft.Util/]: Entity illageandspillage:axe has no attributes
[09Jul2025 03:53:25.514] [main/ERROR] [net.minecraft.Util/]: Entity illageandspillage:bone has no attributes
[09Jul2025 03:53:25.514] [main/ERROR] [net.minecraft.Util/]: Entity illageandspillage:axe has no attributes
[09Jul2025 03:53:25.514] [main/ERROR] [net.minecraft.Util/]: Entity illageandspillage:bone has no attributes
[09Jul2025 03:53:25.514] [main/ERROR] [net.minecraft.Util/]: Entity illageandspillage:axe has no attributes
[09Jul2025 03:53:25.514] [main/ERROR] [net.minecraft.Util/]: Entity illageandspillage:bone has no attributes
[09Jul2025 03:53:25.515] [main/ERROR] [net.minecraft.Util/]: Entity illageandspillage:axe has no attributes
[09Jul2025 03:53:25.515] [main/ERROR] [net.minecraft.Util/]: Entity illageandspillage:bone has no attributes
[09Jul2025 03:53:25.515] [main/ERROR] [net.minecraft.Util/]: Entity illageandspillage:axe has no attributes
[09Jul2025 03:53:25.515] [main/ERROR] [net.minecraft.Util/]: Entity illageandspillage:bone has no attributes
[09Jul2025 03:53:25.515] [main/ERROR] [net.minecraft.Util/]: Entity illageandspillage:axe has no attributes
[09Jul2025 03:53:25.516] [main/ERROR] [net.minecraft.Util/]: Entity illageandspillage:bone has no attributes
[09Jul2025 03:53:25.516] [main/ERROR] [net.minecraft.Util/]: Entity illageandspillage:axe has no attributes
[09Jul2025 03:53:25.517] [main/ERROR] [net.minecraft.Util/]: Entity illageandspillage:bone has no attributes
[09Jul2025 03:53:25.517] [main/ERROR] [net.minecraft.Util/]: Entity illageandspillage:axe has no attributes
[09Jul2025 03:53:25.517] [main/ERROR] [net.minecraft.Util/]: Entity illageandspillage:bone has no attributes
[09Jul2025 03:53:25.517] [main/ERROR] [net.minecraft.Util/]: Entity illageandspillage:axe has no attributes
[09Jul2025 03:53:25.517] [main/ERROR] [net.minecraft.Util/]: Entity illageandspillage:bone has no attributes
[09Jul2025 03:53:25.518] [main/ERROR] [net.minecraft.Util/]: Entity illageandspillage:axe has no attributes
[09Jul2025 03:53:25.518] [main/ERROR] [net.minecraft.Util/]: Entity illageandspillage:bone has no attributes
[09Jul2025 03:53:25.518] [main/ERROR] [net.minecraft.Util/]: Entity illageandspillage:axe has no attributes
[09Jul2025 03:53:25.518] [main/ERROR] [net.minecraft.Util/]: Entity illageandspillage:bone has no attributes
[09Jul2025 03:53:25.518] [main/ERROR] [net.minecraft.Util/]: Entity illageandspillage:axe has no attributes
[09Jul2025 03:53:25.519] [main/ERROR] [net.minecraft.Util/]: Entity illageandspillage:bone has no attributes
[09Jul2025 03:53:25.519] [main/ERROR] [net.minecraft.Util/]: Entity illageandspillage:axe has no attributes
[09Jul2025 03:53:25.519] [main/ERROR] [net.minecraft.Util/]: Entity illageandspillage:bone has no attributes
[09Jul2025 03:53:25.519] [main/ERROR] [net.minecraft.Util/]: Entity illageandspillage:axe has no attributes
[09Jul2025 03:53:25.520] [main/ERROR] [net.minecraft.Util/]: Entity illageandspillage:bone has no attributes
[09Jul2025 03:53:25.520] [main/ERROR] [net.minecraft.Util/]: Entity illageandspillage:axe has no attributes
[09Jul2025 03:53:25.520] [main/ERROR] [net.minecraft.Util/]: Entity illageandspillage:bone has no attributes
[09Jul2025 03:53:25.520] [main/ERROR] [net.minecraft.Util/]: Entity illageandspillage:axe has no attributes
[09Jul2025 03:53:25.520] [main/ERROR] [net.minecraft.Util/]: Entity illageandspillage:bone has no attributes
[09Jul2025 03:53:25.521] [main/ERROR] [net.minecraft.Util/]: Entity illageandspillage:axe has no attributes
[09Jul2025 03:53:25.521] [main/ERROR] [net.minecraft.Util/]: Entity illageandspillage:bone has no attributes
[09Jul2025 03:53:25.521] [main/ERROR] [net.minecraft.Util/]: Entity illageandspillage:axe has no attributes
[09Jul2025 03:53:25.521] [main/ERROR] [net.minecraft.Util/]: Entity illageandspillage:bone has no attributes
[09Jul2025 03:53:25.521] [main/ERROR] [net.minecraft.Util/]: Entity illageandspillage:axe has no attributes
[09Jul2025 03:53:25.522] [main/ERROR] [net.minecraft.Util/]: Entity illageandspillage:bone has no attributes
[09Jul2025 03:53:25.522] [main/ERROR] [net.minecraft.Util/]: Entity illageandspillage:axe has no attributes
[09Jul2025 03:53:25.522] [main/ERROR] [net.minecraft.Util/]: Entity illageandspillage:bone has no attributes
[09Jul2025 03:53:25.522] [main/ERROR] [net.minecraft.Util/]: Entity illageandspillage:axe has no attributes
[09Jul2025 03:53:25.522] [main/ERROR] [net.minecraft.Util/]: Entity illageandspillage:bone has no attributes
[09Jul2025 03:53:25.523] [main/ERROR] [net.minecraft.Util/]: Entity illageandspillage:axe has no attributes
[09Jul2025 03:53:25.523] [main/ERROR] [net.minecraft.Util/]: Entity illageandspillage:bone has no attributes
[09Jul2025 03:53:25.523] [main/ERROR] [net.minecraft.Util/]: Entity illageandspillage:axe has no attributes
[09Jul2025 03:53:25.523] [main/ERROR] [net.minecraft.Util/]: Entity illageandspillage:bone has no attributes
[09Jul2025 03:53:25.523] [main/ERROR] [net.minecraft.Util/]: Entity illageandspillage:axe has no attributes
[09Jul2025 03:53:25.525] [main/ERROR] [net.minecraft.Util/]: Entity illageandspillage:bone has no attributes
[09Jul2025 03:53:25.525] [main/ERROR] [net.minecraft.Util/]: Entity illageandspillage:axe has no attributes
[09Jul2025 03:53:25.525] [main/ERROR] [net.minecraft.Util/]: Entity illageandspillage:bone has no attributes
[09Jul2025 03:53:25.525] [main/ERROR] [net.minecraft.Util/]: Entity illageandspillage:axe has no attributes
[09Jul2025 03:53:25.526] [main/ERROR] [net.minecraft.Util/]: Entity illageandspillage:bone has no attributes
[09Jul2025 03:53:25.526] [main/ERROR] [net.minecraft.Util/]: Entity illageandspillage:axe has no attributes
[09Jul2025 03:53:25.526] [main/ERROR] [net.minecraft.Util/]: Entity illageandspillage:bone has no attributes
[09Jul2025 03:53:25.526] [main/ERROR] [net.minecraft.Util/]: Entity illageandspillage:axe has no attributes
[09Jul2025 03:53:25.526] [main/ERROR] [net.minecraft.Util/]: Entity illageandspillage:bone has no attributes
[09Jul2025 03:53:25.526] [main/ERROR] [net.minecraft.Util/]: Entity illageandspillage:axe has no attributes
[09Jul2025 03:53:25.527] [main/ERROR] [net.minecraft.Util/]: Entity illageandspillage:bone has no attributes
[09Jul2025 03:53:25.527] [main/ERROR] [net.minecraft.Util/]: Entity illageandspillage:axe has no attributes
[09Jul2025 03:53:25.527] [main/ERROR] [net.minecraft.Util/]: Entity illageandspillage:bone has no attributes
[09Jul2025 03:53:25.527] [main/ERROR] [net.minecraft.Util/]: Entity illageandspillage:axe has no attributes
[09Jul2025 03:53:25.527] [main/ERROR] [net.minecraft.Util/]: Entity illageandspillage:bone has no attributes
[09Jul2025 03:53:25.527] [main/ERROR] [net.minecraft.Util/]: Entity illageandspillage:axe has no attributes
[09Jul2025 03:53:25.528] [main/ERROR] [net.minecraft.Util/]: Entity illageandspillage:bone has no attributes
[09Jul2025 03:53:25.528] [main/ERROR] [net.minecraft.Util/]: Entity illageandspillage:axe has no attributes
[09Jul2025 03:53:25.528] [main/ERROR] [net.minecraft.Util/]: Entity illageandspillage:bone has no attributes
[09Jul2025 03:53:25.528] [main/ERROR] [net.minecraft.Util/]: Entity illageandspillage:axe has no attributes
[09Jul2025 03:53:25.528] [main/ERROR] [net.minecraft.Util/]: Entity illageandspillage:bone has no attributes
[09Jul2025 03:53:25.529] [main/ERROR] [net.minecraft.Util/]: Entity illageandspillage:axe has no attributes
[09Jul2025 03:53:25.529] [main/ERROR] [net.minecraft.Util/]: Entity illageandspillage:bone has no attributes
[09Jul2025 03:53:25.529] [main/ERROR] [net.minecraft.Util/]: Entity illageandspillage:axe has no attributes
[09Jul2025 03:53:25.529] [main/ERROR] [net.minecraft.Util/]: Entity illageandspillage:bone has no attributes
[09Jul2025 03:53:25.529] [main/ERROR] [net.minecraft.Util/]: Entity illageandspillage:axe has no attributes
[09Jul2025 03:53:25.530] [main/ERROR] [net.minecraft.Util/]: Entity illageandspillage:bone has no attributes
[09Jul2025 03:53:25.530] [main/ERROR] [net.minecraft.Util/]: Entity illageandspillage:axe has no attributes
[09Jul2025 03:53:25.530] [main/ERROR] [net.minecraft.Util/]: Entity illageandspillage:bone has no attributes
[09Jul2025 03:53:25.530] [main/ERROR] [net.minecraft.Util/]: Entity illageandspillage:axe has no attributes
[09Jul2025 03:53:25.530] [main/ERROR] [net.minecraft.Util/]: Entity illageandspillage:bone has no attributes
[09Jul2025 03:53:25.530] [main/ERROR] [net.minecraft.Util/]: Entity illageandspillage:axe has no attributes
[09Jul2025 03:53:25.531] [main/ERROR] [net.minecraft.Util/]: Entity illageandspillage:bone has no attributes
[09Jul2025 03:53:25.531] [main/ERROR] [net.minecraft.Util/]: Entity illageandspillage:axe has no attributes
[09Jul2025 03:53:25.531] [main/ERROR] [net.minecraft.Util/]: Entity illageandspillage:bone has no attributes
[09Jul2025 03:53:25.531] [main/ERROR] [net.minecraft.Util/]: Entity illageandspillage:axe has no attributes
[09Jul2025 03:53:25.531] [main/ERROR] [net.minecraft.Util/]: Entity illageandspillage:bone has no attributes
[09Jul2025 03:53:25.531] [main/ERROR] [net.minecraft.Util/]: Entity illageandspillage:axe has no attributes
[09Jul2025 03:53:25.532] [main/ERROR] [net.minecraft.Util/]: Entity illageandspillage:bone has no attributes
[09Jul2025 03:53:25.532] [main/ERROR] [net.minecraft.Util/]: Entity illageandspillage:axe has no attributes
[09Jul2025 03:53:25.532] [main/ERROR] [net.minecraft.Util/]: Entity illageandspillage:bone has no attributes
[09Jul2025 03:53:25.532] [main/ERROR] [net.minecraft.Util/]: Entity illageandspillage:axe has no attributes
[09Jul2025 03:53:25.532] [main/ERROR] [net.minecraft.Util/]: Entity illageandspillage:bone has no attributes
[09Jul2025 03:53:25.533] [main/ERROR] [net.minecraft.Util/]: Entity illageandspillage:axe has no attributes
[09Jul2025 03:53:25.533] [main/ERROR] [net.minecraft.Util/]: Entity illageandspillage:bone has no attributes
[09Jul2025 03:53:25.533] [main/ERROR] [net.minecraft.Util/]: Entity illageandspillage:axe has no attributes
[09Jul2025 03:53:25.533] [main/ERROR] [net.minecraft.Util/]: Entity illageandspillage:bone has no attributes
[09Jul2025 03:53:25.533] [main/ERROR] [net.minecraft.Util/]: Entity illageandspillage:axe has no attributes
[09Jul2025 03:53:25.534] [main/ERROR] [net.minecraft.Util/]: Entity illageandspillage:bone has no attributes
[09Jul2025 03:53:25.534] [main/ERROR] [net.minecraft.Util/]: Entity illageandspillage:axe has no attributes
[09Jul2025 03:53:25.534] [main/ERROR] [net.minecraft.Util/]: Entity illageandspillage:bone has no attributes
[09Jul2025 03:53:25.534] [main/ERROR] [net.minecraft.Util/]: Entity illageandspillage:axe has no attributes
[09Jul2025 03:53:25.534] [main/ERROR] [net.minecraft.Util/]: Entity illageandspillage:bone has no attributes
[09Jul2025 03:53:25.534] [main/ERROR] [net.minecraft.Util/]: Entity illageandspillage:axe has no attributes
[09Jul2025 03:53:25.535] [main/ERROR] [net.minecraft.Util/]: Entity illageandspillage:bone has no attributes
[09Jul2025 03:53:25.535] [main/ERROR] [net.minecraft.Util/]: Entity illageandspillage:axe has no attributes
[09Jul2025 03:53:25.535] [main/ERROR] [net.minecraft.Util/]: Entity illageandspillage:bone has no attributes
[09Jul2025 03:53:25.535] [main/ERROR] [net.minecraft.Util/]: Entity illageandspillage:axe has no attributes
[09Jul2025 03:53:25.535] [main/ERROR] [net.minecraft.Util/]: Entity illageandspillage:bone has no attributes
[09Jul2025 03:53:25.536] [main/ERROR] [net.minecraft.Util/]: Entity illageandspillage:axe has no attributes
[09Jul2025 03:53:25.536] [main/ERROR] [net.minecraft.Util/]: Entity illageandspillage:bone has no attributes
[09Jul2025 03:53:25.536] [main/ERROR] [net.minecraft.Util/]: Entity illageandspillage:axe has no attributes
[09Jul2025 03:53:25.536] [main/ERROR] [net.minecraft.Util/]: Entity illageandspillage:bone has no attributes
[09Jul2025 03:53:25.536] [main/ERROR] [net.minecraft.Util/]: Entity illageandspillage:axe has no attributes
[09Jul2025 03:53:25.537] [main/ERROR] [net.minecraft.Util/]: Entity illageandspillage:bone has no attributes
[09Jul2025 03:53:25.537] [main/ERROR] [net.minecraft.Util/]: Entity illageandspillage:axe has no attributes
[09Jul2025 03:53:25.537] [main/ERROR] [net.minecraft.Util/]: Entity illageandspillage:bone has no attributes
[09Jul2025 03:53:25.538] [main/ERROR] [net.minecraft.Util/]: Entity illageandspillage:axe has no attributes
[09Jul2025 03:53:25.538] [main/ERROR] [net.minecraft.Util/]: Entity illageandspillage:bone has no attributes
[09Jul2025 03:53:25.538] [main/ERROR] [net.minecraft.Util/]: Entity illageandspillage:axe has no attributes
[09Jul2025 03:53:25.538] [main/ERROR] [net.minecraft.Util/]: Entity illageandspillage:bone has no attributes
[09Jul2025 03:53:25.538] [main/ERROR] [net.minecraft.Util/]: Entity illageandspillage:axe has no attributes
[09Jul2025 03:53:25.539] [main/ERROR] [net.minecraft.Util/]: Entity illageandspillage:bone has no attributes
[09Jul2025 03:53:25.539] [main/ERROR] [net.minecraft.Util/]: Entity illageandspillage:axe has no attributes
[09Jul2025 03:53:25.539] [main/ERROR] [net.minecraft.Util/]: Entity illageandspillage:bone has no attributes
[09Jul2025 03:53:25.539] [main/ERROR] [net.minecraft.Util/]: Entity illageandspillage:axe has no attributes
[09Jul2025 03:53:25.539] [main/ERROR] [net.minecraft.Util/]: Entity illageandspillage:bone has no attributes
[09Jul2025 03:53:25.540] [main/ERROR] [net.minecraft.Util/]: Entity illageandspillage:axe has no attributes
[09Jul2025 03:53:25.540] [main/ERROR] [net.minecraft.Util/]: Entity illageandspillage:bone has no attributes
[09Jul2025 03:53:25.540] [main/ERROR] [net.minecraft.Util/]: Entity illageandspillage:axe has no attributes
[09Jul2025 03:53:25.540] [main/ERROR] [net.minecraft.Util/]: Entity illageandspillage:bone has no attributes
[09Jul2025 03:53:25.540] [main/ERROR] [net.minecraft.Util/]: Entity illageandspillage:axe has no attributes
[09Jul2025 03:53:25.541] [main/ERROR] [net.minecraft.Util/]: Entity illageandspillage:bone has no attributes
[09Jul2025 03:53:25.541] [main/ERROR] [net.minecraft.Util/]: Entity illageandspillage:axe has no attributes
[09Jul2025 03:53:25.541] [main/ERROR] [net.minecraft.Util/]: Entity illageandspillage:bone has no attributes
[09Jul2025 03:53:25.541] [main/ERROR] [net.minecraft.Util/]: Entity illageandspillage:axe has no attributes
[09Jul2025 03:53:25.542] [main/ERROR] [net.minecraft.Util/]: Entity illageandspillage:bone has no attributes
[09Jul2025 03:53:25.542] [main/ERROR] [net.minecraft.Util/]: Entity illageandspillage:axe has no attributes
[09Jul2025 03:53:25.542] [main/ERROR] [net.minecraft.Util/]: Entity illageandspillage:bone has no attributes
[09Jul2025 03:53:25.542] [main/ERROR] [net.minecraft.Util/]: Entity illageandspillage:axe has no attributes
[09Jul2025 03:53:25.757] [main/WARN] [net.minecraftforge.registries.ForgeRegistry/REGISTRIES]: Registry minecraft:block: Object did not get ID it asked for. Name: thalassophobia:nautilus_shell Expected: 3519 Got: 6684
[09Jul2025 03:53:25.757] [main/WARN] [net.minecraftforge.registries.ForgeRegistry/REGISTRIES]: Registry minecraft:block: Object did not get ID it asked for. Name: thalassophobia:sonar_beacon Expected: 3520 Got: 6685
[09Jul2025 03:53:25.757] [main/WARN] [net.minecraftforge.registries.ForgeRegistry/REGISTRIES]: Registry minecraft:block: Object did not get ID it asked for. Name: thalassophobia:sonar_beacon_activated Expected: 3521 Got: 6686
[09Jul2025 03:53:25.757] [main/WARN] [net.minecraftforge.registries.ForgeRegistry/REGISTRIES]: Registry minecraft:block: Object did not get ID it asked for. Name: benssharks:land_mine Expected: 3921 Got: 6687
[09Jul2025 03:53:25.757] [main/WARN] [net.minecraftforge.registries.ForgeRegistry/REGISTRIES]: Registry minecraft:block: Object did not get ID it asked for. Name: benssharks:shark_plush_block Expected: 3922 Got: 6688
[09Jul2025 03:53:25.758] [main/WARN] [net.minecraftforge.registries.ForgeRegistry/REGISTRIES]: Registry minecraft:block: Object did not get ID it asked for. Name: benssharks:land_mine_primed Expected: 3923 Got: 6689
[09Jul2025 03:53:25.762] [main/WARN] [net.minecraftforge.registries.ForgeRegistry/REGISTRIES]: Registry minecraft:item: Object did not get ID it asked for. Name: thalassophobia:raw_fish_meat Expected: 5556 Got: 11379
[09Jul2025 03:53:25.762] [main/WARN] [net.minecraftforge.registries.ForgeRegistry/REGISTRIES]: Registry minecraft:item: Object did not get ID it asked for. Name: thalassophobia:cooked_fish_meat Expected: 5557 Got: 11380
[09Jul2025 03:53:25.762] [main/WARN] [net.minecraftforge.registries.ForgeRegistry/REGISTRIES]: Registry minecraft:item: Object did not get ID it asked for. Name: thalassophobia:raw_glow_fish Expected: 5558 Got: 11381
[09Jul2025 03:53:25.762] [main/WARN] [net.minecraftforge.registries.ForgeRegistry/REGISTRIES]: Registry minecraft:item: Object did not get ID it asked for. Name: thalassophobia:cooked_glow_fish Expected: 5559 Got: 11382
[09Jul2025 03:53:25.762] [main/WARN] [net.minecraftforge.registries.ForgeRegistry/REGISTRIES]: Registry minecraft:item: Object did not get ID it asked for. Name: thalassophobia:raw_crab Expected: 5560 Got: 11383
[09Jul2025 03:53:25.762] [main/WARN] [net.minecraftforge.registries.ForgeRegistry/REGISTRIES]: Registry minecraft:item: Object did not get ID it asked for. Name: thalassophobia:cooked_crab Expected: 5561 Got: 11384
[09Jul2025 03:53:25.762] [main/WARN] [net.minecraftforge.registries.ForgeRegistry/REGISTRIES]: Registry minecraft:item: Object did not get ID it asked for. Name: thalassophobia:raw_sea_bird Expected: 5562 Got: 11385
[09Jul2025 03:53:25.762] [main/WARN] [net.minecraftforge.registries.ForgeRegistry/REGISTRIES]: Registry minecraft:item: Object did not get ID it asked for. Name: thalassophobia:cooked_sea_bird Expected: 5563 Got: 11386
[09Jul2025 03:53:25.763] [main/WARN] [net.minecraftforge.registries.ForgeRegistry/REGISTRIES]: Registry minecraft:item: Object did not get ID it asked for. Name: thalassophobia:raw_hesperornis Expected: 5564 Got: 11387
[09Jul2025 03:53:25.763] [main/WARN] [net.minecraftforge.registries.ForgeRegistry/REGISTRIES]: Registry minecraft:item: Object did not get ID it asked for. Name: thalassophobia:cooked_hesperornis Expected: 5565 Got: 11388
[09Jul2025 03:53:25.763] [main/WARN] [net.minecraftforge.registries.ForgeRegistry/REGISTRIES]: Registry minecraft:item: Object did not get ID it asked for. Name: thalassophobia:hesperornis_egg Expected: 5566 Got: 11389
[09Jul2025 03:53:25.763] [main/WARN] [net.minecraftforge.registries.ForgeRegistry/REGISTRIES]: Registry minecraft:item: Object did not get ID it asked for. Name: thalassophobia:panderodus_eye Expected: 5567 Got: 11390
[09Jul2025 03:53:25.763] [main/WARN] [net.minecraftforge.registries.ForgeRegistry/REGISTRIES]: Registry minecraft:item: Object did not get ID it asked for. Name: thalassophobia:fish_stew Expected: 5568 Got: 11391
[09Jul2025 03:53:25.763] [main/WARN] [net.minecraftforge.registries.ForgeRegistry/REGISTRIES]: Registry minecraft:item: Object did not get ID it asked for. Name: thalassophobia:fish_scale Expected: 5569 Got: 11392
[09Jul2025 03:53:25.763] [main/WARN] [net.minecraftforge.registries.ForgeRegistry/REGISTRIES]: Registry minecraft:item: Object did not get ID it asked for. Name: thalassophobia:ionic_scale Expected: 5570 Got: 11393
[09Jul2025 03:53:25.763] [main/WARN] [net.minecraftforge.registries.ForgeRegistry/REGISTRIES]: Registry minecraft:item: Object did not get ID it asked for. Name: thalassophobia:fin Expected: 5571 Got: 11394
[09Jul2025 03:53:25.763] [main/WARN] [net.minecraftforge.registries.ForgeRegistry/REGISTRIES]: Registry minecraft:item: Object did not get ID it asked for. Name: thalassophobia:tooth Expected: 5572 Got: 11395
[09Jul2025 03:53:25.763] [main/WARN] [net.minecraftforge.registries.ForgeRegistry/REGISTRIES]: Registry minecraft:item: Object did not get ID it asked for. Name: thalassophobia:natural_toxin Expected: 5573 Got: 11396
[09Jul2025 03:53:25.763] [main/WARN] [net.minecraftforge.registries.ForgeRegistry/REGISTRIES]: Registry minecraft:item: Object did not get ID it asked for. Name: thalassophobia:nautilus_shell_fragment Expected: 5574 Got: 11397
[09Jul2025 03:53:25.763] [main/WARN] [net.minecraftforge.registries.ForgeRegistry/REGISTRIES]: Registry minecraft:item: Object did not get ID it asked for. Name: thalassophobia:nautilus_shell Expected: 5575 Got: 11398
[09Jul2025 03:53:25.764] [main/WARN] [net.minecraftforge.registries.ForgeRegistry/REGISTRIES]: Registry minecraft:item: Object did not get ID it asked for. Name: thalassophobia:pearl Expected: 5576 Got: 11399
[09Jul2025 03:53:25.764] [main/WARN] [net.minecraftforge.registries.ForgeRegistry/REGISTRIES]: Registry minecraft:item: Object did not get ID it asked for. Name: thalassophobia:black_pearl Expected: 5577 Got: 11400
[09Jul2025 03:53:25.764] [main/WARN] [net.minecraftforge.registries.ForgeRegistry/REGISTRIES]: Registry minecraft:item: Object did not get ID it asked for. Name: thalassophobia:sonar_organ Expected: 5578 Got: 11401
[09Jul2025 03:53:25.764] [main/WARN] [net.minecraftforge.registries.ForgeRegistry/REGISTRIES]: Registry minecraft:item: Object did not get ID it asked for. Name: thalassophobia:scuba_gear_helmet Expected: 5579 Got: 11402
[09Jul2025 03:53:25.764] [main/WARN] [net.minecraftforge.registries.ForgeRegistry/REGISTRIES]: Registry minecraft:item: Object did not get ID it asked for. Name: thalassophobia:scuba_gear_chestplate Expected: 5580 Got: 11403
[09Jul2025 03:53:25.764] [main/WARN] [net.minecraftforge.registries.ForgeRegistry/REGISTRIES]: Registry minecraft:item: Object did not get ID it asked for. Name: thalassophobia:scuba_gear_leggings Expected: 5581 Got: 11404
[09Jul2025 03:53:25.764] [main/WARN] [net.minecraftforge.registries.ForgeRegistry/REGISTRIES]: Registry minecraft:item: Object did not get ID it asked for. Name: thalassophobia:scuba_gear_boots Expected: 5582 Got: 11405
[09Jul2025 03:53:25.764] [main/WARN] [net.minecraftforge.registries.ForgeRegistry/REGISTRIES]: Registry minecraft:item: Object did not get ID it asked for. Name: thalassophobia:oxygen_tank Expected: 5583 Got: 11406
[09Jul2025 03:53:25.764] [main/WARN] [net.minecraftforge.registries.ForgeRegistry/REGISTRIES]: Registry minecraft:item: Object did not get ID it asked for. Name: thalassophobia:tooth_dagger Expected: 5584 Got: 11407
[09Jul2025 03:53:25.764] [main/WARN] [net.minecraftforge.registries.ForgeRegistry/REGISTRIES]: Registry minecraft:item: Object did not get ID it asked for. Name: thalassophobia:deep_sea_amulet Expected: 5585 Got: 11408
[09Jul2025 03:53:25.764] [main/WARN] [net.minecraftforge.registries.ForgeRegistry/REGISTRIES]: Registry minecraft:item: Object did not get ID it asked for. Name: thalassophobia:echo_shell Expected: 5586 Got: 11409
[09Jul2025 03:53:25.764] [main/WARN] [net.minecraftforge.registries.ForgeRegistry/REGISTRIES]: Registry minecraft:item: Object did not get ID it asked for. Name: thalassophobia:leviathan_sensor Expected: 5587 Got: 11410
[09Jul2025 03:53:25.764] [main/WARN] [net.minecraftforge.registries.ForgeRegistry/REGISTRIES]: Registry minecraft:item: Object did not get ID it asked for. Name: thalassophobia:sonar_beacon Expected: 5588 Got: 11411
[09Jul2025 03:53:25.764] [main/WARN] [net.minecraftforge.registries.ForgeRegistry/REGISTRIES]: Registry minecraft:item: Object did not get ID it asked for. Name: thalassophobia:shock_stab Expected: 5589 Got: 11412
[09Jul2025 03:53:25.765] [main/WARN] [net.minecraftforge.registries.ForgeRegistry/REGISTRIES]: Registry minecraft:item: Object did not get ID it asked for. Name: thalassophobia:deep_shield Expected: 5590 Got: 11413
[09Jul2025 03:53:25.765] [main/WARN] [net.minecraftforge.registries.ForgeRegistry/REGISTRIES]: Registry minecraft:item: Object did not get ID it asked for. Name: thalassophobia:ionic_shield Expected: 5591 Got: 11414
[09Jul2025 03:53:25.765] [main/WARN] [net.minecraftforge.registries.ForgeRegistry/REGISTRIES]: Registry minecraft:item: Object did not get ID it asked for. Name: thalassophobia:alpha_fang Expected: 5592 Got: 11415
[09Jul2025 03:53:25.765] [main/WARN] [net.minecraftforge.registries.ForgeRegistry/REGISTRIES]: Registry minecraft:item: Object did not get ID it asked for. Name: thalassophobia:glow_fish_bucket Expected: 5593 Got: 11416
[09Jul2025 03:53:25.765] [main/WARN] [net.minecraftforge.registries.ForgeRegistry/REGISTRIES]: Registry minecraft:item: Object did not get ID it asked for. Name: thalassophobia:sea_sludge_bucket Expected: 5594 Got: 11417
[09Jul2025 03:53:25.765] [main/WARN] [net.minecraftforge.registries.ForgeRegistry/REGISTRIES]: Registry minecraft:item: Object did not get ID it asked for. Name: thalassophobia:crab_bucket Expected: 5595 Got: 11418
[09Jul2025 03:53:25.765] [main/WARN] [net.minecraftforge.registries.ForgeRegistry/REGISTRIES]: Registry minecraft:item: Object did not get ID it asked for. Name: thalassophobia:yeti_crab_bucket Expected: 5596 Got: 11419
[09Jul2025 03:53:25.765] [main/WARN] [net.minecraftforge.registries.ForgeRegistry/REGISTRIES]: Registry minecraft:item: Object did not get ID it asked for. Name: thalassophobia:vertebrat_bucket Expected: 5597 Got: 11420
[09Jul2025 03:53:25.765] [main/WARN] [net.minecraftforge.registries.ForgeRegistry/REGISTRIES]: Registry minecraft:item: Object did not get ID it asked for. Name: thalassophobia:megapiranha_bucket Expected: 5598 Got: 11421
[09Jul2025 03:53:25.765] [main/WARN] [net.minecraftforge.registries.ForgeRegistry/REGISTRIES]: Registry minecraft:item: Object did not get ID it asked for. Name: thalassophobia:panderodus_bucket Expected: 5599 Got: 11422
[09Jul2025 03:53:25.765] [main/WARN] [net.minecraftforge.registries.ForgeRegistry/REGISTRIES]: Registry minecraft:item: Object did not get ID it asked for. Name: thalassophobia:eurypterid_bucket Expected: 5600 Got: 11423
[09Jul2025 03:53:25.765] [main/WARN] [net.minecraftforge.registries.ForgeRegistry/REGISTRIES]: Registry minecraft:item: Object did not get ID it asked for. Name: thalassophobia:anglerfish_bucket Expected: 5601 Got: 11424
[09Jul2025 03:53:25.766] [main/WARN] [net.minecraftforge.registries.ForgeRegistry/REGISTRIES]: Registry minecraft:item: Object did not get ID it asked for. Name: thalassophobia:gulper_eel_bucket Expected: 5602 Got: 11425
[09Jul2025 03:53:25.766] [main/WARN] [net.minecraftforge.registries.ForgeRegistry/REGISTRIES]: Registry minecraft:item: Object did not get ID it asked for. Name: thalassophobia:zapfin_bucket Expected: 5603 Got: 11426
[09Jul2025 03:53:25.766] [main/WARN] [net.minecraftforge.registries.ForgeRegistry/REGISTRIES]: Registry minecraft:item: Object did not get ID it asked for. Name: thalassophobia:octus_bucket Expected: 5604 Got: 11427
[09Jul2025 03:53:25.766] [main/WARN] [net.minecraftforge.registries.ForgeRegistry/REGISTRIES]: Registry minecraft:item: Object did not get ID it asked for. Name: thalassophobia:cookie_cutter_shark_bucket Expected: 5605 Got: 11428
[09Jul2025 03:53:25.766] [main/WARN] [net.minecraftforge.registries.ForgeRegistry/REGISTRIES]: Registry minecraft:item: Object did not get ID it asked for. Name: thalassophobia:sea_bird_spawn_egg Expected: 5606 Got: 11429
[09Jul2025 03:53:25.766] [main/WARN] [net.minecraftforge.registries.ForgeRegistry/REGISTRIES]: Registry minecraft:item: Object did not get ID it asked for. Name: thalassophobia:hesperornis_spawn_egg Expected: 5607 Got: 11430
[09Jul2025 03:53:25.766] [main/WARN] [net.minecraftforge.registries.ForgeRegistry/REGISTRIES]: Registry minecraft:item: Object did not get ID it asked for. Name: thalassophobia:glow_fish_spawn_egg Expected: 5608 Got: 11431
[09Jul2025 03:53:25.766] [main/WARN] [net.minecraftforge.registries.ForgeRegistry/REGISTRIES]: Registry minecraft:item: Object did not get ID it asked for. Name: thalassophobia:sea_sludge_spawn_egg Expected: 5609 Got: 11432
[09Jul2025 03:53:25.766] [main/WARN] [net.minecraftforge.registries.ForgeRegistry/REGISTRIES]: Registry minecraft:item: Object did not get ID it asked for. Name: thalassophobia:crab_spawn_egg Expected: 5610 Got: 11433
[09Jul2025 03:53:25.766] [main/WARN] [net.minecraftforge.registries.ForgeRegistry/REGISTRIES]: Registry minecraft:item: Object did not get ID it asked for. Name: thalassophobia:yeti_crab_spawn_egg Expected: 5611 Got: 11434
[09Jul2025 03:53:25.766] [main/WARN] [net.minecraftforge.registries.ForgeRegistry/REGISTRIES]: Registry minecraft:item: Object did not get ID it asked for. Name: thalassophobia:vertebrat_spawn_egg Expected: 5612 Got: 11435
[09Jul2025 03:53:25.766] [main/WARN] [net.minecraftforge.registries.ForgeRegistry/REGISTRIES]: Registry minecraft:item: Object did not get ID it asked for. Name: thalassophobia:megapiranha_spawn_egg Expected: 5613 Got: 11436
[09Jul2025 03:53:25.766] [main/WARN] [net.minecraftforge.registries.ForgeRegistry/REGISTRIES]: Registry minecraft:item: Object did not get ID it asked for. Name: thalassophobia:panderodus_spawn_egg Expected: 5614 Got: 11437
[09Jul2025 03:53:25.767] [main/WARN] [net.minecraftforge.registries.ForgeRegistry/REGISTRIES]: Registry minecraft:item: Object did not get ID it asked for. Name: thalassophobia:eurypterid_spawn_egg Expected: 5615 Got: 11438
[09Jul2025 03:53:25.767] [main/WARN] [net.minecraftforge.registries.ForgeRegistry/REGISTRIES]: Registry minecraft:item: Object did not get ID it asked for. Name: thalassophobia:anomalocaris_spawn_egg Expected: 5616 Got: 11439
[09Jul2025 03:53:25.767] [main/WARN] [net.minecraftforge.registries.ForgeRegistry/REGISTRIES]: Registry minecraft:item: Object did not get ID it asked for. Name: thalassophobia:anglerfish_spawn_egg Expected: 5617 Got: 11440
[09Jul2025 03:53:25.767] [main/WARN] [net.minecraftforge.registries.ForgeRegistry/REGISTRIES]: Registry minecraft:item: Object did not get ID it asked for. Name: thalassophobia:gulper_eel_spawn_egg Expected: 5618 Got: 11441
[09Jul2025 03:53:25.767] [main/WARN] [net.minecraftforge.registries.ForgeRegistry/REGISTRIES]: Registry minecraft:item: Object did not get ID it asked for. Name: thalassophobia:manta_spawn_egg Expected: 5619 Got: 11442
[09Jul2025 03:53:25.767] [main/WARN] [net.minecraftforge.registries.ForgeRegistry/REGISTRIES]: Registry minecraft:item: Object did not get ID it asked for. Name: thalassophobia:cnidaria_spawn_egg Expected: 5620 Got: 11443
[09Jul2025 03:53:25.767] [main/WARN] [net.minecraftforge.registries.ForgeRegistry/REGISTRIES]: Registry minecraft:item: Object did not get ID it asked for. Name: thalassophobia:sea_phantom_spawn_egg Expected: 5621 Got: 11444
[09Jul2025 03:53:25.767] [main/WARN] [net.minecraftforge.registries.ForgeRegistry/REGISTRIES]: Registry minecraft:item: Object did not get ID it asked for. Name: thalassophobia:bathotrap_spawn_egg Expected: 5622 Got: 11445
[09Jul2025 03:53:25.767] [main/WARN] [net.minecraftforge.registries.ForgeRegistry/REGISTRIES]: Registry minecraft:item: Object did not get ID it asked for. Name: thalassophobia:maka_maka_in_ground_spawn_egg Expected: 5623 Got: 11446
[09Jul2025 03:53:25.767] [main/WARN] [net.minecraftforge.registries.ForgeRegistry/REGISTRIES]: Registry minecraft:item: Object did not get ID it asked for. Name: thalassophobia:megastar_spawn_egg Expected: 5624 Got: 11447
[09Jul2025 03:53:25.767] [main/WARN] [net.minecraftforge.registries.ForgeRegistry/REGISTRIES]: Registry minecraft:item: Object did not get ID it asked for. Name: thalassophobia:ammonita_spawn_egg Expected: 5625 Got: 11448
[09Jul2025 03:53:25.767] [main/WARN] [net.minecraftforge.registries.ForgeRegistry/REGISTRIES]: Registry minecraft:item: Object did not get ID it asked for. Name: thalassophobia:archelon_spawn_egg Expected: 5626 Got: 11449
[09Jul2025 03:53:25.768] [main/WARN] [net.minecraftforge.registries.ForgeRegistry/REGISTRIES]: Registry minecraft:item: Object did not get ID it asked for. Name: thalassophobia:sunfish_spawn_egg Expected: 5627 Got: 11450
[09Jul2025 03:53:25.768] [main/WARN] [net.minecraftforge.registries.ForgeRegistry/REGISTRIES]: Registry minecraft:item: Object did not get ID it asked for. Name: thalassophobia:ichthyosaurus_spawn_egg Expected: 5628 Got: 11451
[09Jul2025 03:53:25.768] [main/WARN] [net.minecraftforge.registries.ForgeRegistry/REGISTRIES]: Registry minecraft:item: Object did not get ID it asked for. Name: thalassophobia:riffhead_spawn_egg Expected: 5629 Got: 11452
[09Jul2025 03:53:25.768] [main/WARN] [net.minecraftforge.registries.ForgeRegistry/REGISTRIES]: Registry minecraft:item: Object did not get ID it asked for. Name: thalassophobia:leedsichthys_spawn_egg Expected: 5630 Got: 11453
[09Jul2025 03:53:25.768] [main/WARN] [net.minecraftforge.registries.ForgeRegistry/REGISTRIES]: Registry minecraft:item: Object did not get ID it asked for. Name: thalassophobia:zapfin_spawn_egg Expected: 5631 Got: 11454
[09Jul2025 03:53:25.768] [main/WARN] [net.minecraftforge.registries.ForgeRegistry/REGISTRIES]: Registry minecraft:item: Object did not get ID it asked for. Name: thalassophobia:electrophorus_spawn_egg Expected: 5632 Got: 11455
[09Jul2025 03:53:25.768] [main/WARN] [net.minecraftforge.registries.ForgeRegistry/REGISTRIES]: Registry minecraft:item: Object did not get ID it asked for. Name: thalassophobia:octus_spawn_egg Expected: 5633 Got: 11456
[09Jul2025 03:53:25.768] [main/WARN] [net.minecraftforge.registries.ForgeRegistry/REGISTRIES]: Registry minecraft:item: Object did not get ID it asked for. Name: thalassophobia:orthoceras_spawn_egg Expected: 5634 Got: 11457
[09Jul2025 03:53:25.768] [main/WARN] [net.minecraftforge.registries.ForgeRegistry/REGISTRIES]: Registry minecraft:item: Object did not get ID it asked for. Name: thalassophobia:cookie_cutter_shark_spawn_egg Expected: 5635 Got: 11458
[09Jul2025 03:53:25.768] [main/WARN] [net.minecraftforge.registries.ForgeRegistry/REGISTRIES]: Registry minecraft:item: Object did not get ID it asked for. Name: thalassophobia:shark_spawn_egg Expected: 5636 Got: 11459
[09Jul2025 03:53:25.768] [main/WARN] [net.minecraftforge.registries.ForgeRegistry/REGISTRIES]: Registry minecraft:item: Object did not get ID it asked for. Name: thalassophobia:bull_shark_spawn_egg Expected: 5637 Got: 11460
[09Jul2025 03:53:25.768] [main/WARN] [net.minecraftforge.registries.ForgeRegistry/REGISTRIES]: Registry minecraft:item: Object did not get ID it asked for. Name: thalassophobia:hammerhead_shark_spawn_egg Expected: 5638 Got: 11461
[09Jul2025 03:53:25.769] [main/WARN] [net.minecraftforge.registries.ForgeRegistry/REGISTRIES]: Registry minecraft:item: Object did not get ID it asked for. Name: thalassophobia:helicoprion_spawn_egg Expected: 5639 Got: 11462
[09Jul2025 03:53:25.769] [main/WARN] [net.minecraftforge.registries.ForgeRegistry/REGISTRIES]: Registry minecraft:item: Object did not get ID it asked for. Name: thalassophobia:basking_shark_spawn_egg Expected: 5640 Got: 11463
[09Jul2025 03:53:25.769] [main/WARN] [net.minecraftforge.registries.ForgeRegistry/REGISTRIES]: Registry minecraft:item: Object did not get ID it asked for. Name: thalassophobia:xiphactinus_spawn_egg Expected: 5641 Got: 11464
[09Jul2025 03:53:25.769] [main/WARN] [net.minecraftforge.registries.ForgeRegistry/REGISTRIES]: Registry minecraft:item: Object did not get ID it asked for. Name: thalassophobia:reaverfish_spawn_egg Expected: 5642 Got: 11465
[09Jul2025 03:53:25.769] [main/WARN] [net.minecraftforge.registries.ForgeRegistry/REGISTRIES]: Registry minecraft:item: Object did not get ID it asked for. Name: thalassophobia:megalodon_spawn_egg Expected: 5643 Got: 11466
[09Jul2025 03:53:25.769] [main/WARN] [net.minecraftforge.registries.ForgeRegistry/REGISTRIES]: Registry minecraft:item: Object did not get ID it asked for. Name: thalassophobia:dunkleosteus_spawn_egg Expected: 5644 Got: 11467
[09Jul2025 03:53:25.769] [main/WARN] [net.minecraftforge.registries.ForgeRegistry/REGISTRIES]: Registry minecraft:item: Object did not get ID it asked for. Name: thalassophobia:plesiosaur_spawn_egg Expected: 5645 Got: 11468
[09Jul2025 03:53:25.769] [main/WARN] [net.minecraftforge.registries.ForgeRegistry/REGISTRIES]: Registry minecraft:item: Object did not get ID it asked for. Name: thalassophobia:basilosaurus_spawn_egg Expected: 5646 Got: 11469
[09Jul2025 03:53:25.769] [main/WARN] [net.minecraftforge.registries.ForgeRegistry/REGISTRIES]: Registry minecraft:item: Object did not get ID it asked for. Name: thalassophobia:liopleurodon_spawn_egg Expected: 5647 Got: 11470
[09Jul2025 03:53:25.769] [main/WARN] [net.minecraftforge.registries.ForgeRegistry/REGISTRIES]: Registry minecraft:item: Object did not get ID it asked for. Name: thalassophobia:mosasaur_spawn_egg Expected: 5648 Got: 11471
[09Jul2025 03:53:25.769] [main/WARN] [net.minecraftforge.registries.ForgeRegistry/REGISTRIES]: Registry minecraft:item: Object did not get ID it asked for. Name: thalassophobia:tusoteuthis_spawn_egg Expected: 5649 Got: 11472
[09Jul2025 03:53:25.769] [main/WARN] [net.minecraftforge.registries.ForgeRegistry/REGISTRIES]: Registry minecraft:item: Object did not get ID it asked for. Name: thalassophobia:baby_colossoteus_spawn_egg Expected: 5650 Got: 11473
[09Jul2025 03:53:25.769] [main/WARN] [net.minecraftforge.registries.ForgeRegistry/REGISTRIES]: Registry minecraft:item: Object did not get ID it asked for. Name: thalassophobia:colossoteus_spawn_egg Expected: 5651 Got: 11474
[09Jul2025 03:53:25.770] [main/WARN] [net.minecraftforge.registries.ForgeRegistry/REGISTRIES]: Registry minecraft:item: Object did not get ID it asked for. Name: thalassophobia:alpha_reaverfish_spawn_egg Expected: 5652 Got: 11475
[09Jul2025 03:53:25.770] [main/WARN] [net.minecraftforge.registries.ForgeRegistry/REGISTRIES]: Registry minecraft:item: Object did not get ID it asked for. Name: thalassophobia:sonar_beacon_activated Expected: 5653 Got: 11476
[09Jul2025 03:53:25.770] [main/WARN] [net.minecraftforge.registries.ForgeRegistry/REGISTRIES]: Registry minecraft:item: Object did not get ID it asked for. Name: thalassophobia:mod_logo Expected: 5654 Got: 11477
[09Jul2025 03:53:25.770] [main/WARN] [net.minecraftforge.registries.ForgeRegistry/REGISTRIES]: Registry minecraft:item: Object did not get ID it asked for. Name: benssharks:greatwhiteshark_spawn_egg Expected: 6841 Got: 11478
[09Jul2025 03:53:25.770] [main/WARN] [net.minecraftforge.registries.ForgeRegistry/REGISTRIES]: Registry minecraft:item: Object did not get ID it asked for. Name: benssharks:shark_fin_soup Expected: 6842 Got: 11479
[09Jul2025 03:53:25.770] [main/WARN] [net.minecraftforge.registries.ForgeRegistry/REGISTRIES]: Registry minecraft:item: Object did not get ID it asked for. Name: benssharks:nurse_shark_spawn_egg Expected: 6843 Got: 11480
[09Jul2025 03:53:25.770] [main/WARN] [net.minecraftforge.registries.ForgeRegistry/REGISTRIES]: Registry minecraft:item: Object did not get ID it asked for. Name: benssharks:fish_bucket Expected: 6844 Got: 11481
[09Jul2025 03:53:25.770] [main/WARN] [net.minecraftforge.registries.ForgeRegistry/REGISTRIES]: Registry minecraft:item: Object did not get ID it asked for. Name: benssharks:remora_spawn_egg Expected: 6845 Got: 11482
[09Jul2025 03:53:25.770] [main/WARN] [net.minecraftforge.registries.ForgeRegistry/REGISTRIES]: Registry minecraft:item: Object did not get ID it asked for. Name: benssharks:shark_tooth Expected: 6846 Got: 11483
[09Jul2025 03:53:25.770] [main/WARN] [net.minecraftforge.registries.ForgeRegistry/REGISTRIES]: Registry minecraft:item: Object did not get ID it asked for. Name: benssharks:remora_bucket Expected: 6847 Got: 11484
[09Jul2025 03:53:25.770] [main/WARN] [net.minecraftforge.registries.ForgeRegistry/REGISTRIES]: Registry minecraft:item: Object did not get ID it asked for. Name: benssharks:sucker Expected: 6848 Got: 11485
[09Jul2025 03:53:25.770] [main/WARN] [net.minecraftforge.registries.ForgeRegistry/REGISTRIES]: Registry minecraft:item: Object did not get ID it asked for. Name: benssharks:land_mine Expected: 6849 Got: 11486
[09Jul2025 03:53:25.771] [main/WARN] [net.minecraftforge.registries.ForgeRegistry/REGISTRIES]: Registry minecraft:item: Object did not get ID it asked for. Name: benssharks:tiger_shark_spawn_egg Expected: 6850 Got: 11487
[09Jul2025 03:53:25.771] [main/WARN] [net.minecraftforge.registries.ForgeRegistry/REGISTRIES]: Registry minecraft:item: Object did not get ID it asked for. Name: benssharks:dent Expected: 6851 Got: 11488
[09Jul2025 03:53:25.771] [main/WARN] [net.minecraftforge.registries.ForgeRegistry/REGISTRIES]: Registry minecraft:item: Object did not get ID it asked for. Name: benssharks:fish_broth Expected: 6852 Got: 11489
[09Jul2025 03:53:25.771] [main/WARN] [net.minecraftforge.registries.ForgeRegistry/REGISTRIES]: Registry minecraft:item: Object did not get ID it asked for. Name: benssharks:axodile_spawn_egg Expected: 6853 Got: 11490
[09Jul2025 03:53:25.771] [main/WARN] [net.minecraftforge.registries.ForgeRegistry/REGISTRIES]: Registry minecraft:item: Object did not get ID it asked for. Name: benssharks:axoleather Expected: 6854 Got: 11491
[09Jul2025 03:53:25.771] [main/WARN] [net.minecraftforge.registries.ForgeRegistry/REGISTRIES]: Registry minecraft:item: Object did not get ID it asked for. Name: benssharks:axoscute Expected: 6855 Got: 11492
[09Jul2025 03:53:25.771] [main/WARN] [net.minecraftforge.registries.ForgeRegistry/REGISTRIES]: Registry minecraft:item: Object did not get ID it asked for. Name: benssharks:jagged_helmet Expected: 6856 Got: 11493
[09Jul2025 03:53:25.771] [main/WARN] [net.minecraftforge.registries.ForgeRegistry/REGISTRIES]: Registry minecraft:item: Object did not get ID it asked for. Name: benssharks:jagged_chestplate Expected: 6857 Got: 11494
[09Jul2025 03:53:25.771] [main/WARN] [net.minecraftforge.registries.ForgeRegistry/REGISTRIES]: Registry minecraft:item: Object did not get ID it asked for. Name: benssharks:jagged_leggings Expected: 6858 Got: 11495
[09Jul2025 03:53:25.771] [main/WARN] [net.minecraftforge.registries.ForgeRegistry/REGISTRIES]: Registry minecraft:item: Object did not get ID it asked for. Name: benssharks:jagged_boots Expected: 6859 Got: 11496
[09Jul2025 03:53:25.771] [main/WARN] [net.minecraftforge.registries.ForgeRegistry/REGISTRIES]: Registry minecraft:item: Object did not get ID it asked for. Name: benssharks:starch Expected: 6860 Got: 11497
[09Jul2025 03:53:25.772] [main/WARN] [net.minecraftforge.registries.ForgeRegistry/REGISTRIES]: Registry minecraft:item: Object did not get ID it asked for. Name: benssharks:cellophane_noodles Expected: 6861 Got: 11498
[09Jul2025 03:53:25.772] [main/WARN] [net.minecraftforge.registries.ForgeRegistry/REGISTRIES]: Registry minecraft:item: Object did not get ID it asked for. Name: benssharks:blue_shark_spawn_egg Expected: 6862 Got: 11499
[09Jul2025 03:53:25.772] [main/WARN] [net.minecraftforge.registries.ForgeRegistry/REGISTRIES]: Registry minecraft:item: Object did not get ID it asked for. Name: benssharks:bonnethead_shark_spawn_egg Expected: 6863 Got: 11500
[09Jul2025 03:53:25.772] [main/WARN] [net.minecraftforge.registries.ForgeRegistry/REGISTRIES]: Registry minecraft:item: Object did not get ID it asked for. Name: benssharks:mako_shark_spawn_egg Expected: 6864 Got: 11501
[09Jul2025 03:53:25.772] [main/WARN] [net.minecraftforge.registries.ForgeRegistry/REGISTRIES]: Registry minecraft:item: Object did not get ID it asked for. Name: benssharks:bonnethead_shark_bucket Expected: 6865 Got: 11502
[09Jul2025 03:53:25.772] [main/WARN] [net.minecraftforge.registries.ForgeRegistry/REGISTRIES]: Registry minecraft:item: Object did not get ID it asked for. Name: benssharks:cookiecutter_shark_spawn_egg Expected: 6866 Got: 11503
[09Jul2025 03:53:25.772] [main/WARN] [net.minecraftforge.registries.ForgeRegistry/REGISTRIES]: Registry minecraft:item: Object did not get ID it asked for. Name: benssharks:cookiecutter_shark_bucket Expected: 6867 Got: 11504
[09Jul2025 03:53:25.772] [main/WARN] [net.minecraftforge.registries.ForgeRegistry/REGISTRIES]: Registry minecraft:item: Object did not get ID it asked for. Name: benssharks:blacktip_reef_shark_spawn_egg Expected: 6868 Got: 11505
[09Jul2025 03:53:25.772] [main/WARN] [net.minecraftforge.registries.ForgeRegistry/REGISTRIES]: Registry minecraft:item: Object did not get ID it asked for. Name: benssharks:blacktip_reef_shark_bucket Expected: 6869 Got: 11506
[09Jul2025 03:53:25.772] [main/WARN] [net.minecraftforge.registries.ForgeRegistry/REGISTRIES]: Registry minecraft:item: Object did not get ID it asked for. Name: benssharks:cookiecutter_shark_live Expected: 6870 Got: 11507
[09Jul2025 03:53:25.772] [main/WARN] [net.minecraftforge.registries.ForgeRegistry/REGISTRIES]: Registry minecraft:item: Object did not get ID it asked for. Name: benssharks:basking_shark_spawn_egg Expected: 6871 Got: 11508
[09Jul2025 03:53:25.773] [main/WARN] [net.minecraftforge.registries.ForgeRegistry/REGISTRIES]: Registry minecraft:item: Object did not get ID it asked for. Name: benssharks:bull_shark_spawn_egg Expected: 6872 Got: 11509
[09Jul2025 03:53:25.773] [main/WARN] [net.minecraftforge.registries.ForgeRegistry/REGISTRIES]: Registry minecraft:item: Object did not get ID it asked for. Name: benssharks:shark_plush_block Expected: 6873 Got: 11510
[09Jul2025 03:53:25.773] [main/WARN] [net.minecraftforge.registries.ForgeRegistry/REGISTRIES]: Registry minecraft:item: Object did not get ID it asked for. Name: benssharks:megalodon_spawn_egg Expected: 6874 Got: 11511
[09Jul2025 03:53:25.773] [main/WARN] [net.minecraftforge.registries.ForgeRegistry/REGISTRIES]: Registry minecraft:item: Object did not get ID it asked for. Name: benssharks:land_shark_spawn_egg Expected: 6875 Got: 11512
[09Jul2025 03:53:25.773] [main/WARN] [net.minecraftforge.registries.ForgeRegistry/REGISTRIES]: Registry minecraft:item: Object did not get ID it asked for. Name: benssharks:mutated_egg Expected: 6876 Got: 11513
[09Jul2025 03:53:25.773] [main/WARN] [net.minecraftforge.registries.ForgeRegistry/REGISTRIES]: Registry minecraft:item: Object did not get ID it asked for. Name: benssharks:lemon_shark_spawn_egg Expected: 6877 Got: 11514
[09Jul2025 03:53:25.773] [main/WARN] [net.minecraftforge.registries.ForgeRegistry/REGISTRIES]: Registry minecraft:item: Object did not get ID it asked for. Name: benssharks:shark_fin Expected: 6878 Got: 11515
[09Jul2025 03:53:25.773] [main/WARN] [net.minecraftforge.registries.ForgeRegistry/REGISTRIES]: Registry minecraft:item: Object did not get ID it asked for. Name: benssharks:thalassoger_spawn_egg Expected: 6879 Got: 11516
[09Jul2025 03:53:25.773] [main/WARN] [net.minecraftforge.registries.ForgeRegistry/REGISTRIES]: Registry minecraft:item: Object did not get ID it asked for. Name: benssharks:soup_sharkfin Expected: 6880 Got: 11517
[09Jul2025 03:53:25.773] [main/WARN] [net.minecraftforge.registries.ForgeRegistry/REGISTRIES]: Registry minecraft:item: Object did not get ID it asked for. Name: benssharks:krill_spawn_egg Expected: 6881 Got: 11518
[09Jul2025 03:53:25.774] [main/WARN] [net.minecraftforge.registries.ForgeRegistry/REGISTRIES]: Registry minecraft:item: Object did not get ID it asked for. Name: benssharks:krill_item Expected: 6882 Got: 11519
[09Jul2025 03:53:25.774] [main/WARN] [net.minecraftforge.registries.ForgeRegistry/REGISTRIES]: Registry minecraft:item: Object did not get ID it asked for. Name: benssharks:whale_shark_spawn_egg Expected: 6883 Got: 11520
[09Jul2025 03:53:25.774] [main/WARN] [net.minecraftforge.registries.ForgeRegistry/REGISTRIES]: Registry minecraft:item: Object did not get ID it asked for. Name: benssharks:land_mine_primed Expected: 6884 Got: 11521
[09Jul2025 03:53:25.774] [main/WARN] [net.minecraftforge.registries.ForgeRegistry/REGISTRIES]: Registry minecraft:item: Object did not get ID it asked for. Name: benssharks:maelstrom Expected: 6885 Got: 11522
[09Jul2025 03:53:25.774] [main/WARN] [net.minecraftforge.registries.ForgeRegistry/REGISTRIES]: Registry minecraft:item: Object did not get ID it asked for. Name: benssharks:maelstrom_bow Expected: 6886 Got: 11523
[09Jul2025 03:53:25.774] [main/WARN] [net.minecraftforge.registries.ForgeRegistry/REGISTRIES]: Registry minecraft:item: Object did not get ID it asked for. Name: benssharks:pilot_fish_spawn_egg Expected: 6887 Got: 11524
[09Jul2025 03:53:25.774] [main/WARN] [net.minecraftforge.registries.ForgeRegistry/REGISTRIES]: Registry minecraft:item: Object did not get ID it asked for. Name: benssharks:raw_pilot_fish Expected: 6888 Got: 11525
[09Jul2025 03:53:25.774] [main/WARN] [net.minecraftforge.registries.ForgeRegistry/REGISTRIES]: Registry minecraft:item: Object did not get ID it asked for. Name: benssharks:pilot_fish_bucket Expected: 6889 Got: 11526
[09Jul2025 03:53:25.774] [main/WARN] [net.minecraftforge.registries.ForgeRegistry/REGISTRIES]: Registry minecraft:item: Object did not get ID it asked for. Name: benssharks:cooked_pilot_fish Expected: 6890 Got: 11527
[09Jul2025 03:53:25.774] [main/WARN] [net.minecraftforge.registries.ForgeRegistry/REGISTRIES]: Registry minecraft:item: Object did not get ID it asked for. Name: benssharks:krill_cake Expected: 6891 Got: 11528
[09Jul2025 03:53:25.774] [main/WARN] [net.minecraftforge.registries.ForgeRegistry/REGISTRIES]: Registry minecraft:item: Object did not get ID it asked for. Name: benssharks:krill_noodles Expected: 6892 Got: 11529
[09Jul2025 03:53:25.775] [main/WARN] [net.minecraftforge.registries.ForgeRegistry/REGISTRIES]: Registry minecraft:item: Object did not get ID it asked for. Name: benssharks:greater_axodile_spawn_egg Expected: 6893 Got: 11530
[09Jul2025 03:53:25.775] [main/WARN] [net.minecraftforge.registries.ForgeRegistry/REGISTRIES]: Registry minecraft:item: Object did not get ID it asked for. Name: benssharks:krill_bucket Expected: 6894 Got: 11531
[09Jul2025 03:53:25.775] [main/WARN] [net.minecraftforge.registries.ForgeRegistry/REGISTRIES]: Registry minecraft:item: Object did not get ID it asked for. Name: benssharks:egg_capsule Expected: 6895 Got: 11532
[09Jul2025 03:53:25.775] [main/WARN] [net.minecraftforge.registries.ForgeRegistry/REGISTRIES]: Registry minecraft:item: Object did not get ID it asked for. Name: benssharks:greenland_shark_spawn_egg Expected: 6896 Got: 11533
[09Jul2025 03:53:25.775] [main/WARN] [net.minecraftforge.registries.ForgeRegistry/REGISTRIES]: Registry minecraft:item: Object did not get ID it asked for. Name: benssharks:whitetip_shark_spawn_egg Expected: 6897 Got: 11534
[09Jul2025 03:53:25.775] [main/WARN] [net.minecraftforge.registries.ForgeRegistry/REGISTRIES]: Registry minecraft:item: Object did not get ID it asked for. Name: benssharks:megalodon_tooth Expected: 6898 Got: 11535
[09Jul2025 03:53:25.775] [main/WARN] [net.minecraftforge.registries.ForgeRegistry/REGISTRIES]: Registry minecraft:item: Object did not get ID it asked for. Name: benssharks:shark_tooth_club Expected: 6899 Got: 11536
[09Jul2025 03:53:25.775] [main/WARN] [net.minecraftforge.registries.ForgeRegistry/REGISTRIES]: Registry minecraft:item: Object did not get ID it asked for. Name: benssharks:spetum Expected: 6900 Got: 11537
[09Jul2025 03:53:25.775] [main/WARN] [net.minecraftforge.registries.ForgeRegistry/REGISTRIES]: Registry minecraft:item: Object did not get ID it asked for. Name: benssharks:barracuda_spawn_egg Expected: 6901 Got: 11538
[09Jul2025 03:53:25.775] [main/WARN] [net.minecraftforge.registries.ForgeRegistry/REGISTRIES]: Registry minecraft:item: Object did not get ID it asked for. Name: benssharks:raw_barracuda Expected: 6902 Got: 11539
[09Jul2025 03:53:25.775] [main/WARN] [net.minecraftforge.registries.ForgeRegistry/REGISTRIES]: Registry minecraft:item: Object did not get ID it asked for. Name: benssharks:barracuda_bucket Expected: 6903 Got: 11540
[09Jul2025 03:53:25.776] [main/WARN] [net.minecraftforge.registries.ForgeRegistry/REGISTRIES]: Registry minecraft:item: Object did not get ID it asked for. Name: benssharks:cooked_barracuda Expected: 6904 Got: 11541
[09Jul2025 03:53:25.776] [main/WARN] [net.minecraftforge.registries.ForgeRegistry/REGISTRIES]: Registry minecraft:item: Object did not get ID it asked for. Name: benssharks:leopard_shark_spawn_egg Expected: 6905 Got: 11542
[09Jul2025 03:53:25.776] [main/WARN] [net.minecraftforge.registries.ForgeRegistry/REGISTRIES]: Registry minecraft:item: Object did not get ID it asked for. Name: benssharks:leopard_shark_bucket Expected: 6906 Got: 11543
[09Jul2025 03:53:25.776] [main/WARN] [net.minecraftforge.registries.ForgeRegistry/REGISTRIES]: Registry minecraft:item: Object did not get ID it asked for. Name: benssharks:goblin_shark_spawn_egg Expected: 6907 Got: 11544
[09Jul2025 03:53:25.776] [main/WARN] [net.minecraftforge.registries.ForgeRegistry/REGISTRIES]: Registry minecraft:item: Object did not get ID it asked for. Name: benssharks:leopard_shark_bucket_tamed Expected: 6908 Got: 11545
[09Jul2025 03:53:25.776] [main/WARN] [net.minecraftforge.registries.ForgeRegistry/REGISTRIES]: Registry minecraft:item: Object did not get ID it asked for. Name: benssharks:sawshark_spawn_egg Expected: 6909 Got: 11546
[09Jul2025 03:53:25.776] [main/WARN] [net.minecraftforge.registries.ForgeRegistry/REGISTRIES]: Registry minecraft:item: Object did not get ID it asked for. Name: benssharks:sawshark_bucket Expected: 6910 Got: 11547
[09Jul2025 03:53:25.776] [main/WARN] [net.minecraftforge.registries.ForgeRegistry/REGISTRIES]: Registry minecraft:mob_effect: Object did not get ID it asked for. Name: thalassophobia:electric_shock Expected: 172 Got: 399
[09Jul2025 03:53:25.776] [main/WARN] [net.minecraftforge.registries.ForgeRegistry/REGISTRIES]: Registry minecraft:mob_effect: Object did not get ID it asked for. Name: thalassophobia:mothers_call Expected: 173 Got: 400
[09Jul2025 03:53:25.777] [main/WARN] [net.minecraftforge.registries.ForgeRegistry/REGISTRIES]: Registry minecraft:mob_effect: Object did not get ID it asked for. Name: benssharks:bleeding Expected: 206 Got: 401
[09Jul2025 03:53:25.777] [main/WARN] [net.minecraftforge.registries.ForgeRegistry/REGISTRIES]: Registry minecraft:mob_effect: Object did not get ID it asked for. Name: benssharks:jaws Expected: 207 Got: 402
[09Jul2025 03:53:25.777] [main/WARN] [net.minecraftforge.registries.ForgeRegistry/REGISTRIES]: Registry minecraft:mob_effect: Object did not get ID it asked for. Name: benssharks:dryout_effect Expected: 208 Got: 403
[09Jul2025 03:53:25.777] [main/WARN] [net.minecraftforge.registries.ForgeRegistry/REGISTRIES]: Registry minecraft:mob_effect: Object did not get ID it asked for. Name: benssharks:sealing Expected: 209 Got: 404
[09Jul2025 03:53:25.777] [main/WARN] [net.minecraftforge.registries.ForgeRegistry/REGISTRIES]: Registry minecraft:mob_effect: Object did not get ID it asked for. Name: benssharks:parasite Expected: 210 Got: 405
[09Jul2025 03:53:25.777] [main/WARN] [net.minecraftforge.registries.ForgeRegistry/REGISTRIES]: Registry minecraft:mob_effect: Object did not get ID it asked for. Name: benssharks:detached Expected: 211 Got: 406
[09Jul2025 03:53:25.777] [main/WARN] [net.minecraftforge.registries.ForgeRegistry/REGISTRIES]: Registry minecraft:mob_effect: Object did not get ID it asked for. Name: benssharks:prey Expected: 212 Got: 407
[09Jul2025 03:53:25.777] [main/WARN] [net.minecraftforge.registries.ForgeRegistry/REGISTRIES]: Registry minecraft:mob_effect: Object did not get ID it asked for. Name: benssharks:frenzy Expected: 213 Got: 408
[09Jul2025 03:53:25.777] [main/WARN] [net.minecraftforge.registries.ForgeRegistry/REGISTRIES]: Registry minecraft:mob_effect: Object did not get ID it asked for. Name: benssharks:fertilized Expected: 214 Got: 409
[09Jul2025 03:53:25.779] [main/WARN] [net.minecraftforge.registries.ForgeRegistry/REGISTRIES]: Registry minecraft:sound_event: Object did not get ID it asked for. Name: thalassophobia:entity.colossoteus.shoot Expected: 3199 Got: 4631
[09Jul2025 03:53:25.779] [main/WARN] [net.minecraftforge.registries.ForgeRegistry/REGISTRIES]: Registry minecraft:sound_event: Object did not get ID it asked for. Name: thalassophobia:entity.colossoteus.ambient Expected: 3200 Got: 4632
[09Jul2025 03:53:25.779] [main/WARN] [net.minecraftforge.registries.ForgeRegistry/REGISTRIES]: Registry minecraft:sound_event: Object did not get ID it asked for. Name: thalassophobia:entity.vertebrat.ambient Expected: 3201 Got: 4633
[09Jul2025 03:53:25.779] [main/WARN] [net.minecraftforge.registries.ForgeRegistry/REGISTRIES]: Registry minecraft:sound_event: Object did not get ID it asked for. Name: thalassophobia:entity.vertebrat.hurt Expected: 3202 Got: 4634
[09Jul2025 03:53:25.779] [main/WARN] [net.minecraftforge.registries.ForgeRegistry/REGISTRIES]: Registry minecraft:sound_event: Object did not get ID it asked for. Name: thalassophobia:entity.vertebrat.death Expected: 3203 Got: 4635
[09Jul2025 03:53:25.779] [main/WARN] [net.minecraftforge.registries.ForgeRegistry/REGISTRIES]: Registry minecraft:sound_event: Object did not get ID it asked for. Name: thalassophobia:entity.colossoteus.hurt Expected: 3204 Got: 4636
[09Jul2025 03:53:25.779] [main/WARN] [net.minecraftforge.registries.ForgeRegistry/REGISTRIES]: Registry minecraft:sound_event: Object did not get ID it asked for. Name: thalassophobia:entity.colossoteus.dies Expected: 3205 Got: 4637
[09Jul2025 03:53:25.779] [main/WARN] [net.minecraftforge.registries.ForgeRegistry/REGISTRIES]: Registry minecraft:sound_event: Object did not get ID it asked for. Name: thalassophobia:silence Expected: 3206 Got: 4638
[09Jul2025 03:53:25.779] [main/WARN] [net.minecraftforge.registries.ForgeRegistry/REGISTRIES]: Registry minecraft:sound_event: Object did not get ID it asked for. Name: thalassophobia:entity.colossoteus.roar_near Expected: 3207 Got: 4639
[09Jul2025 03:53:25.779] [main/WARN] [net.minecraftforge.registries.ForgeRegistry/REGISTRIES]: Registry minecraft:sound_event: Object did not get ID it asked for. Name: thalassophobia:entity.colossoteus.roar_far Expected: 3208 Got: 4640
[09Jul2025 03:53:25.780] [main/WARN] [net.minecraftforge.registries.ForgeRegistry/REGISTRIES]: Registry minecraft:sound_event: Object did not get ID it asked for. Name: thalassophobia:entity.alpha_reaverfish.roar Expected: 3209 Got: 4641
[09Jul2025 03:53:25.780] [main/WARN] [net.minecraftforge.registries.ForgeRegistry/REGISTRIES]: Registry minecraft:sound_event: Object did not get ID it asked for. Name: thalassophobia:entity.sea_phantom.ambient Expected: 3210 Got: 4642
[09Jul2025 03:53:25.780] [main/WARN] [net.minecraftforge.registries.ForgeRegistry/REGISTRIES]: Registry minecraft:sound_event: Object did not get ID it asked for. Name: thalassophobia:entity.sea_phantom.hurt Expected: 3211 Got: 4643
[09Jul2025 03:53:25.780] [main/WARN] [net.minecraftforge.registries.ForgeRegistry/REGISTRIES]: Registry minecraft:sound_event: Object did not get ID it asked for. Name: thalassophobia:entity.sea_phantom.death Expected: 3212 Got: 4644
[09Jul2025 03:53:25.780] [main/WARN] [net.minecraftforge.registries.ForgeRegistry/REGISTRIES]: Registry minecraft:sound_event: Object did not get ID it asked for. Name: thalassophobia:entity.eurypterid.death Expected: 3213 Got: 4645
[09Jul2025 03:53:25.780] [main/WARN] [net.minecraftforge.registries.ForgeRegistry/REGISTRIES]: Registry minecraft:sound_event: Object did not get ID it asked for. Name: thalassophobia:entity.eurypterid.hurt Expected: 3214 Got: 4646
[09Jul2025 03:53:25.780] [main/WARN] [net.minecraftforge.registries.ForgeRegistry/REGISTRIES]: Registry minecraft:sound_event: Object did not get ID it asked for. Name: thalassophobia:entity.shock Expected: 3215 Got: 4647
[09Jul2025 03:53:25.780] [main/WARN] [net.minecraftforge.registries.ForgeRegistry/REGISTRIES]: Registry minecraft:sound_event: Object did not get ID it asked for. Name: thalassophobia:entity.jellyfish.hurt Expected: 3216 Got: 4648
[09Jul2025 03:53:25.780] [main/WARN] [net.minecraftforge.registries.ForgeRegistry/REGISTRIES]: Registry minecraft:sound_event: Object did not get ID it asked for. Name: thalassophobia:entity.jellyfish.death Expected: 3217 Got: 4649
[09Jul2025 03:53:25.780] [main/WARN] [net.minecraftforge.registries.ForgeRegistry/REGISTRIES]: Registry minecraft:sound_event: Object did not get ID it asked for. Name: thalassophobia:entity.ammonite.hurt Expected: 3218 Got: 4650
[09Jul2025 03:53:25.780] [main/WARN] [net.minecraftforge.registries.ForgeRegistry/REGISTRIES]: Registry minecraft:sound_event: Object did not get ID it asked for. Name: thalassophobia:entity.ammonite.death Expected: 3219 Got: 4651
[09Jul2025 03:53:25.780] [main/WARN] [net.minecraftforge.registries.ForgeRegistry/REGISTRIES]: Registry minecraft:sound_event: Object did not get ID it asked for. Name: thalassophobia:entity.manta.death Expected: 3220 Got: 4652
[09Jul2025 03:53:25.781] [main/WARN] [net.minecraftforge.registries.ForgeRegistry/REGISTRIES]: Registry minecraft:sound_event: Object did not get ID it asked for. Name: thalassophobia:entity.manta.hurt Expected: 3221 Got: 4653
[09Jul2025 03:53:25.781] [main/WARN] [net.minecraftforge.registries.ForgeRegistry/REGISTRIES]: Registry minecraft:sound_event: Object did not get ID it asked for. Name: thalassophobia:entity.manta.attack Expected: 3222 Got: 4654
[09Jul2025 03:53:25.781] [main/WARN] [net.minecraftforge.registries.ForgeRegistry/REGISTRIES]: Registry minecraft:sound_event: Object did not get ID it asked for. Name: thalassophobia:block.sonar_beacon.activated Expected: 3223 Got: 4655
[09Jul2025 03:53:25.781] [main/WARN] [net.minecraftforge.registries.ForgeRegistry/REGISTRIES]: Registry minecraft:sound_event: Object did not get ID it asked for. Name: thalassophobia:item.echoshell.use Expected: 3224 Got: 4656
[09Jul2025 03:53:25.781] [main/WARN] [net.minecraftforge.registries.ForgeRegistry/REGISTRIES]: Registry minecraft:sound_event: Object did not get ID it asked for. Name: thalassophobia:entity.megapiranha.attack Expected: 3225 Got: 4657
[09Jul2025 03:53:25.781] [main/WARN] [net.minecraftforge.registries.ForgeRegistry/REGISTRIES]: Registry minecraft:sound_event: Object did not get ID it asked for. Name: thalassophobia:entity.megalodon.death Expected: 3226 Got: 4658
[09Jul2025 03:53:25.781] [main/WARN] [net.minecraftforge.registries.ForgeRegistry/REGISTRIES]: Registry minecraft:sound_event: Object did not get ID it asked for. Name: thalassophobia:entity.megalodon.ambient Expected: 3227 Got: 4659
[09Jul2025 03:53:25.781] [main/WARN] [net.minecraftforge.registries.ForgeRegistry/REGISTRIES]: Registry minecraft:sound_event: Object did not get ID it asked for. Name: thalassophobia:entity.megalodon.hurt Expected: 3228 Got: 4660
[09Jul2025 03:53:25.781] [main/WARN] [net.minecraftforge.registries.ForgeRegistry/REGISTRIES]: Registry minecraft:sound_event: Object did not get ID it asked for. Name: thalassophobia:entity.megalodon.attack Expected: 3229 Got: 4661
[09Jul2025 03:53:25.781] [main/WARN] [net.minecraftforge.registries.ForgeRegistry/REGISTRIES]: Registry minecraft:sound_event: Object did not get ID it asked for. Name: thalassophobia:entity.crab.attack Expected: 3230 Got: 4662
[09Jul2025 03:53:25.781] [main/WARN] [net.minecraftforge.registries.ForgeRegistry/REGISTRIES]: Registry minecraft:sound_event: Object did not get ID it asked for. Name: thalassophobia:entity.crab.hurt Expected: 3231 Got: 4663
[09Jul2025 03:53:25.781] [main/WARN] [net.minecraftforge.registries.ForgeRegistry/REGISTRIES]: Registry minecraft:sound_event: Object did not get ID it asked for. Name: thalassophobia:entity.sea_bird.hurt Expected: 3232 Got: 4664
[09Jul2025 03:53:25.782] [main/WARN] [net.minecraftforge.registries.ForgeRegistry/REGISTRIES]: Registry minecraft:sound_event: Object did not get ID it asked for. Name: thalassophobia:entity.sea_bird.ambient Expected: 3233 Got: 4665
[09Jul2025 03:53:25.782] [main/WARN] [net.minecraftforge.registries.ForgeRegistry/REGISTRIES]: Registry minecraft:sound_event: Object did not get ID it asked for. Name: thalassophobia:entity.archelon.ambient Expected: 3234 Got: 4666
[09Jul2025 03:53:25.782] [main/WARN] [net.minecraftforge.registries.ForgeRegistry/REGISTRIES]: Registry minecraft:sound_event: Object did not get ID it asked for. Name: thalassophobia:entity.archelon.hurt Expected: 3235 Got: 4667
[09Jul2025 03:53:25.782] [main/WARN] [net.minecraftforge.registries.ForgeRegistry/REGISTRIES]: Registry minecraft:sound_event: Object did not get ID it asked for. Name: thalassophobia:entity.archelon.attack Expected: 3236 Got: 4668
[09Jul2025 03:53:25.782] [main/WARN] [net.minecraftforge.registries.ForgeRegistry/REGISTRIES]: Registry minecraft:sound_event: Object did not get ID it asked for. Name: thalassophobia:entity.dunkleosteus.death Expected: 3237 Got: 4669
[09Jul2025 03:53:25.782] [main/WARN] [net.minecraftforge.registries.ForgeRegistry/REGISTRIES]: Registry minecraft:sound_event: Object did not get ID it asked for. Name: thalassophobia:entity.dunkleosteus.hurt Expected: 3238 Got: 4670
[09Jul2025 03:53:25.782] [main/WARN] [net.minecraftforge.registries.ForgeRegistry/REGISTRIES]: Registry minecraft:sound_event: Object did not get ID it asked for. Name: thalassophobia:entity.dunkleosteus.attack Expected: 3239 Got: 4671
[09Jul2025 03:53:25.782] [main/WARN] [net.minecraftforge.registries.ForgeRegistry/REGISTRIES]: Registry minecraft:sound_event: Object did not get ID it asked for. Name: thalassophobia:entity.xiphactinus.attack Expected: 3240 Got: 4672
[09Jul2025 03:53:25.782] [main/WARN] [net.minecraftforge.registries.ForgeRegistry/REGISTRIES]: Registry minecraft:sound_event: Object did not get ID it asked for. Name: thalassophobia:entity.xiphactinus.death Expected: 3241 Got: 4673
[09Jul2025 03:53:25.782] [main/WARN] [net.minecraftforge.registries.ForgeRegistry/REGISTRIES]: Registry minecraft:sound_event: Object did not get ID it asked for. Name: thalassophobia:entity.xiphactinus.hurt Expected: 3242 Got: 4674
[09Jul2025 03:53:25.782] [main/WARN] [net.minecraftforge.registries.ForgeRegistry/REGISTRIES]: Registry minecraft:sound_event: Object did not get ID it asked for. Name: thalassophobia:entity.electrophorus.attack Expected: 3243 Got: 4675
[09Jul2025 03:53:25.782] [main/WARN] [net.minecraftforge.registries.ForgeRegistry/REGISTRIES]: Registry minecraft:sound_event: Object did not get ID it asked for. Name: thalassophobia:entity.electrophorus.hurt Expected: 3244 Got: 4676
[09Jul2025 03:53:25.782] [main/WARN] [net.minecraftforge.registries.ForgeRegistry/REGISTRIES]: Registry minecraft:sound_event: Object did not get ID it asked for. Name: thalassophobia:entity.electrophorus.ambient Expected: 3245 Got: 4677
[09Jul2025 03:53:25.783] [main/WARN] [net.minecraftforge.registries.ForgeRegistry/REGISTRIES]: Registry minecraft:sound_event: Object did not get ID it asked for. Name: thalassophobia:entity.electrophorus.death Expected: 3246 Got: 4678
[09Jul2025 03:53:25.783] [main/WARN] [net.minecraftforge.registries.ForgeRegistry/REGISTRIES]: Registry minecraft:sound_event: Object did not get ID it asked for. Name: thalassophobia:entity.riffhead.death Expected: 3247 Got: 4679
[09Jul2025 03:53:25.783] [main/WARN] [net.minecraftforge.registries.ForgeRegistry/REGISTRIES]: Registry minecraft:sound_event: Object did not get ID it asked for. Name: thalassophobia:entity.riffhead.ambient Expected: 3248 Got: 4680
[09Jul2025 03:53:25.783] [main/WARN] [net.minecraftforge.registries.ForgeRegistry/REGISTRIES]: Registry minecraft:sound_event: Object did not get ID it asked for. Name: thalassophobia:entity.riffhead.hurt Expected: 3249 Got: 4681
[09Jul2025 03:53:25.783] [main/WARN] [net.minecraftforge.registries.ForgeRegistry/REGISTRIES]: Registry minecraft:sound_event: Object did not get ID it asked for. Name: thalassophobia:entity.tusoteuthis.ambient Expected: 3250 Got: 4682
[09Jul2025 03:53:25.783] [main/WARN] [net.minecraftforge.registries.ForgeRegistry/REGISTRIES]: Registry minecraft:sound_event: Object did not get ID it asked for. Name: thalassophobia:entity.tusoteuthis.hurt Expected: 3251 Got: 4683
[09Jul2025 03:53:25.783] [main/WARN] [net.minecraftforge.registries.ForgeRegistry/REGISTRIES]: Registry minecraft:sound_event: Object did not get ID it asked for. Name: thalassophobia:entity.tusoteuthis.death Expected: 3252 Got: 4684
[09Jul2025 03:53:25.783] [main/WARN] [net.minecraftforge.registries.ForgeRegistry/REGISTRIES]: Registry minecraft:sound_event: Object did not get ID it asked for. Name: thalassophobia:entity.tusoteuthis.attack Expected: 3253 Got: 4685
[09Jul2025 03:53:25.783] [main/WARN] [net.minecraftforge.registries.ForgeRegistry/REGISTRIES]: Registry minecraft:sound_event: Object did not get ID it asked for. Name: thalassophobia:entity.plesiosaur.ambient Expected: 3254 Got: 4686
[09Jul2025 03:53:25.783] [main/WARN] [net.minecraftforge.registries.ForgeRegistry/REGISTRIES]: Registry minecraft:sound_event: Object did not get ID it asked for. Name: thalassophobia:entity.plesiosaur.hurt Expected: 3255 Got: 4687
[09Jul2025 03:53:25.783] [main/WARN] [net.minecraftforge.registries.ForgeRegistry/REGISTRIES]: Registry minecraft:sound_event: Object did not get ID it asked for. Name: thalassophobia:entity.plesiosaur.death Expected: 3256 Got: 4688
[09Jul2025 03:53:25.784] [main/WARN] [net.minecraftforge.registries.ForgeRegistry/REGISTRIES]: Registry minecraft:sound_event: Object did not get ID it asked for. Name: thalassophobia:entity.plesiosaur.attack Expected: 3257 Got: 4689
[09Jul2025 03:53:25.784] [main/WARN] [net.minecraftforge.registries.ForgeRegistry/REGISTRIES]: Registry minecraft:sound_event: Object did not get ID it asked for. Name: thalassophobia:entity.basilosaurus.ambient Expected: 3258 Got: 4690
[09Jul2025 03:53:25.784] [main/WARN] [net.minecraftforge.registries.ForgeRegistry/REGISTRIES]: Registry minecraft:sound_event: Object did not get ID it asked for. Name: thalassophobia:entity.basilosaurus.hurt Expected: 3259 Got: 4691
[09Jul2025 03:53:25.784] [main/WARN] [net.minecraftforge.registries.ForgeRegistry/REGISTRIES]: Registry minecraft:sound_event: Object did not get ID it asked for. Name: thalassophobia:entity.basilosaurus.death Expected: 3260 Got: 4692
[09Jul2025 03:53:25.784] [main/WARN] [net.minecraftforge.registries.ForgeRegistry/REGISTRIES]: Registry minecraft:sound_event: Object did not get ID it asked for. Name: thalassophobia:entity.hesperornis.hurt Expected: 3261 Got: 4693
[09Jul2025 03:53:25.784] [main/WARN] [net.minecraftforge.registries.ForgeRegistry/REGISTRIES]: Registry minecraft:sound_event: Object did not get ID it asked for. Name: thalassophobia:entity.hesperornis.death Expected: 3262 Got: 4694
[09Jul2025 03:53:25.784] [main/WARN] [net.minecraftforge.registries.ForgeRegistry/REGISTRIES]: Registry minecraft:sound_event: Object did not get ID it asked for. Name: thalassophobia:entity.hesperornis.ambient Expected: 3263 Got: 4695
[09Jul2025 03:53:25.784] [main/WARN] [net.minecraftforge.registries.ForgeRegistry/REGISTRIES]: Registry minecraft:sound_event: Object did not get ID it asked for. Name: thalassophobia:entity.ichthyosaurus.ambient Expected: 3264 Got: 4696
[09Jul2025 03:53:25.784] [main/WARN] [net.minecraftforge.registries.ForgeRegistry/REGISTRIES]: Registry minecraft:sound_event: Object did not get ID it asked for. Name: thalassophobia:entity.ichthyosaurus.hurt Expected: 3265 Got: 4697
[09Jul2025 03:53:25.784] [main/WARN] [net.minecraftforge.registries.ForgeRegistry/REGISTRIES]: Registry minecraft:sound_event: Object did not get ID it asked for. Name: thalassophobia:entity.ichthyosaurus.death Expected: 3266 Got: 4698
[09Jul2025 03:53:25.784] [main/WARN] [net.minecraftforge.registries.ForgeRegistry/REGISTRIES]: Registry minecraft:sound_event: Object did not get ID it asked for. Name: thalassophobia:entity.leedsichthys.attack Expected: 3267 Got: 4699
[09Jul2025 03:53:25.784] [main/WARN] [net.minecraftforge.registries.ForgeRegistry/REGISTRIES]: Registry minecraft:sound_event: Object did not get ID it asked for. Name: thalassophobia:entity.leedsichthys.death Expected: 3268 Got: 4700
[09Jul2025 03:53:25.785] [main/WARN] [net.minecraftforge.registries.ForgeRegistry/REGISTRIES]: Registry minecraft:sound_event: Object did not get ID it asked for. Name: thalassophobia:entity.leedsichthys.hurt Expected: 3269 Got: 4701
[09Jul2025 03:53:25.785] [main/WARN] [net.minecraftforge.registries.ForgeRegistry/REGISTRIES]: Registry minecraft:sound_event: Object did not get ID it asked for. Name: thalassophobia:entity.leedsichthys.ambient Expected: 3270 Got: 4702
[09Jul2025 03:53:25.785] [main/WARN] [net.minecraftforge.registries.ForgeRegistry/REGISTRIES]: Registry minecraft:sound_event: Object did not get ID it asked for. Name: thalassophobia:entity.liopleurodon.attack Expected: 3271 Got: 4703
[09Jul2025 03:53:25.787] [main/WARN] [net.minecraftforge.registries.ForgeRegistry/REGISTRIES]: Registry minecraft:sound_event: Object did not get ID it asked for. Name: thalassophobia:entity.liopleurodon.hurt Expected: 3272 Got: 4704
[09Jul2025 03:53:25.788] [main/WARN] [net.minecraftforge.registries.ForgeRegistry/REGISTRIES]: Registry minecraft:sound_event: Object did not get ID it asked for. Name: thalassophobia:entity.liopleurodon.death Expected: 3273 Got: 4705
[09Jul2025 03:53:25.788] [main/WARN] [net.minecraftforge.registries.ForgeRegistry/REGISTRIES]: Registry minecraft:sound_event: Object did not get ID it asked for. Name: thalassophobia:entity.liopleurodon.ambient Expected: 3274 Got: 4706
[09Jul2025 03:53:25.788] [main/WARN] [net.minecraftforge.registries.ForgeRegistry/REGISTRIES]: Registry minecraft:sound_event: Object did not get ID it asked for. Name: thalassophobia:entity.hesperornis.attack Expected: 3275 Got: 4707
[09Jul2025 03:53:25.788] [main/WARN] [net.minecraftforge.registries.ForgeRegistry/REGISTRIES]: Registry minecraft:sound_event: Object did not get ID it asked for. Name: benssharks:axodile.bite Expected: 3527 Got: 4708
[09Jul2025 03:53:25.788] [main/WARN] [net.minecraftforge.registries.ForgeRegistry/REGISTRIES]: Registry minecraft:sound_event: Object did not get ID it asked for. Name: benssharks:shark.chomp Expected: 3528 Got: 4709
[09Jul2025 03:53:25.788] [main/WARN] [net.minecraftforge.registries.ForgeRegistry/REGISTRIES]: Registry minecraft:sound_event: Object did not get ID it asked for. Name: benssharks:squeak Expected: 3529 Got: 4710
[09Jul2025 03:53:25.788] [main/WARN] [net.minecraftforge.registries.ForgeRegistry/REGISTRIES]: Registry minecraft:sound_event: Object did not get ID it asked for. Name: benssharks:club_hit Expected: 3530 Got: 4711
[09Jul2025 03:53:25.788] [main/WARN] [net.minecraftforge.registries.ForgeRegistry/REGISTRIES]: Registry minecraft:potion: Object did not get ID it asked for. Name: benssharks:potion_of_sealing Expected: 87 Got: 124
[09Jul2025 03:53:25.788] [main/WARN] [net.minecraftforge.registries.ForgeRegistry/REGISTRIES]: Registry minecraft:potion: Object did not get ID it asked for. Name: benssharks:frenzy_potion Expected: 88 Got: 125
[09Jul2025 03:53:25.788] [main/WARN] [net.minecraftforge.registries.ForgeRegistry/REGISTRIES]: Registry minecraft:potion: Object did not get ID it asked for. Name: benssharks:jaws_potion Expected: 89 Got: 126
[09Jul2025 03:53:25.789] [main/WARN] [net.minecraftforge.registries.ForgeRegistry/REGISTRIES]: Registry minecraft:enchantment: Object did not get ID it asked for. Name: benssharks:serrated Expected: 63 Got: 175
[09Jul2025 03:53:25.789] [main/WARN] [net.minecraftforge.registries.ForgeRegistry/REGISTRIES]: Registry minecraft:entity_type: Object did not get ID it asked for. Name: thalassophobia:sea_bird Expected: 817 Got: 1555
[09Jul2025 03:53:25.790] [main/WARN] [net.minecraftforge.registries.ForgeRegistry/REGISTRIES]: Registry minecraft:entity_type: Object did not get ID it asked for. Name: thalassophobia:hesperornis Expected: 818 Got: 1556
[09Jul2025 03:53:25.790] [main/WARN] [net.minecraftforge.registries.ForgeRegistry/REGISTRIES]: Registry minecraft:entity_type: Object did not get ID it asked for. Name: thalassophobia:glow_fish Expected: 819 Got: 1557
[09Jul2025 03:53:25.790] [main/WARN] [net.minecraftforge.registries.ForgeRegistry/REGISTRIES]: Registry minecraft:entity_type: Object did not get ID it asked for. Name: thalassophobia:sea_sludge Expected: 820 Got: 1558
[09Jul2025 03:53:25.790] [main/WARN] [net.minecraftforge.registries.ForgeRegistry/REGISTRIES]: Registry minecraft:entity_type: Object did not get ID it asked for. Name: thalassophobia:crab Expected: 821 Got: 1559
[09Jul2025 03:53:25.790] [main/WARN] [net.minecraftforge.registries.ForgeRegistry/REGISTRIES]: Registry minecraft:entity_type: Object did not get ID it asked for. Name: thalassophobia:yeti_crab Expected: 822 Got: 1560
[09Jul2025 03:53:25.790] [main/WARN] [net.minecraftforge.registries.ForgeRegistry/REGISTRIES]: Registry minecraft:entity_type: Object did not get ID it asked for. Name: thalassophobia:vertebrat Expected: 823 Got: 1561
[09Jul2025 03:53:25.790] [main/WARN] [net.minecraftforge.registries.ForgeRegistry/REGISTRIES]: Registry minecraft:entity_type: Object did not get ID it asked for. Name: thalassophobia:megapiranha Expected: 824 Got: 1562
[09Jul2025 03:53:25.790] [main/WARN] [net.minecraftforge.registries.ForgeRegistry/REGISTRIES]: Registry minecraft:entity_type: Object did not get ID it asked for. Name: thalassophobia:panderodus Expected: 825 Got: 1563
[09Jul2025 03:53:25.790] [main/WARN] [net.minecraftforge.registries.ForgeRegistry/REGISTRIES]: Registry minecraft:entity_type: Object did not get ID it asked for. Name: thalassophobia:eurypterid Expected: 826 Got: 1564
[09Jul2025 03:53:25.790] [main/WARN] [net.minecraftforge.registries.ForgeRegistry/REGISTRIES]: Registry minecraft:entity_type: Object did not get ID it asked for. Name: thalassophobia:anomalocaris Expected: 827 Got: 1565
[09Jul2025 03:53:25.790] [main/WARN] [net.minecraftforge.registries.ForgeRegistry/REGISTRIES]: Registry minecraft:entity_type: Object did not get ID it asked for. Name: thalassophobia:anglerfish Expected: 828 Got: 1566
[09Jul2025 03:53:25.790] [main/WARN] [net.minecraftforge.registries.ForgeRegistry/REGISTRIES]: Registry minecraft:entity_type: Object did not get ID it asked for. Name: thalassophobia:gulper_eel Expected: 829 Got: 1567
[09Jul2025 03:53:25.790] [main/WARN] [net.minecraftforge.registries.ForgeRegistry/REGISTRIES]: Registry minecraft:entity_type: Object did not get ID it asked for. Name: thalassophobia:manta Expected: 830 Got: 1568
[09Jul2025 03:53:25.791] [main/WARN] [net.minecraftforge.registries.ForgeRegistry/REGISTRIES]: Registry minecraft:entity_type: Object did not get ID it asked for. Name: thalassophobia:cnidaria Expected: 831 Got: 1569
[09Jul2025 03:53:25.791] [main/WARN] [net.minecraftforge.registries.ForgeRegistry/REGISTRIES]: Registry minecraft:entity_type: Object did not get ID it asked for. Name: thalassophobia:sea_phantom Expected: 832 Got: 1570
[09Jul2025 03:53:25.791] [main/WARN] [net.minecraftforge.registries.ForgeRegistry/REGISTRIES]: Registry minecraft:entity_type: Object did not get ID it asked for. Name: thalassophobia:bathotrap Expected: 833 Got: 1571
[09Jul2025 03:53:25.791] [main/WARN] [net.minecraftforge.registries.ForgeRegistry/REGISTRIES]: Registry minecraft:entity_type: Object did not get ID it asked for. Name: thalassophobia:maka_maka_in_ground Expected: 834 Got: 1572
[09Jul2025 03:53:25.791] [main/WARN] [net.minecraftforge.registries.ForgeRegistry/REGISTRIES]: Registry minecraft:entity_type: Object did not get ID it asked for. Name: thalassophobia:megastar Expected: 835 Got: 1573
[09Jul2025 03:53:25.791] [main/WARN] [net.minecraftforge.registries.ForgeRegistry/REGISTRIES]: Registry minecraft:entity_type: Object did not get ID it asked for. Name: thalassophobia:ammonita Expected: 836 Got: 1574
[09Jul2025 03:53:25.791] [main/WARN] [net.minecraftforge.registries.ForgeRegistry/REGISTRIES]: Registry minecraft:entity_type: Object did not get ID it asked for. Name: thalassophobia:archelon Expected: 837 Got: 1575
[09Jul2025 03:53:25.791] [main/WARN] [net.minecraftforge.registries.ForgeRegistry/REGISTRIES]: Registry minecraft:entity_type: Object did not get ID it asked for. Name: thalassophobia:sunfish Expected: 838 Got: 1576
[09Jul2025 03:53:25.791] [main/WARN] [net.minecraftforge.registries.ForgeRegistry/REGISTRIES]: Registry minecraft:entity_type: Object did not get ID it asked for. Name: thalassophobia:ichthyosaurus Expected: 839 Got: 1577
[09Jul2025 03:53:25.791] [main/WARN] [net.minecraftforge.registries.ForgeRegistry/REGISTRIES]: Registry minecraft:entity_type: Object did not get ID it asked for. Name: thalassophobia:riffhead Expected: 840 Got: 1578
[09Jul2025 03:53:25.791] [main/WARN] [net.minecraftforge.registries.ForgeRegistry/REGISTRIES]: Registry minecraft:entity_type: Object did not get ID it asked for. Name: thalassophobia:leedsichthys Expected: 841 Got: 1579
[09Jul2025 03:53:25.791] [main/WARN] [net.minecraftforge.registries.ForgeRegistry/REGISTRIES]: Registry minecraft:entity_type: Object did not get ID it asked for. Name: thalassophobia:zapfin Expected: 842 Got: 1580
[09Jul2025 03:53:25.791] [main/WARN] [net.minecraftforge.registries.ForgeRegistry/REGISTRIES]: Registry minecraft:entity_type: Object did not get ID it asked for. Name: thalassophobia:electrophorus Expected: 843 Got: 1581
[09Jul2025 03:53:25.791] [main/WARN] [net.minecraftforge.registries.ForgeRegistry/REGISTRIES]: Registry minecraft:entity_type: Object did not get ID it asked for. Name: thalassophobia:octus Expected: 844 Got: 1582
[09Jul2025 03:53:25.792] [main/WARN] [net.minecraftforge.registries.ForgeRegistry/REGISTRIES]: Registry minecraft:entity_type: Object did not get ID it asked for. Name: thalassophobia:orthoceras Expected: 845 Got: 1583
[09Jul2025 03:53:25.792] [main/WARN] [net.minecraftforge.registries.ForgeRegistry/REGISTRIES]: Registry minecraft:entity_type: Object did not get ID it asked for. Name: thalassophobia:cookie_cutter_shark Expected: 846 Got: 1584
[09Jul2025 03:53:25.792] [main/WARN] [net.minecraftforge.registries.ForgeRegistry/REGISTRIES]: Registry minecraft:entity_type: Object did not get ID it asked for. Name: thalassophobia:shark Expected: 847 Got: 1585
[09Jul2025 03:53:25.792] [main/WARN] [net.minecraftforge.registries.ForgeRegistry/REGISTRIES]: Registry minecraft:entity_type: Object did not get ID it asked for. Name: thalassophobia:bull_shark Expected: 848 Got: 1586
[09Jul2025 03:53:25.792] [main/WARN] [net.minecraftforge.registries.ForgeRegistry/REGISTRIES]: Registry minecraft:entity_type: Object did not get ID it asked for. Name: thalassophobia:hammerhead_shark Expected: 849 Got: 1587
[09Jul2025 03:53:25.792] [main/WARN] [net.minecraftforge.registries.ForgeRegistry/REGISTRIES]: Registry minecraft:entity_type: Object did not get ID it asked for. Name: thalassophobia:helicoprion Expected: 850 Got: 1588
[09Jul2025 03:53:25.792] [main/WARN] [net.minecraftforge.registries.ForgeRegistry/REGISTRIES]: Registry minecraft:entity_type: Object did not get ID it asked for. Name: thalassophobia:basking_shark Expected: 851 Got: 1589
[09Jul2025 03:53:25.792] [main/WARN] [net.minecraftforge.registries.ForgeRegistry/REGISTRIES]: Registry minecraft:entity_type: Object did not get ID it asked for. Name: thalassophobia:xiphactinus Expected: 852 Got: 1590
[09Jul2025 03:53:25.792] [main/WARN] [net.minecraftforge.registries.ForgeRegistry/REGISTRIES]: Registry minecraft:entity_type: Object did not get ID it asked for. Name: thalassophobia:reaverfish Expected: 853 Got: 1591
[09Jul2025 03:53:25.792] [main/WARN] [net.minecraftforge.registries.ForgeRegistry/REGISTRIES]: Registry minecraft:entity_type: Object did not get ID it asked for. Name: thalassophobia:megalodon Expected: 854 Got: 1592
[09Jul2025 03:53:25.792] [main/WARN] [net.minecraftforge.registries.ForgeRegistry/REGISTRIES]: Registry minecraft:entity_type: Object did not get ID it asked for. Name: thalassophobia:dunkleosteus Expected: 855 Got: 1593
[09Jul2025 03:53:25.792] [main/WARN] [net.minecraftforge.registries.ForgeRegistry/REGISTRIES]: Registry minecraft:entity_type: Object did not get ID it asked for. Name: thalassophobia:plesiosaur Expected: 856 Got: 1594
[09Jul2025 03:53:25.793] [main/WARN] [net.minecraftforge.registries.ForgeRegistry/REGISTRIES]: Registry minecraft:entity_type: Object did not get ID it asked for. Name: thalassophobia:basilosaurus Expected: 857 Got: 1595
[09Jul2025 03:53:25.793] [main/WARN] [net.minecraftforge.registries.ForgeRegistry/REGISTRIES]: Registry minecraft:entity_type: Object did not get ID it asked for. Name: thalassophobia:liopleurodon Expected: 858 Got: 1596
[09Jul2025 03:53:25.793] [main/WARN] [net.minecraftforge.registries.ForgeRegistry/REGISTRIES]: Registry minecraft:entity_type: Object did not get ID it asked for. Name: thalassophobia:mosasaur Expected: 859 Got: 1597
[09Jul2025 03:53:25.793] [main/WARN] [net.minecraftforge.registries.ForgeRegistry/REGISTRIES]: Registry minecraft:entity_type: Object did not get ID it asked for. Name: thalassophobia:tusoteuthis Expected: 860 Got: 1598
[09Jul2025 03:53:25.793] [main/WARN] [net.minecraftforge.registries.ForgeRegistry/REGISTRIES]: Registry minecraft:entity_type: Object did not get ID it asked for. Name: thalassophobia:baby_colossoteus Expected: 861 Got: 1599
[09Jul2025 03:53:25.793] [main/WARN] [net.minecraftforge.registries.ForgeRegistry/REGISTRIES]: Registry minecraft:entity_type: Object did not get ID it asked for. Name: thalassophobia:colossoteus Expected: 862 Got: 1600
[09Jul2025 03:53:25.793] [main/WARN] [net.minecraftforge.registries.ForgeRegistry/REGISTRIES]: Registry minecraft:entity_type: Object did not get ID it asked for. Name: thalassophobia:alpha_reaverfish Expected: 863 Got: 1601
[09Jul2025 03:53:25.793] [main/WARN] [net.minecraftforge.registries.ForgeRegistry/REGISTRIES]: Registry minecraft:entity_type: Object did not get ID it asked for. Name: thalassophobia:bathotrap_spawn Expected: 864 Got: 1602
[09Jul2025 03:53:25.793] [main/WARN] [net.minecraftforge.registries.ForgeRegistry/REGISTRIES]: Registry minecraft:entity_type: Object did not get ID it asked for. Name: thalassophobia:projectile_sonar Expected: 865 Got: 1603
[09Jul2025 03:53:25.793] [main/WARN] [net.minecraftforge.registries.ForgeRegistry/REGISTRIES]: Registry minecraft:entity_type: Object did not get ID it asked for. Name: thalassophobia:bathotrap_natural_spawn Expected: 866 Got: 1604
[09Jul2025 03:53:25.793] [main/WARN] [net.minecraftforge.registries.ForgeRegistry/REGISTRIES]: Registry minecraft:entity_type: Object did not get ID it asked for. Name: thalassophobia:sonar_boom Expected: 867 Got: 1605
[09Jul2025 03:53:25.794] [main/WARN] [net.minecraftforge.registries.ForgeRegistry/REGISTRIES]: Registry minecraft:entity_type: Object did not get ID it asked for. Name: thalassophobia:projectile_tooth_dagger_projectile Expected: 868 Got: 1606
[09Jul2025 03:53:25.794] [main/WARN] [net.minecraftforge.registries.ForgeRegistry/REGISTRIES]: Registry minecraft:entity_type: Object did not get ID it asked for. Name: thalassophobia:crab_natural_spawn Expected: 869 Got: 1607
[09Jul2025 03:53:25.794] [main/WARN] [net.minecraftforge.registries.ForgeRegistry/REGISTRIES]: Registry minecraft:entity_type: Object did not get ID it asked for. Name: thalassophobia:crab_spawn Expected: 870 Got: 1608
[09Jul2025 03:53:25.794] [main/WARN] [net.minecraftforge.registries.ForgeRegistry/REGISTRIES]: Registry minecraft:entity_type: Object did not get ID it asked for. Name: thalassophobia:sea_bird_spawn Expected: 871 Got: 1609
[09Jul2025 03:53:25.794] [main/WARN] [net.minecraftforge.registries.ForgeRegistry/REGISTRIES]: Registry minecraft:entity_type: Object did not get ID it asked for. Name: thalassophobia:megastar_natural_spawn Expected: 872 Got: 1610
[09Jul2025 03:53:25.794] [main/WARN] [net.minecraftforge.registries.ForgeRegistry/REGISTRIES]: Registry minecraft:entity_type: Object did not get ID it asked for. Name: thalassophobia:megastar_spawn Expected: 873 Got: 1611
[09Jul2025 03:53:25.794] [main/WARN] [net.minecraftforge.registries.ForgeRegistry/REGISTRIES]: Registry minecraft:entity_type: Object did not get ID it asked for. Name: thalassophobia:sea_sludge_natural_spawn Expected: 874 Got: 1612
[09Jul2025 03:53:25.794] [main/WARN] [net.minecraftforge.registries.ForgeRegistry/REGISTRIES]: Registry minecraft:entity_type: Object did not get ID it asked for. Name: thalassophobia:sea_sludge_spawn Expected: 875 Got: 1613
[09Jul2025 03:53:25.794] [main/WARN] [net.minecraftforge.registries.ForgeRegistry/REGISTRIES]: Registry minecraft:entity_type: Object did not get ID it asked for. Name: thalassophobia:dead_archelon_spawn Expected: 876 Got: 1614
[09Jul2025 03:53:25.794] [main/WARN] [net.minecraftforge.registries.ForgeRegistry/REGISTRIES]: Registry minecraft:entity_type: Object did not get ID it asked for. Name: thalassophobia:dead_archelon Expected: 877 Got: 1615
[09Jul2025 03:53:25.795] [main/WARN] [net.minecraftforge.registries.ForgeRegistry/REGISTRIES]: Registry minecraft:entity_type: Object did not get ID it asked for. Name: thalassophobia:maka_maka_natural_spawn Expected: 878 Got: 1616
[09Jul2025 03:53:25.795] [main/WARN] [net.minecraftforge.registries.ForgeRegistry/REGISTRIES]: Registry minecraft:entity_type: Object did not get ID it asked for. Name: thalassophobia:maka_maka_spawn Expected: 879 Got: 1617
[09Jul2025 03:53:25.795] [main/WARN] [net.minecraftforge.registries.ForgeRegistry/REGISTRIES]: Registry minecraft:entity_type: Object did not get ID it asked for. Name: thalassophobia:maka_maka Expected: 880 Got: 1618
[09Jul2025 03:53:25.795] [main/WARN] [net.minecraftforge.registries.ForgeRegistry/REGISTRIES]: Registry minecraft:entity_type: Object did not get ID it asked for. Name: thalassophobia:maka_maka_swim Expected: 881 Got: 1619
[09Jul2025 03:53:25.795] [main/WARN] [net.minecraftforge.registries.ForgeRegistry/REGISTRIES]: Registry minecraft:entity_type: Object did not get ID it asked for. Name: thalassophobia:yeti_crab_natural_spawn Expected: 882 Got: 1620
[09Jul2025 03:53:25.795] [main/WARN] [net.minecraftforge.registries.ForgeRegistry/REGISTRIES]: Registry minecraft:entity_type: Object did not get ID it asked for. Name: thalassophobia:yeti_crab_spawn Expected: 883 Got: 1621
[09Jul2025 03:53:25.795] [main/WARN] [net.minecraftforge.registries.ForgeRegistry/REGISTRIES]: Registry minecraft:entity_type: Object did not get ID it asked for. Name: thalassophobia:colossoteus_sonar_attack Expected: 884 Got: 1622
[09Jul2025 03:53:25.795] [main/WARN] [net.minecraftforge.registries.ForgeRegistry/REGISTRIES]: Registry minecraft:entity_type: Object did not get ID it asked for. Name: thalassophobia:ichthyosaurus_tamed Expected: 885 Got: 1623
[09Jul2025 03:53:25.795] [main/WARN] [net.minecraftforge.registries.ForgeRegistry/REGISTRIES]: Registry minecraft:entity_type: Object did not get ID it asked for. Name: thalassophobia:hesperornis_spawn Expected: 886 Got: 1624
[09Jul2025 03:53:25.795] [main/WARN] [net.minecraftforge.registries.ForgeRegistry/REGISTRIES]: Registry minecraft:entity_type: Object did not get ID it asked for. Name: benssharks:greatwhiteshark Expected: 1031 Got: 1625
[09Jul2025 03:53:25.796] [main/WARN] [net.minecraftforge.registries.ForgeRegistry/REGISTRIES]: Registry minecraft:entity_type: Object did not get ID it asked for. Name: benssharks:nurse_shark Expected: 1032 Got: 1626
[09Jul2025 03:53:25.796] [main/WARN] [net.minecraftforge.registries.ForgeRegistry/REGISTRIES]: Registry minecraft:entity_type: Object did not get ID it asked for. Name: benssharks:remora Expected: 1033 Got: 1627
[09Jul2025 03:53:25.796] [main/WARN] [net.minecraftforge.registries.ForgeRegistry/REGISTRIES]: Registry minecraft:entity_type: Object did not get ID it asked for. Name: benssharks:tiger_shark Expected: 1034 Got: 1628
[09Jul2025 03:53:25.796] [main/WARN] [net.minecraftforge.registries.ForgeRegistry/REGISTRIES]: Registry minecraft:entity_type: Object did not get ID it asked for. Name: benssharks:axodile Expected: 1035 Got: 1629
[09Jul2025 03:53:25.796] [main/WARN] [net.minecraftforge.registries.ForgeRegistry/REGISTRIES]: Registry minecraft:entity_type: Object did not get ID it asked for. Name: benssharks:blue_shark Expected: 1036 Got: 1630
[09Jul2025 03:53:25.796] [main/WARN] [net.minecraftforge.registries.ForgeRegistry/REGISTRIES]: Registry minecraft:entity_type: Object did not get ID it asked for. Name: benssharks:bonnethead_shark Expected: 1037 Got: 1631
[09Jul2025 03:53:25.796] [main/WARN] [net.minecraftforge.registries.ForgeRegistry/REGISTRIES]: Registry minecraft:entity_type: Object did not get ID it asked for. Name: benssharks:mako_shark Expected: 1038 Got: 1632
[09Jul2025 03:53:25.796] [main/WARN] [net.minecraftforge.registries.ForgeRegistry/REGISTRIES]: Registry minecraft:entity_type: Object did not get ID it asked for. Name: benssharks:cookiecutter_shark Expected: 1039 Got: 1633
[09Jul2025 03:53:25.796] [main/WARN] [net.minecraftforge.registries.ForgeRegistry/REGISTRIES]: Registry minecraft:entity_type: Object did not get ID it asked for. Name: benssharks:blacktip_reef_shark Expected: 1040 Got: 1634
[09Jul2025 03:53:25.796] [main/WARN] [net.minecraftforge.registries.ForgeRegistry/REGISTRIES]: Registry minecraft:entity_type: Object did not get ID it asked for. Name: benssharks:basking_shark Expected: 1041 Got: 1635
[09Jul2025 03:53:25.796] [main/WARN] [net.minecraftforge.registries.ForgeRegistry/REGISTRIES]: Registry minecraft:entity_type: Object did not get ID it asked for. Name: benssharks:bull_shark Expected: 1042 Got: 1636
[09Jul2025 03:53:25.797] [main/WARN] [net.minecraftforge.registries.ForgeRegistry/REGISTRIES]: Registry minecraft:entity_type: Object did not get ID it asked for. Name: benssharks:megalodon Expected: 1043 Got: 1637
[09Jul2025 03:53:25.797] [main/WARN] [net.minecraftforge.registries.ForgeRegistry/REGISTRIES]: Registry minecraft:entity_type: Object did not get ID it asked for. Name: benssharks:land_shark Expected: 1044 Got: 1638
[09Jul2025 03:53:25.797] [main/WARN] [net.minecraftforge.registries.ForgeRegistry/REGISTRIES]: Registry minecraft:entity_type: Object did not get ID it asked for. Name: benssharks:lemon_shark Expected: 1045 Got: 1639
[09Jul2025 03:53:25.797] [main/WARN] [net.minecraftforge.registries.ForgeRegistry/REGISTRIES]: Registry minecraft:entity_type: Object did not get ID it asked for. Name: benssharks:thalassoger Expected: 1046 Got: 1640
[09Jul2025 03:53:25.797] [main/WARN] [net.minecraftforge.registries.ForgeRegistry/REGISTRIES]: Registry minecraft:entity_type: Object did not get ID it asked for. Name: benssharks:seeker_shark_projectile Expected: 1047 Got: 1641
[09Jul2025 03:53:25.797] [main/WARN] [net.minecraftforge.registries.ForgeRegistry/REGISTRIES]: Registry minecraft:entity_type: Object did not get ID it asked for. Name: benssharks:krill Expected: 1048 Got: 1642
[09Jul2025 03:53:25.797] [main/WARN] [net.minecraftforge.registries.ForgeRegistry/REGISTRIES]: Registry minecraft:entity_type: Object did not get ID it asked for. Name: benssharks:whale_shark Expected: 1049 Got: 1643
[09Jul2025 03:53:25.797] [main/WARN] [net.minecraftforge.registries.ForgeRegistry/REGISTRIES]: Registry minecraft:entity_type: Object did not get ID it asked for. Name: benssharks:seeking_arrow Expected: 1050 Got: 1644
[09Jul2025 03:53:25.797] [main/WARN] [net.minecraftforge.registries.ForgeRegistry/REGISTRIES]: Registry minecraft:entity_type: Object did not get ID it asked for. Name: benssharks:pilot_fish Expected: 1051 Got: 1645
[09Jul2025 03:53:25.797] [main/WARN] [net.minecraftforge.registries.ForgeRegistry/REGISTRIES]: Registry minecraft:entity_type: Object did not get ID it asked for. Name: benssharks:greater_axodile Expected: 1052 Got: 1646
[09Jul2025 03:53:25.797] [main/WARN] [net.minecraftforge.registries.ForgeRegistry/REGISTRIES]: Registry minecraft:entity_type: Object did not get ID it asked for. Name: benssharks:roll_particle Expected: 1053 Got: 1647
[09Jul2025 03:53:25.798] [main/WARN] [net.minecraftforge.registries.ForgeRegistry/REGISTRIES]: Registry minecraft:entity_type: Object did not get ID it asked for. Name: benssharks:greenland_shark Expected: 1054 Got: 1648
[09Jul2025 03:53:25.798] [main/WARN] [net.minecraftforge.registries.ForgeRegistry/REGISTRIES]: Registry minecraft:entity_type: Object did not get ID it asked for. Name: benssharks:whitetip_shark Expected: 1055 Got: 1649
[09Jul2025 03:53:25.798] [main/WARN] [net.minecraftforge.registries.ForgeRegistry/REGISTRIES]: Registry minecraft:entity_type: Object did not get ID it asked for. Name: benssharks:barracuda Expected: 1056 Got: 1650
[09Jul2025 03:53:25.798] [main/WARN] [net.minecraftforge.registries.ForgeRegistry/REGISTRIES]: Registry minecraft:entity_type: Object did not get ID it asked for. Name: benssharks:leopard_shark Expected: 1057 Got: 1651
[09Jul2025 03:53:25.798] [main/WARN] [net.minecraftforge.registries.ForgeRegistry/REGISTRIES]: Registry minecraft:entity_type: Object did not get ID it asked for. Name: benssharks:goblin_shark Expected: 1058 Got: 1652
[09Jul2025 03:53:25.798] [main/WARN] [net.minecraftforge.registries.ForgeRegistry/REGISTRIES]: Registry minecraft:entity_type: Object did not get ID it asked for. Name: benssharks:sawshark Expected: 1059 Got: 1653
[09Jul2025 03:53:25.932] [main/ERROR] [net.minecraft.Util/]: Entity illageandspillage:bone has no attributes
[09Jul2025 03:53:25.932] [main/ERROR] [net.minecraft.Util/]: Entity illageandspillage:axe has no attributes
[09Jul2025 03:53:25.933] [main/ERROR] [net.minecraft.Util/]: Entity illageandspillage:bone has no attributes
[09Jul2025 03:53:25.933] [main/ERROR] [net.minecraft.Util/]: Entity illageandspillage:axe has no attributes
[09Jul2025 03:53:25.933] [main/ERROR] [net.minecraft.Util/]: Entity illageandspillage:bone has no attributes
[09Jul2025 03:53:25.933] [main/ERROR] [net.minecraft.Util/]: Entity illageandspillage:axe has no attributes
[09Jul2025 03:53:25.934] [main/ERROR] [net.minecraft.Util/]: Entity illageandspillage:bone has no attributes
[09Jul2025 03:53:25.934] [main/ERROR] [net.minecraft.Util/]: Entity illageandspillage:axe has no attributes
[09Jul2025 03:53:25.934] [main/ERROR] [net.minecraft.Util/]: Entity illageandspillage:bone has no attributes
[09Jul2025 03:53:25.934] [main/ERROR] [net.minecraft.Util/]: Entity illageandspillage:axe has no attributes
[09Jul2025 03:53:25.936] [main/ERROR] [net.minecraft.Util/]: Entity illageandspillage:bone has no attributes
[09Jul2025 03:53:25.936] [main/ERROR] [net.minecraft.Util/]: Entity illageandspillage:axe has no attributes
[09Jul2025 03:53:25.936] [main/ERROR] [net.minecraft.Util/]: Entity illageandspillage:bone has no attributes
[09Jul2025 03:53:25.936] [main/ERROR] [net.minecraft.Util/]: Entity illageandspillage:axe has no attributes
[09Jul2025 03:53:25.936] [main/ERROR] [net.minecraft.Util/]: Entity illageandspillage:bone has no attributes
[09Jul2025 03:53:25.936] [main/ERROR] [net.minecraft.Util/]: Entity illageandspillage:axe has no attributes
[09Jul2025 03:53:25.937] [main/ERROR] [net.minecraft.Util/]: Entity illageandspillage:bone has no attributes
[09Jul2025 03:53:25.937] [main/ERROR] [net.minecraft.Util/]: Entity illageandspillage:axe has no attributes
[09Jul2025 03:53:25.937] [main/ERROR] [net.minecraft.Util/]: Entity illageandspillage:bone has no attributes
[09Jul2025 03:53:25.937] [main/ERROR] [net.minecraft.Util/]: Entity illageandspillage:axe has no attributes
[09Jul2025 03:53:25.937] [main/ERROR] [net.minecraft.Util/]: Entity illageandspillage:bone has no attributes
[09Jul2025 03:53:25.937] [main/ERROR] [net.minecraft.Util/]: Entity illageandspillage:axe has no attributes
[09Jul2025 03:53:25.938] [main/ERROR] [net.minecraft.Util/]: Entity illageandspillage:bone has no attributes
[09Jul2025 03:53:25.938] [main/ERROR] [net.minecraft.Util/]: Entity illageandspillage:axe has no attributes
[09Jul2025 03:53:25.938] [main/ERROR] [net.minecraft.Util/]: Entity illageandspillage:bone has no attributes
[09Jul2025 03:53:25.938] [main/ERROR] [net.minecraft.Util/]: Entity illageandspillage:axe has no attributes
[09Jul2025 03:53:25.938] [main/ERROR] [net.minecraft.Util/]: Entity illageandspillage:bone has no attributes
[09Jul2025 03:53:25.938] [main/ERROR] [net.minecraft.Util/]: Entity illageandspillage:axe has no attributes
[09Jul2025 03:53:25.940] [main/ERROR] [net.minecraft.Util/]: Entity illageandspillage:bone has no attributes
[09Jul2025 03:53:25.941] [main/ERROR] [net.minecraft.Util/]: Entity illageandspillage:axe has no attributes
[09Jul2025 03:53:25.941] [main/ERROR] [net.minecraft.Util/]: Entity illageandspillage:bone has no attributes
[09Jul2025 03:53:25.941] [main/ERROR] [net.minecraft.Util/]: Entity illageandspillage:axe has no attributes
[09Jul2025 03:53:25.941] [main/ERROR] [net.minecraft.Util/]: Entity illageandspillage:bone has no attributes
[09Jul2025 03:53:25.941] [main/ERROR] [net.minecraft.Util/]: Entity illageandspillage:axe has no attributes
[09Jul2025 03:53:25.941] [main/ERROR] [net.minecraft.Util/]: Entity illageandspillage:bone has no attributes
[09Jul2025 03:53:25.941] [main/ERROR] [net.minecraft.Util/]: Entity illageandspillage:axe has no attributes
[09Jul2025 03:53:25.942] [main/ERROR] [net.minecraft.Util/]: Entity illageandspillage:bone has no attributes
[09Jul2025 03:53:25.942] [main/ERROR] [net.minecraft.Util/]: Entity illageandspillage:axe has no attributes
[09Jul2025 03:53:25.942] [main/ERROR] [net.minecraft.Util/]: Entity illageandspillage:bone has no attributes
[09Jul2025 03:53:25.942] [main/ERROR] [net.minecraft.Util/]: Entity illageandspillage:axe has no attributes
[09Jul2025 03:53:25.942] [main/ERROR] [net.minecraft.Util/]: Entity illageandspillage:bone has no attributes
[09Jul2025 03:53:25.942] [main/ERROR] [net.minecraft.Util/]: Entity illageandspillage:axe has no attributes
[09Jul2025 03:53:25.943] [main/ERROR] [net.minecraft.Util/]: Entity illageandspillage:bone has no attributes
[09Jul2025 03:53:25.943] [main/ERROR] [net.minecraft.Util/]: Entity illageandspillage:axe has no attributes
[09Jul2025 03:53:25.943] [main/ERROR] [net.minecraft.Util/]: Entity illageandspillage:bone has no attributes
[09Jul2025 03:53:25.943] [main/ERROR] [net.minecraft.Util/]: Entity illageandspillage:axe has no attributes
[09Jul2025 03:53:25.943] [main/ERROR] [net.minecraft.Util/]: Entity illageandspillage:bone has no attributes
[09Jul2025 03:53:25.943] [main/ERROR] [net.minecraft.Util/]: Entity illageandspillage:axe has no attributes
[09Jul2025 03:53:25.945] [main/ERROR] [net.minecraft.Util/]: Entity illageandspillage:bone has no attributes
[09Jul2025 03:53:25.946] [main/ERROR] [net.minecraft.Util/]: Entity illageandspillage:axe has no attributes
[09Jul2025 03:53:25.946] [main/ERROR] [net.minecraft.Util/]: Entity illageandspillage:bone has no attributes
[09Jul2025 03:53:25.946] [main/ERROR] [net.minecraft.Util/]: Entity illageandspillage:axe has no attributes
[09Jul2025 03:53:25.946] [main/ERROR] [net.minecraft.Util/]: Entity illageandspillage:bone has no attributes
[09Jul2025 03:53:25.947] [main/ERROR] [net.minecraft.Util/]: Entity illageandspillage:axe has no attributes
[09Jul2025 03:53:25.947] [main/ERROR] [net.minecraft.Util/]: Entity illageandspillage:bone has no attributes
[09Jul2025 03:53:25.947] [main/ERROR] [net.minecraft.Util/]: Entity illageandspillage:axe has no attributes
[09Jul2025 03:53:25.947] [main/ERROR] [net.minecraft.Util/]: Entity illageandspillage:bone has no attributes
[09Jul2025 03:53:25.947] [main/ERROR] [net.minecraft.Util/]: Entity illageandspillage:axe has no attributes
[09Jul2025 03:53:25.947] [main/ERROR] [net.minecraft.Util/]: Entity illageandspillage:bone has no attributes
[09Jul2025 03:53:25.947] [main/ERROR] [net.minecraft.Util/]: Entity illageandspillage:axe has no attributes
[09Jul2025 03:53:25.948] [main/ERROR] [net.minecraft.Util/]: Entity illageandspillage:bone has no attributes
[09Jul2025 03:53:25.948] [main/ERROR] [net.minecraft.Util/]: Entity illageandspillage:axe has no attributes
[09Jul2025 03:53:25.948] [main/ERROR] [net.minecraft.Util/]: Entity illageandspillage:bone has no attributes
[09Jul2025 03:53:25.948] [main/ERROR] [net.minecraft.Util/]: Entity illageandspillage:axe has no attributes
[09Jul2025 03:53:25.948] [main/ERROR] [net.minecraft.Util/]: Entity illageandspillage:bone has no attributes
[09Jul2025 03:53:25.948] [main/ERROR] [net.minecraft.Util/]: Entity illageandspillage:axe has no attributes
[09Jul2025 03:53:25.950] [main/ERROR] [net.minecraft.Util/]: Entity illageandspillage:bone has no attributes
[09Jul2025 03:53:25.950] [main/ERROR] [net.minecraft.Util/]: Entity illageandspillage:axe has no attributes
[09Jul2025 03:53:25.950] [main/ERROR] [net.minecraft.Util/]: Entity illageandspillage:bone has no attributes
[09Jul2025 03:53:25.950] [main/ERROR] [net.minecraft.Util/]: Entity illageandspillage:axe has no attributes
[09Jul2025 03:53:25.951] [main/ERROR] [net.minecraft.Util/]: Entity illageandspillage:bone has no attributes
[09Jul2025 03:53:25.951] [main/ERROR] [net.minecraft.Util/]: Entity illageandspillage:axe has no attributes
[09Jul2025 03:53:25.951] [main/ERROR] [net.minecraft.Util/]: Entity illageandspillage:bone has no attributes
[09Jul2025 03:53:25.951] [main/ERROR] [net.minecraft.Util/]: Entity illageandspillage:axe has no attributes
[09Jul2025 03:53:25.951] [main/ERROR] [net.minecraft.Util/]: Entity illageandspillage:bone has no attributes
[09Jul2025 03:53:25.951] [main/ERROR] [net.minecraft.Util/]: Entity illageandspillage:axe has no attributes
[09Jul2025 03:53:25.951] [main/ERROR] [net.minecraft.Util/]: Entity illageandspillage:bone has no attributes
[09Jul2025 03:53:25.952] [main/ERROR] [net.minecraft.Util/]: Entity illageandspillage:axe has no attributes
[09Jul2025 03:53:25.952] [main/ERROR] [net.minecraft.Util/]: Entity illageandspillage:bone has no attributes
[09Jul2025 03:53:25.952] [main/ERROR] [net.minecraft.Util/]: Entity illageandspillage:axe has no attributes
[09Jul2025 03:53:25.952] [main/ERROR] [net.minecraft.Util/]: Entity illageandspillage:bone has no attributes
[09Jul2025 03:53:25.954] [main/ERROR] [net.minecraft.Util/]: Entity illageandspillage:axe has no attributes
[09Jul2025 03:53:25.954] [main/ERROR] [net.minecraft.Util/]: Entity illageandspillage:bone has no attributes
[09Jul2025 03:53:25.955] [main/ERROR] [net.minecraft.Util/]: Entity illageandspillage:axe has no attributes
[09Jul2025 03:53:25.955] [main/ERROR] [net.minecraft.Util/]: Entity illageandspillage:bone has no attributes
[09Jul2025 03:53:25.955] [main/ERROR] [net.minecraft.Util/]: Entity illageandspillage:axe has no attributes
[09Jul2025 03:53:25.956] [main/ERROR] [net.minecraft.Util/]: Entity illageandspillage:bone has no attributes
[09Jul2025 03:53:25.956] [main/ERROR] [net.minecraft.Util/]: Entity illageandspillage:axe has no attributes
[09Jul2025 03:53:25.956] [main/ERROR] [net.minecraft.Util/]: Entity illageandspillage:bone has no attributes
[09Jul2025 03:53:25.957] [main/ERROR] [net.minecraft.Util/]: Entity illageandspillage:axe has no attributes
[09Jul2025 03:53:25.957] [main/ERROR] [net.minecraft.Util/]: Entity illageandspillage:bone has no attributes
[09Jul2025 03:53:25.957] [main/ERROR] [net.minecraft.Util/]: Entity illageandspillage:axe has no attributes
[09Jul2025 03:53:25.957] [main/ERROR] [net.minecraft.Util/]: Entity illageandspillage:bone has no attributes
[09Jul2025 03:53:25.957] [main/ERROR] [net.minecraft.Util/]: Entity illageandspillage:axe has no attributes
[09Jul2025 03:53:25.959] [main/ERROR] [net.minecraft.Util/]: Entity illageandspillage:bone has no attributes
[09Jul2025 03:53:25.959] [main/ERROR] [net.minecraft.Util/]: Entity illageandspillage:axe has no attributes
[09Jul2025 03:53:25.959] [main/ERROR] [net.minecraft.Util/]: Entity illageandspillage:bone has no attributes
[09Jul2025 03:53:25.960] [main/ERROR] [net.minecraft.Util/]: Entity illageandspillage:axe has no attributes
[09Jul2025 03:53:25.960] [main/ERROR] [net.minecraft.Util/]: Entity illageandspillage:bone has no attributes
[09Jul2025 03:53:25.960] [main/ERROR] [net.minecraft.Util/]: Entity illageandspillage:axe has no attributes
[09Jul2025 03:53:25.960] [main/ERROR] [net.minecraft.Util/]: Entity illageandspillage:bone has no attributes
[09Jul2025 03:53:25.960] [main/ERROR] [net.minecraft.Util/]: Entity illageandspillage:axe has no attributes
[09Jul2025 03:53:25.961] [main/ERROR] [net.minecraft.Util/]: Entity illageandspillage:bone has no attributes
[09Jul2025 03:53:25.961] [main/ERROR] [net.minecraft.Util/]: Entity illageandspillage:axe has no attributes
[09Jul2025 03:53:25.961] [main/ERROR] [net.minecraft.Util/]: Entity illageandspillage:bone has no attributes
[09Jul2025 03:53:25.961] [main/ERROR] [net.minecraft.Util/]: Entity illageandspillage:axe has no attributes
[09Jul2025 03:53:25.961] [main/ERROR] [net.minecraft.Util/]: Entity illageandspillage:bone has no attributes
[09Jul2025 03:53:25.963] [main/ERROR] [net.minecraft.Util/]: Entity illageandspillage:axe has no attributes
[09Jul2025 03:53:25.963] [main/ERROR] [net.minecraft.Util/]: Entity illageandspillage:bone has no attributes
[09Jul2025 03:53:25.964] [main/ERROR] [net.minecraft.Util/]: Entity illageandspillage:axe has no attributes
[09Jul2025 03:53:25.964] [main/ERROR] [net.minecraft.Util/]: Entity illageandspillage:bone has no attributes
[09Jul2025 03:53:25.965] [main/ERROR] [net.minecraft.Util/]: Entity illageandspillage:axe has no attributes
[09Jul2025 03:53:25.965] [main/ERROR] [net.minecraft.Util/]: Entity illageandspillage:bone has no attributes
[09Jul2025 03:53:25.965] [main/ERROR] [net.minecraft.Util/]: Entity illageandspillage:axe has no attributes
[09Jul2025 03:53:25.965] [main/ERROR] [net.minecraft.Util/]: Entity illageandspillage:bone has no attributes
[09Jul2025 03:53:25.965] [main/ERROR] [net.minecraft.Util/]: Entity illageandspillage:axe has no attributes
[09Jul2025 03:53:25.966] [main/ERROR] [net.minecraft.Util/]: Entity illageandspillage:bone has no attributes
[09Jul2025 03:53:25.966] [main/ERROR] [net.minecraft.Util/]: Entity illageandspillage:axe has no attributes
[09Jul2025 03:53:25.966] [main/ERROR] [net.minecraft.Util/]: Entity illageandspillage:bone has no attributes
[09Jul2025 03:53:25.967] [main/ERROR] [net.minecraft.Util/]: Entity illageandspillage:axe has no attributes
[09Jul2025 03:53:25.967] [main/ERROR] [net.minecraft.Util/]: Entity illageandspillage:bone has no attributes
[09Jul2025 03:53:25.968] [main/ERROR] [net.minecraft.Util/]: Entity illageandspillage:axe has no attributes
[09Jul2025 03:53:25.968] [main/ERROR] [net.minecraft.Util/]: Entity illageandspillage:bone has no attributes
[09Jul2025 03:53:25.968] [main/ERROR] [net.minecraft.Util/]: Entity illageandspillage:axe has no attributes
[09Jul2025 03:53:25.968] [main/ERROR] [net.minecraft.Util/]: Entity illageandspillage:bone has no attributes
[09Jul2025 03:53:25.968] [main/ERROR] [net.minecraft.Util/]: Entity illageandspillage:axe has no attributes
[09Jul2025 03:53:25.968] [main/ERROR] [net.minecraft.Util/]: Entity illageandspillage:bone has no attributes
[09Jul2025 03:53:25.969] [main/ERROR] [net.minecraft.Util/]: Entity illageandspillage:axe has no attributes
[09Jul2025 03:53:25.969] [main/ERROR] [net.minecraft.Util/]: Entity illageandspillage:bone has no attributes
[09Jul2025 03:53:25.969] [main/ERROR] [net.minecraft.Util/]: Entity illageandspillage:axe has no attributes
[09Jul2025 03:53:25.969] [main/ERROR] [net.minecraft.Util/]: Entity illageandspillage:bone has no attributes
[09Jul2025 03:53:25.969] [main/ERROR] [net.minecraft.Util/]: Entity illageandspillage:axe has no attributes
[09Jul2025 03:53:25.969] [main/ERROR] [net.minecraft.Util/]: Entity illageandspillage:bone has no attributes
[09Jul2025 03:53:25.970] [main/ERROR] [net.minecraft.Util/]: Entity illageandspillage:axe has no attributes
[09Jul2025 03:53:25.970] [main/ERROR] [net.minecraft.Util/]: Entity illageandspillage:bone has no attributes
[09Jul2025 03:53:25.970] [main/ERROR] [net.minecraft.Util/]: Entity illageandspillage:axe has no attributes
[09Jul2025 03:53:25.970] [main/ERROR] [net.minecraft.Util/]: Entity illageandspillage:bone has no attributes
[09Jul2025 03:53:25.970] [main/ERROR] [net.minecraft.Util/]: Entity illageandspillage:axe has no attributes
[09Jul2025 03:53:32.891] [main/INFO] [com.mojang.datafixers.DataFixerBuilder/]: 0 Datafixer optimizations took 0 milliseconds
[09Jul2025 03:53:32.911] [main/WARN] [net.minecraft.server.packs.VanillaPackResourcesBuilder/]: Assets URL 'union:/workspaces/Mundo-de-Mundos/servidor_minecraft/libraries/net/minecraft/server/1.20.1-20230612.114412/server-1.20.1-20230612.114412-srg.jar%23393!/assets/.mcassetsroot' uses unexpected schema
[09Jul2025 03:53:32.911] [main/WARN] [net.minecraft.server.packs.VanillaPackResourcesBuilder/]: Assets URL 'union:/workspaces/Mundo-de-Mundos/servidor_minecraft/libraries/net/minecraft/server/1.20.1-20230612.114412/server-1.20.1-20230612.114412-srg.jar%23393!/data/.mcassetsroot' uses unexpected schema
[09Jul2025 03:53:33.124] [main/INFO] [com.simibubi.create.Create/]: Created 626 recipes which will be injected into the game
[09Jul2025 03:53:33.138] [main/INFO] [com.simibubi.create.Create/]: Created 32 tags which will be injected into the game
[09Jul2025 03:53:33.304] [main/INFO] [com.teamabnormals.blueprint.core.Blueprint/]: Successfully loaded 0 data remolders!
[09Jul2025 03:53:34.687] [main/INFO] [bettervillage/]: StructureSet modified for minecraft:village : Now using custom village configuration (can be disabled in the better villages config: boolean.villages.enabled_custom_config).
[09Jul2025 03:53:36.822] [main/INFO] [com.github.alexthe666.alexsmobs.AlexsMobs/]: Adding datapack listener capsid_recipes
[09Jul2025 03:53:36.923] [Worker-Main-3/ERROR] [net.minecraft.tags.TagLoader/]: Couldn't load tag minecraft:impact_projectiles as it is missing following references: cataclysm:ceraunus (from L_Enders_Cataclysm-3.03.jar)
[09Jul2025 03:53:37.032] [Worker-Main-2/ERROR] [net.minecraft.tags.TagLoader/]: Couldn't load tag legendary_monsters:ancient_stronghold_biomes as it is missing following references: minecraft:spruce_forest (from legendarymonsters-1.9.7 MC 1.20.1.jar)
[09Jul2025 03:53:37.098] [Worker-Main-1/ERROR] [net.minecraft.tags.TagLoader/]: Couldn't read tag list amendments:sets_on_fire from amendments:tags/items/sets_on_fire.json in data pack forge-dungeonsdelight-1.20.1-1.1.3.jar
com.google.gson.JsonSyntaxException: com.google.gson.stream.MalformedJsonException: Use JsonReader.setLenient(true) to accept malformed JSON at line 1 column 13 path $
	at com.google.gson.JsonParser.parseReader(JsonParser.java:76) ~[gson-2.10.jar%2372!/:?]
	at net.minecraft.tags.TagLoader.m_144495_(TagLoader.java:49) ~[server-1.20.1-20230612.114412-srg.jar%23393!/:?]
	at net.minecraft.tags.TagLoader.m_203900_(TagLoader.java:114) ~[server-1.20.1-20230612.114412-srg.jar%23393!/:?]
	at net.minecraft.tags.TagManager.m_203920_(TagManager.java:55) ~[server-1.20.1-20230612.114412-srg.jar%23393!/:?]
	at java.util.concurrent.CompletableFuture$AsyncSupply.run(CompletableFuture.java:1768) ~[?:?]
	at java.util.concurrent.CompletableFuture$AsyncSupply.exec(CompletableFuture.java:1760) ~[?:?]
	at java.util.concurrent.ForkJoinTask.doExec(ForkJoinTask.java:373) ~[?:?]
	at java.util.concurrent.ForkJoinPool$WorkQueue.topLevelExec(ForkJoinPool.java:1182) ~[?:?]
	at java.util.concurrent.ForkJoinPool.scan(ForkJoinPool.java:1655) ~[?:?]
	at java.util.concurrent.ForkJoinPool.runWorker(ForkJoinPool.java:1622) ~[?:?]
	at java.util.concurrent.ForkJoinWorkerThread.run(ForkJoinWorkerThread.java:165) ~[?:?]
Caused by: com.google.gson.stream.MalformedJsonException: Use JsonReader.setLenient(true) to accept malformed JSON at line 1 column 13 path $
	at com.google.gson.stream.JsonReader.syntaxError(JsonReader.java:1657) ~[gson-2.10.jar%2372!/:?]
	at com.google.gson.stream.JsonReader.checkLenient(JsonReader.java:1463) ~[gson-2.10.jar%2372!/:?]
	at com.google.gson.stream.JsonReader.doPeek(JsonReader.java:551) ~[gson-2.10.jar%2372!/:?]
	at com.google.gson.stream.JsonReader.peek(JsonReader.java:433) ~[gson-2.10.jar%2372!/:?]
	at com.google.gson.JsonParser.parseReader(JsonParser.java:71) ~[gson-2.10.jar%2372!/:?]
	... 10 more
[09Jul2025 03:53:37.135] [Worker-Main-1/ERROR] [net.minecraft.tags.TagLoader/]: Couldn't load tag forge:cooked_trilocararis as it is missing following references: alexscaves:cooked_trilocaris (from alexscavesdelight-1.0.27-final.jar)
[09Jul2025 03:53:37.141] [Worker-Main-1/ERROR] [net.minecraft.tags.TagLoader/]: Couldn't load tag forge:meat as it is missing following references: alexscavesdelight:cooked_sea_pig (from alexscavesdelight-1.0.27-final.jar), 
	alexscavesdelight:dried_tripodfish (from alexscavesdelight-1.0.27-final.jar)
[09Jul2025 03:53:37.141] [Worker-Main-1/ERROR] [net.minecraft.tags.TagLoader/]: Couldn't load tag forge:dinosaur_chop_raw as it is missing following references: alexscaves:dinosaur_chop_raw (from alexscavesdelight-1.0.27-final.jar)
[09Jul2025 03:53:37.150] [Worker-Main-1/ERROR] [net.minecraft.tags.TagLoader/]: Couldn't load tag pizzadelight:sliced_ingredients as it is missing following references: pizzadelight:pepper_slice (from pizzadelight-1.20.1-1.0.0.jar)
[09Jul2025 03:53:37.154] [Worker-Main-1/ERROR] [net.minecraft.tags.TagLoader/]: Couldn't load tag origins:meat as it is missing following references: alexscavesdelight:cooked_sea_pig (from alexscavesdelight-1.0.27-final.jar), 
	alexscavesdelight:dried_tripodfish (from alexscavesdelight-1.0.27-final.jar)
[09Jul2025 03:53:37.156] [Worker-Main-1/ERROR] [net.minecraft.tags.TagLoader/]: Couldn't load tag forge:dinosaur_chop_cooked as it is missing following references: alexscaves:dinosaur_chop_cooked (from alexscavesdelight-1.0.27-final.jar)
[09Jul2025 03:53:37.159] [Worker-Main-1/ERROR] [net.minecraft.tags.TagLoader/]: Couldn't load tag forge:hearts_with_potatoes_in_cream_sauce as it is missing following references: ice_and_fire_delight:fire_heart_with_potatoes_in_cream_sauce (from ice_and_fire_delight-forge-1.20.1-0.2.3.jar), 
	ice_and_fire_delight:ice_heart_with_potatoes_in_cream_sauce (from ice_and_fire_delight-forge-1.20.1-0.2.3.jar), 
	ice_and_fire_delight:lightning_heart_with_potatoes_in_cream_sauce (from ice_and_fire_delight-forge-1.20.1-0.2.3.jar)
[09Jul2025 03:53:37.222] [Worker-Main-3/ERROR] [net.minecraft.tags.TagLoader/]: Couldn't load tag minecraft:fan_transparent as it is missing following references: create:void_steel_bars (from createutilities-0.3.2+1.20.1.jar)
[09Jul2025 03:53:37.235] [Worker-Main-3/ERROR] [net.minecraft.tags.TagLoader/]: Couldn't load tag fabric:needs_tool_level_1 as it is missing following references: nordic_structures:dwarfcavernspawner_1 (from nordic_structures-1.6.9-forge-1.20.1.jar), 
	nordic_structures:dwarfcavernspawner_2 (from nordic_structures-1.6.9-forge-1.20.1.jar), 
	nordic_structures:abandonednordicmine_1spawner (from nordic_structures-1.6.9-forge-1.20.1.jar), 
	nordic_structures:abandonednordicmine_2spawner (from nordic_structures-1.6.9-forge-1.20.1.jar), 
	nordic_structures:steelore (from nordic_structures-1.6.9-forge-1.20.1.jar)
[09Jul2025 03:53:38.006] [Worker-Main-1/ERROR] [net.minecraftforge.common.ForgeHooks/]: Couldn't parse element loot_tables:twilightdelight:blocks/phytochemical_cake
com.google.gson.JsonSyntaxException: Expected name to be an item, was unknown string 'twilightdelight:phytochemical_cake_slice'
	at net.minecraft.util.GsonHelper.m_13866_(GsonHelper.java:145) ~[server-1.20.1-20230612.114412-srg.jar%23393!/:?]
	at java.util.Optional.orElseThrow(Optional.java:403) ~[?:?]
	at net.minecraft.util.GsonHelper.m_13874_(GsonHelper.java:145) ~[server-1.20.1-20230612.114412-srg.jar%23393!/:?]
	at net.minecraft.util.GsonHelper.m_13909_(GsonHelper.java:153) ~[server-1.20.1-20230612.114412-srg.jar%23393!/:?]
	at net.minecraft.world.level.storage.loot.entries.LootItem$Serializer.m_7267_(LootItem.java:55) ~[server-1.20.1-20230612.114412-srg.jar%23393!/:?]
	at net.minecraft.world.level.storage.loot.entries.LootItem$Serializer.m_7267_(LootItem.java:40) ~[server-1.20.1-20230612.114412-srg.jar%23393!/:?]
	at net.minecraft.world.level.storage.loot.entries.LootPoolSingletonContainer$Serializer.m_5921_(LootPoolSingletonContainer.java:151) ~[server-1.20.1-20230612.114412-srg.jar%23393!/:?]
	at net.minecraft.world.level.storage.loot.entries.LootPoolSingletonContainer$Serializer.m_5921_(LootPoolSingletonContainer.java:129) ~[server-1.20.1-20230612.114412-srg.jar%23393!/:?]
	at net.minecraft.world.level.storage.loot.entries.LootPoolEntryContainer$Serializer.m_7561_(LootPoolEntryContainer.java:86) ~[server-1.20.1-20230612.114412-srg.jar%23393!/:?]
	at net.minecraft.world.level.storage.loot.entries.LootPoolEntryContainer$Serializer.m_7561_(LootPoolEntryContainer.java:74) ~[server-1.20.1-20230612.114412-srg.jar%23393!/:?]
	at net.minecraft.world.level.storage.loot.GsonAdapterFactory$JsonAdapter.deserialize(GsonAdapterFactory.java:102) ~[server-1.20.1-20230612.114412-srg.jar%23393!/:?]
	at com.google.gson.internal.bind.TreeTypeAdapter.read(TreeTypeAdapter.java:76) ~[gson-2.10.jar%2372!/:?]
	at com.google.gson.internal.bind.TypeAdapterRuntimeTypeWrapper.read(TypeAdapterRuntimeTypeWrapper.java:40) ~[gson-2.10.jar%2372!/:?]
	at com.google.gson.internal.bind.ArrayTypeAdapter.read(ArrayTypeAdapter.java:72) ~[gson-2.10.jar%2372!/:?]
	at com.google.gson.Gson.fromJson(Gson.java:1214) ~[gson-2.10.jar%2372!/:?]
	at com.google.gson.Gson.fromJson(Gson.java:1319) ~[gson-2.10.jar%2372!/:?]
	at com.google.gson.Gson.fromJson(Gson.java:1290) ~[gson-2.10.jar%2372!/:?]
	at com.google.gson.internal.bind.TreeTypeAdapter$GsonContextImpl.deserialize(TreeTypeAdapter.java:179) ~[gson-2.10.jar%2372!/:?]
	at net.minecraft.util.GsonHelper.m_13808_(GsonHelper.java:463) ~[server-1.20.1-20230612.114412-srg.jar%23393!/:?]
	at net.minecraft.util.GsonHelper.m_13836_(GsonHelper.java:471) ~[server-1.20.1-20230612.114412-srg.jar%23393!/:?]
	at net.minecraft.world.level.storage.loot.LootPool$Serializer.deserialize(LootPool.java:192) ~[server-1.20.1-20230612.114412-srg.jar%23393!/:?]
	at net.minecraft.world.level.storage.loot.LootPool$Serializer.deserialize(LootPool.java:189) ~[server-1.20.1-20230612.114412-srg.jar%23393!/:?]
	at com.google.gson.internal.bind.TreeTypeAdapter.read(TreeTypeAdapter.java:76) ~[gson-2.10.jar%2372!/:?]
	at com.google.gson.internal.bind.TypeAdapterRuntimeTypeWrapper.read(TypeAdapterRuntimeTypeWrapper.java:40) ~[gson-2.10.jar%2372!/:?]
	at com.google.gson.internal.bind.ArrayTypeAdapter.read(ArrayTypeAdapter.java:72) ~[gson-2.10.jar%2372!/:?]
	at com.google.gson.Gson.fromJson(Gson.java:1214) ~[gson-2.10.jar%2372!/:?]
	at com.google.gson.Gson.fromJson(Gson.java:1319) ~[gson-2.10.jar%2372!/:?]
	at com.google.gson.Gson.fromJson(Gson.java:1290) ~[gson-2.10.jar%2372!/:?]
	at com.google.gson.internal.bind.TreeTypeAdapter$GsonContextImpl.deserialize(TreeTypeAdapter.java:179) ~[gson-2.10.jar%2372!/:?]
	at net.minecraft.util.GsonHelper.m_13808_(GsonHelper.java:463) ~[server-1.20.1-20230612.114412-srg.jar%23393!/:?]
	at net.minecraft.util.GsonHelper.m_13845_(GsonHelper.java:481) ~[server-1.20.1-20230612.114412-srg.jar%23393!/:?]
	at net.minecraft.world.level.storage.loot.LootTable$Serializer.deserialize(LootTable.java:294) ~[server-1.20.1-20230612.114412-srg.jar%23393!/:?]
	at net.minecraft.world.level.storage.loot.LootTable$Serializer.deserialize(LootTable.java:291) ~[server-1.20.1-20230612.114412-srg.jar%23393!/:?]
	at com.google.gson.internal.bind.TreeTypeAdapter.read(TreeTypeAdapter.java:76) ~[gson-2.10.jar%2372!/:?]
	at com.google.gson.Gson.fromJson(Gson.java:1214) ~[gson-2.10.jar%2372!/:?]
	at com.google.gson.Gson.fromJson(Gson.java:1319) ~[gson-2.10.jar%2372!/:?]
	at com.google.gson.Gson.fromJson(Gson.java:1261) ~[gson-2.10.jar%2372!/:?]
	at net.minecraftforge.common.ForgeHooks.loadLootTable(ForgeHooks.java:871) ~[forge-1.20.1-47.3.7-universal.jar%23398!/:?]
	at net.minecraftforge.common.ForgeHooks.lambda$getLootTableDeserializer$3(ForgeHooks.java:848) ~[forge-1.20.1-47.3.7-universal.jar%23398!/:?]
	at net.minecraft.world.level.storage.loot.LootDataType.deserialize(LootDataType.java:45) ~[server-1.20.1-20230612.114412-srg.jar%23393!/:?]
	at net.minecraft.world.level.storage.loot.LootDataManager.lambda$scheduleElementParse$4(LootDataManager.java:56) ~[server-1.20.1-20230612.114412-srg.jar%23393!/:?]
	at java.util.HashMap.forEach(HashMap.java:1421) ~[?:?]
	at net.minecraft.world.level.storage.loot.LootDataManager.m_278660_(LootDataManager.java:55) ~[server-1.20.1-20230612.114412-srg.jar%23393!/:?]
	at java.util.concurrent.CompletableFuture$AsyncRun.run(CompletableFuture.java:1804) ~[?:?]
	at java.util.concurrent.CompletableFuture$AsyncRun.exec(CompletableFuture.java:1796) ~[?:?]
	at java.util.concurrent.ForkJoinTask.doExec(ForkJoinTask.java:373) ~[?:?]
	at java.util.concurrent.ForkJoinPool$WorkQueue.topLevelExec(ForkJoinPool.java:1182) ~[?:?]
	at java.util.concurrent.ForkJoinPool.scan(ForkJoinPool.java:1655) ~[?:?]
	at java.util.concurrent.ForkJoinPool.runWorker(ForkJoinPool.java:1622) ~[?:?]
	at java.util.concurrent.ForkJoinWorkerThread.run(ForkJoinWorkerThread.java:165) ~[?:?]
[09Jul2025 03:53:38.383] [Worker-Main-1/ERROR] [net.minecraftforge.common.ForgeHooks/]: Couldn't parse element loot_tables:twilightdelight:blocks/aurora_cake
com.google.gson.JsonSyntaxException: Expected name to be an item, was unknown string 'twilightdelight:aurora_cake_slice'
	at net.minecraft.util.GsonHelper.m_13866_(GsonHelper.java:145) ~[server-1.20.1-20230612.114412-srg.jar%23393!/:?]
	at java.util.Optional.orElseThrow(Optional.java:403) ~[?:?]
	at net.minecraft.util.GsonHelper.m_13874_(GsonHelper.java:145) ~[server-1.20.1-20230612.114412-srg.jar%23393!/:?]
	at net.minecraft.util.GsonHelper.m_13909_(GsonHelper.java:153) ~[server-1.20.1-20230612.114412-srg.jar%23393!/:?]
	at net.minecraft.world.level.storage.loot.entries.LootItem$Serializer.m_7267_(LootItem.java:55) ~[server-1.20.1-20230612.114412-srg.jar%23393!/:?]
	at net.minecraft.world.level.storage.loot.entries.LootItem$Serializer.m_7267_(LootItem.java:40) ~[server-1.20.1-20230612.114412-srg.jar%23393!/:?]
	at net.minecraft.world.level.storage.loot.entries.LootPoolSingletonContainer$Serializer.m_5921_(LootPoolSingletonContainer.java:151) ~[server-1.20.1-20230612.114412-srg.jar%23393!/:?]
	at net.minecraft.world.level.storage.loot.entries.LootPoolSingletonContainer$Serializer.m_5921_(LootPoolSingletonContainer.java:129) ~[server-1.20.1-20230612.114412-srg.jar%23393!/:?]
	at net.minecraft.world.level.storage.loot.entries.LootPoolEntryContainer$Serializer.m_7561_(LootPoolEntryContainer.java:86) ~[server-1.20.1-20230612.114412-srg.jar%23393!/:?]
	at net.minecraft.world.level.storage.loot.entries.LootPoolEntryContainer$Serializer.m_7561_(LootPoolEntryContainer.java:74) ~[server-1.20.1-20230612.114412-srg.jar%23393!/:?]
	at net.minecraft.world.level.storage.loot.GsonAdapterFactory$JsonAdapter.deserialize(GsonAdapterFactory.java:102) ~[server-1.20.1-20230612.114412-srg.jar%23393!/:?]
	at com.google.gson.internal.bind.TreeTypeAdapter.read(TreeTypeAdapter.java:76) ~[gson-2.10.jar%2372!/:?]
	at com.google.gson.internal.bind.TypeAdapterRuntimeTypeWrapper.read(TypeAdapterRuntimeTypeWrapper.java:40) ~[gson-2.10.jar%2372!/:?]
	at com.google.gson.internal.bind.ArrayTypeAdapter.read(ArrayTypeAdapter.java:72) ~[gson-2.10.jar%2372!/:?]
	at com.google.gson.Gson.fromJson(Gson.java:1214) ~[gson-2.10.jar%2372!/:?]
	at com.google.gson.Gson.fromJson(Gson.java:1319) ~[gson-2.10.jar%2372!/:?]
	at com.google.gson.Gson.fromJson(Gson.java:1290) ~[gson-2.10.jar%2372!/:?]
	at com.google.gson.internal.bind.TreeTypeAdapter$GsonContextImpl.deserialize(TreeTypeAdapter.java:179) ~[gson-2.10.jar%2372!/:?]
	at net.minecraft.util.GsonHelper.m_13808_(GsonHelper.java:463) ~[server-1.20.1-20230612.114412-srg.jar%23393!/:?]
	at net.minecraft.util.GsonHelper.m_13836_(GsonHelper.java:471) ~[server-1.20.1-20230612.114412-srg.jar%23393!/:?]
	at net.minecraft.world.level.storage.loot.LootPool$Serializer.deserialize(LootPool.java:192) ~[server-1.20.1-20230612.114412-srg.jar%23393!/:?]
	at net.minecraft.world.level.storage.loot.LootPool$Serializer.deserialize(LootPool.java:189) ~[server-1.20.1-20230612.114412-srg.jar%23393!/:?]
	at com.google.gson.internal.bind.TreeTypeAdapter.read(TreeTypeAdapter.java:76) ~[gson-2.10.jar%2372!/:?]
	at com.google.gson.internal.bind.TypeAdapterRuntimeTypeWrapper.read(TypeAdapterRuntimeTypeWrapper.java:40) ~[gson-2.10.jar%2372!/:?]
	at com.google.gson.internal.bind.ArrayTypeAdapter.read(ArrayTypeAdapter.java:72) ~[gson-2.10.jar%2372!/:?]
	at com.google.gson.Gson.fromJson(Gson.java:1214) ~[gson-2.10.jar%2372!/:?]
	at com.google.gson.Gson.fromJson(Gson.java:1319) ~[gson-2.10.jar%2372!/:?]
	at com.google.gson.Gson.fromJson(Gson.java:1290) ~[gson-2.10.jar%2372!/:?]
	at com.google.gson.internal.bind.TreeTypeAdapter$GsonContextImpl.deserialize(TreeTypeAdapter.java:179) ~[gson-2.10.jar%2372!/:?]
	at net.minecraft.util.GsonHelper.m_13808_(GsonHelper.java:463) ~[server-1.20.1-20230612.114412-srg.jar%23393!/:?]
	at net.minecraft.util.GsonHelper.m_13845_(GsonHelper.java:481) ~[server-1.20.1-20230612.114412-srg.jar%23393!/:?]
	at net.minecraft.world.level.storage.loot.LootTable$Serializer.deserialize(LootTable.java:294) ~[server-1.20.1-20230612.114412-srg.jar%23393!/:?]
	at net.minecraft.world.level.storage.loot.LootTable$Serializer.deserialize(LootTable.java:291) ~[server-1.20.1-20230612.114412-srg.jar%23393!/:?]
	at com.google.gson.internal.bind.TreeTypeAdapter.read(TreeTypeAdapter.java:76) ~[gson-2.10.jar%2372!/:?]
	at com.google.gson.Gson.fromJson(Gson.java:1214) ~[gson-2.10.jar%2372!/:?]
	at com.google.gson.Gson.fromJson(Gson.java:1319) ~[gson-2.10.jar%2372!/:?]
	at com.google.gson.Gson.fromJson(Gson.java:1261) ~[gson-2.10.jar%2372!/:?]
	at net.minecraftforge.common.ForgeHooks.loadLootTable(ForgeHooks.java:871) ~[forge-1.20.1-47.3.7-universal.jar%23398!/:?]
	at net.minecraftforge.common.ForgeHooks.lambda$getLootTableDeserializer$3(ForgeHooks.java:848) ~[forge-1.20.1-47.3.7-universal.jar%23398!/:?]
	at net.minecraft.world.level.storage.loot.LootDataType.deserialize(LootDataType.java:45) ~[server-1.20.1-20230612.114412-srg.jar%23393!/:?]
	at net.minecraft.world.level.storage.loot.LootDataManager.lambda$scheduleElementParse$4(LootDataManager.java:56) ~[server-1.20.1-20230612.114412-srg.jar%23393!/:?]
	at java.util.HashMap.forEach(HashMap.java:1421) ~[?:?]
	at net.minecraft.world.level.storage.loot.LootDataManager.m_278660_(LootDataManager.java:55) ~[server-1.20.1-20230612.114412-srg.jar%23393!/:?]
	at java.util.concurrent.CompletableFuture$AsyncRun.run(CompletableFuture.java:1804) ~[?:?]
	at java.util.concurrent.CompletableFuture$AsyncRun.exec(CompletableFuture.java:1796) ~[?:?]
	at java.util.concurrent.ForkJoinTask.doExec(ForkJoinTask.java:373) ~[?:?]
	at java.util.concurrent.ForkJoinPool$WorkQueue.topLevelExec(ForkJoinPool.java:1182) ~[?:?]
	at java.util.concurrent.ForkJoinPool.scan(ForkJoinPool.java:1655) ~[?:?]
	at java.util.concurrent.ForkJoinPool.runWorker(ForkJoinPool.java:1622) ~[?:?]
	at java.util.concurrent.ForkJoinWorkerThread.run(ForkJoinWorkerThread.java:165) ~[?:?]
[09Jul2025 03:53:38.398] [Worker-Main-1/ERROR] [net.minecraftforge.common.ForgeHooks/]: Couldn't parse element loot_tables:mynethersdelight:blocks/blackstone_cooking_pot
com.google.gson.JsonSyntaxException: Unknown type 'mynethersdelight:copy_meal'
	at net.minecraft.world.level.storage.loot.GsonAdapterFactory$JsonAdapter.deserialize(GsonAdapterFactory.java:99) ~[server-1.20.1-20230612.114412-srg.jar%23393!/:?]
	at com.google.gson.internal.bind.TreeTypeAdapter.read(TreeTypeAdapter.java:76) ~[gson-2.10.jar%2372!/:?]
	at com.google.gson.internal.bind.TypeAdapterRuntimeTypeWrapper.read(TypeAdapterRuntimeTypeWrapper.java:40) ~[gson-2.10.jar%2372!/:?]
	at com.google.gson.internal.bind.ArrayTypeAdapter.read(ArrayTypeAdapter.java:72) ~[gson-2.10.jar%2372!/:?]
	at com.google.gson.Gson.fromJson(Gson.java:1214) ~[gson-2.10.jar%2372!/:?]
	at com.google.gson.Gson.fromJson(Gson.java:1319) ~[gson-2.10.jar%2372!/:?]
	at com.google.gson.Gson.fromJson(Gson.java:1290) ~[gson-2.10.jar%2372!/:?]
	at com.google.gson.internal.bind.TreeTypeAdapter$GsonContextImpl.deserialize(TreeTypeAdapter.java:179) ~[gson-2.10.jar%2372!/:?]
	at net.minecraft.util.GsonHelper.m_13808_(GsonHelper.java:463) ~[server-1.20.1-20230612.114412-srg.jar%23393!/:?]
	at net.minecraft.util.GsonHelper.m_13845_(GsonHelper.java:481) ~[server-1.20.1-20230612.114412-srg.jar%23393!/:?]
	at net.minecraft.world.level.storage.loot.entries.LootPoolSingletonContainer$Serializer.m_5921_(LootPoolSingletonContainer.java:149) ~[server-1.20.1-20230612.114412-srg.jar%23393!/:?]
	at net.minecraft.world.level.storage.loot.entries.LootPoolSingletonContainer$Serializer.m_5921_(LootPoolSingletonContainer.java:129) ~[server-1.20.1-20230612.114412-srg.jar%23393!/:?]
	at net.minecraft.world.level.storage.loot.entries.LootPoolEntryContainer$Serializer.m_7561_(LootPoolEntryContainer.java:86) ~[server-1.20.1-20230612.114412-srg.jar%23393!/:?]
	at net.minecraft.world.level.storage.loot.entries.LootPoolEntryContainer$Serializer.m_7561_(LootPoolEntryContainer.java:74) ~[server-1.20.1-20230612.114412-srg.jar%23393!/:?]
	at net.minecraft.world.level.storage.loot.GsonAdapterFactory$JsonAdapter.deserialize(GsonAdapterFactory.java:102) ~[server-1.20.1-20230612.114412-srg.jar%23393!/:?]
	at com.google.gson.internal.bind.TreeTypeAdapter.read(TreeTypeAdapter.java:76) ~[gson-2.10.jar%2372!/:?]
	at com.google.gson.internal.bind.TypeAdapterRuntimeTypeWrapper.read(TypeAdapterRuntimeTypeWrapper.java:40) ~[gson-2.10.jar%2372!/:?]
	at com.google.gson.internal.bind.ArrayTypeAdapter.read(ArrayTypeAdapter.java:72) ~[gson-2.10.jar%2372!/:?]
	at com.google.gson.Gson.fromJson(Gson.java:1214) ~[gson-2.10.jar%2372!/:?]
	at com.google.gson.Gson.fromJson(Gson.java:1319) ~[gson-2.10.jar%2372!/:?]
	at com.google.gson.Gson.fromJson(Gson.java:1290) ~[gson-2.10.jar%2372!/:?]
	at com.google.gson.internal.bind.TreeTypeAdapter$GsonContextImpl.deserialize(TreeTypeAdapter.java:179) ~[gson-2.10.jar%2372!/:?]
	at net.minecraft.util.GsonHelper.m_13808_(GsonHelper.java:463) ~[server-1.20.1-20230612.114412-srg.jar%23393!/:?]
	at net.minecraft.util.GsonHelper.m_13836_(GsonHelper.java:471) ~[server-1.20.1-20230612.114412-srg.jar%23393!/:?]
	at net.minecraft.world.level.storage.loot.LootPool$Serializer.deserialize(LootPool.java:192) ~[server-1.20.1-20230612.114412-srg.jar%23393!/:?]
	at net.minecraft.world.level.storage.loot.LootPool$Serializer.deserialize(LootPool.java:189) ~[server-1.20.1-20230612.114412-srg.jar%23393!/:?]
	at com.google.gson.internal.bind.TreeTypeAdapter.read(TreeTypeAdapter.java:76) ~[gson-2.10.jar%2372!/:?]
	at com.google.gson.internal.bind.TypeAdapterRuntimeTypeWrapper.read(TypeAdapterRuntimeTypeWrapper.java:40) ~[gson-2.10.jar%2372!/:?]
	at com.google.gson.internal.bind.ArrayTypeAdapter.read(ArrayTypeAdapter.java:72) ~[gson-2.10.jar%2372!/:?]
	at com.google.gson.Gson.fromJson(Gson.java:1214) ~[gson-2.10.jar%2372!/:?]
	at com.google.gson.Gson.fromJson(Gson.java:1319) ~[gson-2.10.jar%2372!/:?]
	at com.google.gson.Gson.fromJson(Gson.java:1290) ~[gson-2.10.jar%2372!/:?]
	at com.google.gson.internal.bind.TreeTypeAdapter$GsonContextImpl.deserialize(TreeTypeAdapter.java:179) ~[gson-2.10.jar%2372!/:?]
	at net.minecraft.util.GsonHelper.m_13808_(GsonHelper.java:463) ~[server-1.20.1-20230612.114412-srg.jar%23393!/:?]
	at net.minecraft.util.GsonHelper.m_13845_(GsonHelper.java:481) ~[server-1.20.1-20230612.114412-srg.jar%23393!/:?]
	at net.minecraft.world.level.storage.loot.LootTable$Serializer.deserialize(LootTable.java:294) ~[server-1.20.1-20230612.114412-srg.jar%23393!/:?]
	at net.minecraft.world.level.storage.loot.LootTable$Serializer.deserialize(LootTable.java:291) ~[server-1.20.1-20230612.114412-srg.jar%23393!/:?]
	at com.google.gson.internal.bind.TreeTypeAdapter.read(TreeTypeAdapter.java:76) ~[gson-2.10.jar%2372!/:?]
	at com.google.gson.Gson.fromJson(Gson.java:1214) ~[gson-2.10.jar%2372!/:?]
	at com.google.gson.Gson.fromJson(Gson.java:1319) ~[gson-2.10.jar%2372!/:?]
	at com.google.gson.Gson.fromJson(Gson.java:1261) ~[gson-2.10.jar%2372!/:?]
	at net.minecraftforge.common.ForgeHooks.loadLootTable(ForgeHooks.java:871) ~[forge-1.20.1-47.3.7-universal.jar%23398!/:?]
	at net.minecraftforge.common.ForgeHooks.lambda$getLootTableDeserializer$3(ForgeHooks.java:848) ~[forge-1.20.1-47.3.7-universal.jar%23398!/:?]
	at net.minecraft.world.level.storage.loot.LootDataType.deserialize(LootDataType.java:45) ~[server-1.20.1-20230612.114412-srg.jar%23393!/:?]
	at net.minecraft.world.level.storage.loot.LootDataManager.lambda$scheduleElementParse$4(LootDataManager.java:56) ~[server-1.20.1-20230612.114412-srg.jar%23393!/:?]
	at java.util.HashMap.forEach(HashMap.java:1421) ~[?:?]
	at net.minecraft.world.level.storage.loot.LootDataManager.m_278660_(LootDataManager.java:55) ~[server-1.20.1-20230612.114412-srg.jar%23393!/:?]
	at java.util.concurrent.CompletableFuture$AsyncRun.run(CompletableFuture.java:1804) ~[?:?]
	at java.util.concurrent.CompletableFuture$AsyncRun.exec(CompletableFuture.java:1796) ~[?:?]
	at java.util.concurrent.ForkJoinTask.doExec(ForkJoinTask.java:373) ~[?:?]
	at java.util.concurrent.ForkJoinPool$WorkQueue.topLevelExec(ForkJoinPool.java:1182) ~[?:?]
	at java.util.concurrent.ForkJoinPool.scan(ForkJoinPool.java:1655) ~[?:?]
	at java.util.concurrent.ForkJoinPool.runWorker(ForkJoinPool.java:1622) ~[?:?]
	at java.util.concurrent.ForkJoinWorkerThread.run(ForkJoinWorkerThread.java:165) ~[?:?]
[09Jul2025 03:53:38.539] [Worker-Main-1/ERROR] [net.minecraftforge.common.ForgeHooks/]: Couldn't parse element loot_tables:twilightdelight:blocks/glacier_cake
com.google.gson.JsonSyntaxException: Expected name to be an item, was unknown string 'twilightdelight:glacier_cake_slice'
	at net.minecraft.util.GsonHelper.m_13866_(GsonHelper.java:145) ~[server-1.20.1-20230612.114412-srg.jar%23393!/:?]
	at java.util.Optional.orElseThrow(Optional.java:403) ~[?:?]
	at net.minecraft.util.GsonHelper.m_13874_(GsonHelper.java:145) ~[server-1.20.1-20230612.114412-srg.jar%23393!/:?]
	at net.minecraft.util.GsonHelper.m_13909_(GsonHelper.java:153) ~[server-1.20.1-20230612.114412-srg.jar%23393!/:?]
	at net.minecraft.world.level.storage.loot.entries.LootItem$Serializer.m_7267_(LootItem.java:55) ~[server-1.20.1-20230612.114412-srg.jar%23393!/:?]
	at net.minecraft.world.level.storage.loot.entries.LootItem$Serializer.m_7267_(LootItem.java:40) ~[server-1.20.1-20230612.114412-srg.jar%23393!/:?]
	at net.minecraft.world.level.storage.loot.entries.LootPoolSingletonContainer$Serializer.m_5921_(LootPoolSingletonContainer.java:151) ~[server-1.20.1-20230612.114412-srg.jar%23393!/:?]
	at net.minecraft.world.level.storage.loot.entries.LootPoolSingletonContainer$Serializer.m_5921_(LootPoolSingletonContainer.java:129) ~[server-1.20.1-20230612.114412-srg.jar%23393!/:?]
	at net.minecraft.world.level.storage.loot.entries.LootPoolEntryContainer$Serializer.m_7561_(LootPoolEntryContainer.java:86) ~[server-1.20.1-20230612.114412-srg.jar%23393!/:?]
	at net.minecraft.world.level.storage.loot.entries.LootPoolEntryContainer$Serializer.m_7561_(LootPoolEntryContainer.java:74) ~[server-1.20.1-20230612.114412-srg.jar%23393!/:?]
	at net.minecraft.world.level.storage.loot.GsonAdapterFactory$JsonAdapter.deserialize(GsonAdapterFactory.java:102) ~[server-1.20.1-20230612.114412-srg.jar%23393!/:?]
	at com.google.gson.internal.bind.TreeTypeAdapter.read(TreeTypeAdapter.java:76) ~[gson-2.10.jar%2372!/:?]
	at com.google.gson.internal.bind.TypeAdapterRuntimeTypeWrapper.read(TypeAdapterRuntimeTypeWrapper.java:40) ~[gson-2.10.jar%2372!/:?]
	at com.google.gson.internal.bind.ArrayTypeAdapter.read(ArrayTypeAdapter.java:72) ~[gson-2.10.jar%2372!/:?]
	at com.google.gson.Gson.fromJson(Gson.java:1214) ~[gson-2.10.jar%2372!/:?]
	at com.google.gson.Gson.fromJson(Gson.java:1319) ~[gson-2.10.jar%2372!/:?]
	at com.google.gson.Gson.fromJson(Gson.java:1290) ~[gson-2.10.jar%2372!/:?]
	at com.google.gson.internal.bind.TreeTypeAdapter$GsonContextImpl.deserialize(TreeTypeAdapter.java:179) ~[gson-2.10.jar%2372!/:?]
	at net.minecraft.util.GsonHelper.m_13808_(GsonHelper.java:463) ~[server-1.20.1-20230612.114412-srg.jar%23393!/:?]
	at net.minecraft.util.GsonHelper.m_13836_(GsonHelper.java:471) ~[server-1.20.1-20230612.114412-srg.jar%23393!/:?]
	at net.minecraft.world.level.storage.loot.LootPool$Serializer.deserialize(LootPool.java:192) ~[server-1.20.1-20230612.114412-srg.jar%23393!/:?]
	at net.minecraft.world.level.storage.loot.LootPool$Serializer.deserialize(LootPool.java:189) ~[server-1.20.1-20230612.114412-srg.jar%23393!/:?]
	at com.google.gson.internal.bind.TreeTypeAdapter.read(TreeTypeAdapter.java:76) ~[gson-2.10.jar%2372!/:?]
	at com.google.gson.internal.bind.TypeAdapterRuntimeTypeWrapper.read(TypeAdapterRuntimeTypeWrapper.java:40) ~[gson-2.10.jar%2372!/:?]
	at com.google.gson.internal.bind.ArrayTypeAdapter.read(ArrayTypeAdapter.java:72) ~[gson-2.10.jar%2372!/:?]
	at com.google.gson.Gson.fromJson(Gson.java:1214) ~[gson-2.10.jar%2372!/:?]
	at com.google.gson.Gson.fromJson(Gson.java:1319) ~[gson-2.10.jar%2372!/:?]
	at com.google.gson.Gson.fromJson(Gson.java:1290) ~[gson-2.10.jar%2372!/:?]
	at com.google.gson.internal.bind.TreeTypeAdapter$GsonContextImpl.deserialize(TreeTypeAdapter.java:179) ~[gson-2.10.jar%2372!/:?]
	at net.minecraft.util.GsonHelper.m_13808_(GsonHelper.java:463) ~[server-1.20.1-20230612.114412-srg.jar%23393!/:?]
	at net.minecraft.util.GsonHelper.m_13845_(GsonHelper.java:481) ~[server-1.20.1-20230612.114412-srg.jar%23393!/:?]
	at net.minecraft.world.level.storage.loot.LootTable$Serializer.deserialize(LootTable.java:294) ~[server-1.20.1-20230612.114412-srg.jar%23393!/:?]
	at net.minecraft.world.level.storage.loot.LootTable$Serializer.deserialize(LootTable.java:291) ~[server-1.20.1-20230612.114412-srg.jar%23393!/:?]
	at com.google.gson.internal.bind.TreeTypeAdapter.read(TreeTypeAdapter.java:76) ~[gson-2.10.jar%2372!/:?]
	at com.google.gson.Gson.fromJson(Gson.java:1214) ~[gson-2.10.jar%2372!/:?]
	at com.google.gson.Gson.fromJson(Gson.java:1319) ~[gson-2.10.jar%2372!/:?]
	at com.google.gson.Gson.fromJson(Gson.java:1261) ~[gson-2.10.jar%2372!/:?]
	at net.minecraftforge.common.ForgeHooks.loadLootTable(ForgeHooks.java:871) ~[forge-1.20.1-47.3.7-universal.jar%23398!/:?]
	at net.minecraftforge.common.ForgeHooks.lambda$getLootTableDeserializer$3(ForgeHooks.java:848) ~[forge-1.20.1-47.3.7-universal.jar%23398!/:?]
	at net.minecraft.world.level.storage.loot.LootDataType.deserialize(LootDataType.java:45) ~[server-1.20.1-20230612.114412-srg.jar%23393!/:?]
	at net.minecraft.world.level.storage.loot.LootDataManager.lambda$scheduleElementParse$4(LootDataManager.java:56) ~[server-1.20.1-20230612.114412-srg.jar%23393!/:?]
	at java.util.HashMap.forEach(HashMap.java:1421) ~[?:?]
	at net.minecraft.world.level.storage.loot.LootDataManager.m_278660_(LootDataManager.java:55) ~[server-1.20.1-20230612.114412-srg.jar%23393!/:?]
	at java.util.concurrent.CompletableFuture$AsyncRun.run(CompletableFuture.java:1804) ~[?:?]
	at java.util.concurrent.CompletableFuture$AsyncRun.exec(CompletableFuture.java:1796) ~[?:?]
	at java.util.concurrent.ForkJoinTask.doExec(ForkJoinTask.java:373) ~[?:?]
	at java.util.concurrent.ForkJoinPool$WorkQueue.topLevelExec(ForkJoinPool.java:1182) ~[?:?]
	at java.util.concurrent.ForkJoinPool.scan(ForkJoinPool.java:1655) ~[?:?]
	at java.util.concurrent.ForkJoinPool.runWorker(ForkJoinPool.java:1622) ~[?:?]
	at java.util.concurrent.ForkJoinWorkerThread.run(ForkJoinWorkerThread.java:165) ~[?:?]
[09Jul2025 03:53:38.965] [Worker-Main-1/ERROR] [net.minecraftforge.common.ForgeHooks/]: Couldn't parse element loot_tables:farmersrespite:blocks/kettle
com.google.gson.JsonSyntaxException: Unknown type 'farmersrespite:copy_meal'
	at net.minecraft.world.level.storage.loot.GsonAdapterFactory$JsonAdapter.deserialize(GsonAdapterFactory.java:99) ~[server-1.20.1-20230612.114412-srg.jar%23393!/:?]
	at com.google.gson.internal.bind.TreeTypeAdapter.read(TreeTypeAdapter.java:76) ~[gson-2.10.jar%2372!/:?]
	at com.google.gson.internal.bind.TypeAdapterRuntimeTypeWrapper.read(TypeAdapterRuntimeTypeWrapper.java:40) ~[gson-2.10.jar%2372!/:?]
	at com.google.gson.internal.bind.ArrayTypeAdapter.read(ArrayTypeAdapter.java:72) ~[gson-2.10.jar%2372!/:?]
	at com.google.gson.Gson.fromJson(Gson.java:1214) ~[gson-2.10.jar%2372!/:?]
	at com.google.gson.Gson.fromJson(Gson.java:1319) ~[gson-2.10.jar%2372!/:?]
	at com.google.gson.Gson.fromJson(Gson.java:1290) ~[gson-2.10.jar%2372!/:?]
	at com.google.gson.internal.bind.TreeTypeAdapter$GsonContextImpl.deserialize(TreeTypeAdapter.java:179) ~[gson-2.10.jar%2372!/:?]
	at net.minecraft.util.GsonHelper.m_13808_(GsonHelper.java:463) ~[server-1.20.1-20230612.114412-srg.jar%23393!/:?]
	at net.minecraft.util.GsonHelper.m_13845_(GsonHelper.java:481) ~[server-1.20.1-20230612.114412-srg.jar%23393!/:?]
	at net.minecraft.world.level.storage.loot.entries.LootPoolSingletonContainer$Serializer.m_5921_(LootPoolSingletonContainer.java:149) ~[server-1.20.1-20230612.114412-srg.jar%23393!/:?]
	at net.minecraft.world.level.storage.loot.entries.LootPoolSingletonContainer$Serializer.m_5921_(LootPoolSingletonContainer.java:129) ~[server-1.20.1-20230612.114412-srg.jar%23393!/:?]
	at net.minecraft.world.level.storage.loot.entries.LootPoolEntryContainer$Serializer.m_7561_(LootPoolEntryContainer.java:86) ~[server-1.20.1-20230612.114412-srg.jar%23393!/:?]
	at net.minecraft.world.level.storage.loot.entries.LootPoolEntryContainer$Serializer.m_7561_(LootPoolEntryContainer.java:74) ~[server-1.20.1-20230612.114412-srg.jar%23393!/:?]
	at net.minecraft.world.level.storage.loot.GsonAdapterFactory$JsonAdapter.deserialize(GsonAdapterFactory.java:102) ~[server-1.20.1-20230612.114412-srg.jar%23393!/:?]
	at com.google.gson.internal.bind.TreeTypeAdapter.read(TreeTypeAdapter.java:76) ~[gson-2.10.jar%2372!/:?]
	at com.google.gson.internal.bind.TypeAdapterRuntimeTypeWrapper.read(TypeAdapterRuntimeTypeWrapper.java:40) ~[gson-2.10.jar%2372!/:?]
	at com.google.gson.internal.bind.ArrayTypeAdapter.read(ArrayTypeAdapter.java:72) ~[gson-2.10.jar%2372!/:?]
	at com.google.gson.Gson.fromJson(Gson.java:1214) ~[gson-2.10.jar%2372!/:?]
	at com.google.gson.Gson.fromJson(Gson.java:1319) ~[gson-2.10.jar%2372!/:?]
	at com.google.gson.Gson.fromJson(Gson.java:1290) ~[gson-2.10.jar%2372!/:?]
	at com.google.gson.internal.bind.TreeTypeAdapter$GsonContextImpl.deserialize(TreeTypeAdapter.java:179) ~[gson-2.10.jar%2372!/:?]
	at net.minecraft.util.GsonHelper.m_13808_(GsonHelper.java:463) ~[server-1.20.1-20230612.114412-srg.jar%23393!/:?]
	at net.minecraft.util.GsonHelper.m_13836_(GsonHelper.java:471) ~[server-1.20.1-20230612.114412-srg.jar%23393!/:?]
	at net.minecraft.world.level.storage.loot.LootPool$Serializer.deserialize(LootPool.java:192) ~[server-1.20.1-20230612.114412-srg.jar%23393!/:?]
	at net.minecraft.world.level.storage.loot.LootPool$Serializer.deserialize(LootPool.java:189) ~[server-1.20.1-20230612.114412-srg.jar%23393!/:?]
	at com.google.gson.internal.bind.TreeTypeAdapter.read(TreeTypeAdapter.java:76) ~[gson-2.10.jar%2372!/:?]
	at com.google.gson.internal.bind.TypeAdapterRuntimeTypeWrapper.read(TypeAdapterRuntimeTypeWrapper.java:40) ~[gson-2.10.jar%2372!/:?]
	at com.google.gson.internal.bind.ArrayTypeAdapter.read(ArrayTypeAdapter.java:72) ~[gson-2.10.jar%2372!/:?]
	at com.google.gson.Gson.fromJson(Gson.java:1214) ~[gson-2.10.jar%2372!/:?]
	at com.google.gson.Gson.fromJson(Gson.java:1319) ~[gson-2.10.jar%2372!/:?]
	at com.google.gson.Gson.fromJson(Gson.java:1290) ~[gson-2.10.jar%2372!/:?]
	at com.google.gson.internal.bind.TreeTypeAdapter$GsonContextImpl.deserialize(TreeTypeAdapter.java:179) ~[gson-2.10.jar%2372!/:?]
	at net.minecraft.util.GsonHelper.m_13808_(GsonHelper.java:463) ~[server-1.20.1-20230612.114412-srg.jar%23393!/:?]
	at net.minecraft.util.GsonHelper.m_13845_(GsonHelper.java:481) ~[server-1.20.1-20230612.114412-srg.jar%23393!/:?]
	at net.minecraft.world.level.storage.loot.LootTable$Serializer.deserialize(LootTable.java:294) ~[server-1.20.1-20230612.114412-srg.jar%23393!/:?]
	at net.minecraft.world.level.storage.loot.LootTable$Serializer.deserialize(LootTable.java:291) ~[server-1.20.1-20230612.114412-srg.jar%23393!/:?]
	at com.google.gson.internal.bind.TreeTypeAdapter.read(TreeTypeAdapter.java:76) ~[gson-2.10.jar%2372!/:?]
	at com.google.gson.Gson.fromJson(Gson.java:1214) ~[gson-2.10.jar%2372!/:?]
	at com.google.gson.Gson.fromJson(Gson.java:1319) ~[gson-2.10.jar%2372!/:?]
	at com.google.gson.Gson.fromJson(Gson.java:1261) ~[gson-2.10.jar%2372!/:?]
	at net.minecraftforge.common.ForgeHooks.loadLootTable(ForgeHooks.java:871) ~[forge-1.20.1-47.3.7-universal.jar%23398!/:?]
	at net.minecraftforge.common.ForgeHooks.lambda$getLootTableDeserializer$3(ForgeHooks.java:848) ~[forge-1.20.1-47.3.7-universal.jar%23398!/:?]
	at net.minecraft.world.level.storage.loot.LootDataType.deserialize(LootDataType.java:45) ~[server-1.20.1-20230612.114412-srg.jar%23393!/:?]
	at net.minecraft.world.level.storage.loot.LootDataManager.lambda$scheduleElementParse$4(LootDataManager.java:56) ~[server-1.20.1-20230612.114412-srg.jar%23393!/:?]
	at java.util.HashMap.forEach(HashMap.java:1421) ~[?:?]
	at net.minecraft.world.level.storage.loot.LootDataManager.m_278660_(LootDataManager.java:55) ~[server-1.20.1-20230612.114412-srg.jar%23393!/:?]
	at java.util.concurrent.CompletableFuture$AsyncRun.run(CompletableFuture.java:1804) ~[?:?]
	at java.util.concurrent.CompletableFuture$AsyncRun.exec(CompletableFuture.java:1796) ~[?:?]
	at java.util.concurrent.ForkJoinTask.doExec(ForkJoinTask.java:373) ~[?:?]
	at java.util.concurrent.ForkJoinPool$WorkQueue.topLevelExec(ForkJoinPool.java:1182) ~[?:?]
	at java.util.concurrent.ForkJoinPool.scan(ForkJoinPool.java:1655) ~[?:?]
	at java.util.concurrent.ForkJoinPool.runWorker(ForkJoinPool.java:1622) ~[?:?]
	at java.util.concurrent.ForkJoinWorkerThread.run(ForkJoinWorkerThread.java:165) ~[?:?]
[09Jul2025 03:53:39.139] [Worker-Main-1/ERROR] [net.minecraftforge.common.ForgeHooks/]: Couldn't parse element loot_tables:twilightdelight:blocks/torchberry_cake
com.google.gson.JsonSyntaxException: Expected name to be an item, was unknown string 'twilightdelight:torchberry_cake_slice'
	at net.minecraft.util.GsonHelper.m_13866_(GsonHelper.java:145) ~[server-1.20.1-20230612.114412-srg.jar%23393!/:?]
	at java.util.Optional.orElseThrow(Optional.java:403) ~[?:?]
	at net.minecraft.util.GsonHelper.m_13874_(GsonHelper.java:145) ~[server-1.20.1-20230612.114412-srg.jar%23393!/:?]
	at net.minecraft.util.GsonHelper.m_13909_(GsonHelper.java:153) ~[server-1.20.1-20230612.114412-srg.jar%23393!/:?]
	at net.minecraft.world.level.storage.loot.entries.LootItem$Serializer.m_7267_(LootItem.java:55) ~[server-1.20.1-20230612.114412-srg.jar%23393!/:?]
	at net.minecraft.world.level.storage.loot.entries.LootItem$Serializer.m_7267_(LootItem.java:40) ~[server-1.20.1-20230612.114412-srg.jar%23393!/:?]
	at net.minecraft.world.level.storage.loot.entries.LootPoolSingletonContainer$Serializer.m_5921_(LootPoolSingletonContainer.java:151) ~[server-1.20.1-20230612.114412-srg.jar%23393!/:?]
	at net.minecraft.world.level.storage.loot.entries.LootPoolSingletonContainer$Serializer.m_5921_(LootPoolSingletonContainer.java:129) ~[server-1.20.1-20230612.114412-srg.jar%23393!/:?]
	at net.minecraft.world.level.storage.loot.entries.LootPoolEntryContainer$Serializer.m_7561_(LootPoolEntryContainer.java:86) ~[server-1.20.1-20230612.114412-srg.jar%23393!/:?]
	at net.minecraft.world.level.storage.loot.entries.LootPoolEntryContainer$Serializer.m_7561_(LootPoolEntryContainer.java:74) ~[server-1.20.1-20230612.114412-srg.jar%23393!/:?]
	at net.minecraft.world.level.storage.loot.GsonAdapterFactory$JsonAdapter.deserialize(GsonAdapterFactory.java:102) ~[server-1.20.1-20230612.114412-srg.jar%23393!/:?]
	at com.google.gson.internal.bind.TreeTypeAdapter.read(TreeTypeAdapter.java:76) ~[gson-2.10.jar%2372!/:?]
	at com.google.gson.internal.bind.TypeAdapterRuntimeTypeWrapper.read(TypeAdapterRuntimeTypeWrapper.java:40) ~[gson-2.10.jar%2372!/:?]
	at com.google.gson.internal.bind.ArrayTypeAdapter.read(ArrayTypeAdapter.java:72) ~[gson-2.10.jar%2372!/:?]
	at com.google.gson.Gson.fromJson(Gson.java:1214) ~[gson-2.10.jar%2372!/:?]
	at com.google.gson.Gson.fromJson(Gson.java:1319) ~[gson-2.10.jar%2372!/:?]
	at com.google.gson.Gson.fromJson(Gson.java:1290) ~[gson-2.10.jar%2372!/:?]
	at com.google.gson.internal.bind.TreeTypeAdapter$GsonContextImpl.deserialize(TreeTypeAdapter.java:179) ~[gson-2.10.jar%2372!/:?]
	at net.minecraft.util.GsonHelper.m_13808_(GsonHelper.java:463) ~[server-1.20.1-20230612.114412-srg.jar%23393!/:?]
	at net.minecraft.util.GsonHelper.m_13836_(GsonHelper.java:471) ~[server-1.20.1-20230612.114412-srg.jar%23393!/:?]
	at net.minecraft.world.level.storage.loot.LootPool$Serializer.deserialize(LootPool.java:192) ~[server-1.20.1-20230612.114412-srg.jar%23393!/:?]
	at net.minecraft.world.level.storage.loot.LootPool$Serializer.deserialize(LootPool.java:189) ~[server-1.20.1-20230612.114412-srg.jar%23393!/:?]
	at com.google.gson.internal.bind.TreeTypeAdapter.read(TreeTypeAdapter.java:76) ~[gson-2.10.jar%2372!/:?]
	at com.google.gson.internal.bind.TypeAdapterRuntimeTypeWrapper.read(TypeAdapterRuntimeTypeWrapper.java:40) ~[gson-2.10.jar%2372!/:?]
	at com.google.gson.internal.bind.ArrayTypeAdapter.read(ArrayTypeAdapter.java:72) ~[gson-2.10.jar%2372!/:?]
	at com.google.gson.Gson.fromJson(Gson.java:1214) ~[gson-2.10.jar%2372!/:?]
	at com.google.gson.Gson.fromJson(Gson.java:1319) ~[gson-2.10.jar%2372!/:?]
	at com.google.gson.Gson.fromJson(Gson.java:1290) ~[gson-2.10.jar%2372!/:?]
	at com.google.gson.internal.bind.TreeTypeAdapter$GsonContextImpl.deserialize(TreeTypeAdapter.java:179) ~[gson-2.10.jar%2372!/:?]
	at net.minecraft.util.GsonHelper.m_13808_(GsonHelper.java:463) ~[server-1.20.1-20230612.114412-srg.jar%23393!/:?]
	at net.minecraft.util.GsonHelper.m_13845_(GsonHelper.java:481) ~[server-1.20.1-20230612.114412-srg.jar%23393!/:?]
	at net.minecraft.world.level.storage.loot.LootTable$Serializer.deserialize(LootTable.java:294) ~[server-1.20.1-20230612.114412-srg.jar%23393!/:?]
	at net.minecraft.world.level.storage.loot.LootTable$Serializer.deserialize(LootTable.java:291) ~[server-1.20.1-20230612.114412-srg.jar%23393!/:?]
	at com.google.gson.internal.bind.TreeTypeAdapter.read(TreeTypeAdapter.java:76) ~[gson-2.10.jar%2372!/:?]
	at com.google.gson.Gson.fromJson(Gson.java:1214) ~[gson-2.10.jar%2372!/:?]
	at com.google.gson.Gson.fromJson(Gson.java:1319) ~[gson-2.10.jar%2372!/:?]
	at com.google.gson.Gson.fromJson(Gson.java:1261) ~[gson-2.10.jar%2372!/:?]
	at net.minecraftforge.common.ForgeHooks.loadLootTable(ForgeHooks.java:871) ~[forge-1.20.1-47.3.7-universal.jar%23398!/:?]
	at net.minecraftforge.common.ForgeHooks.lambda$getLootTableDeserializer$3(ForgeHooks.java:848) ~[forge-1.20.1-47.3.7-universal.jar%23398!/:?]
	at net.minecraft.world.level.storage.loot.LootDataType.deserialize(LootDataType.java:45) ~[server-1.20.1-20230612.114412-srg.jar%23393!/:?]
	at net.minecraft.world.level.storage.loot.LootDataManager.lambda$scheduleElementParse$4(LootDataManager.java:56) ~[server-1.20.1-20230612.114412-srg.jar%23393!/:?]
	at java.util.HashMap.forEach(HashMap.java:1421) ~[?:?]
	at net.minecraft.world.level.storage.loot.LootDataManager.m_278660_(LootDataManager.java:55) ~[server-1.20.1-20230612.114412-srg.jar%23393!/:?]
	at java.util.concurrent.CompletableFuture$AsyncRun.run(CompletableFuture.java:1804) ~[?:?]
	at java.util.concurrent.CompletableFuture$AsyncRun.exec(CompletableFuture.java:1796) ~[?:?]
	at java.util.concurrent.ForkJoinTask.doExec(ForkJoinTask.java:373) ~[?:?]
	at java.util.concurrent.ForkJoinPool$WorkQueue.topLevelExec(ForkJoinPool.java:1182) ~[?:?]
	at java.util.concurrent.ForkJoinPool.scan(ForkJoinPool.java:1655) ~[?:?]
	at java.util.concurrent.ForkJoinPool.runWorker(ForkJoinPool.java:1622) ~[?:?]
	at java.util.concurrent.ForkJoinWorkerThread.run(ForkJoinWorkerThread.java:165) ~[?:?]
[09Jul2025 03:53:39.325] [main/INFO] [com.teamabnormals.blueprint.core.Blueprint/]: Loot Modification Manager has loaded 5 modifier groups
[09Jul2025 03:53:39.415] [main/WARN] [net.minecraft.world.level.storage.loot.LootDataManager/]: Found loot table element validation problem in {loot_tables:mofus_better_end_:entities/bloodworm}.pools[0].entries[1].functions[1]: Parameters [<parameter minecraft:tool>] are not provided in this context
[09Jul2025 03:53:39.416] [main/WARN] [net.minecraft.world.level.storage.loot.LootDataManager/]: Found loot table element validation problem in {loot_tables:mofus_better_end_:entities/bloodworm}.pools[0].entries[0].functions[1]: Parameters [<parameter minecraft:tool>] are not provided in this context
[09Jul2025 03:53:39.416] [main/WARN] [net.minecraft.world.level.storage.loot.LootDataManager/]: Found loot table element validation problem in {loot_tables:born_in_chaos_v1:entities/pumpkinhead}.pools[1].entries[2].functions[1]: Parameters [<parameter minecraft:tool>] are not provided in this context
[09Jul2025 03:53:39.416] [main/WARN] [net.minecraft.world.level.storage.loot.LootDataManager/]: Found loot table element validation problem in {loot_tables:arphex:entities/long_legs}.pools[0].entries[0].functions[1]: Parameters [<parameter minecraft:tool>] are not provided in this context
[09Jul2025 03:53:39.416] [main/WARN] [net.minecraft.world.level.storage.loot.LootDataManager/]: Found loot table element validation problem in {loot_tables:mofus_better_end_:entities/crown_squid}.pools[0].entries[1].functions[1]: Parameters [<parameter minecraft:tool>] are not provided in this context
[09Jul2025 03:53:39.416] [main/WARN] [net.minecraft.world.level.storage.loot.LootDataManager/]: Found loot table element validation problem in {loot_tables:sons_of_sins:entities/walking_bed}.pools[0].entries[0].functions[1]: Parameters [<parameter minecraft:tool>] are not provided in this context
[09Jul2025 03:53:39.416] [main/WARN] [net.minecraft.world.level.storage.loot.LootDataManager/]: Found loot table element validation problem in {loot_tables:sons_of_sins:entities/blud}.pools[0].entries[0].functions[1]: Parameters [<parameter minecraft:tool>] are not provided in this context
[09Jul2025 03:53:39.416] [main/WARN] [net.minecraft.world.level.storage.loot.LootDataManager/]: Found loot table element validation problem in {loot_tables:born_in_chaos_v1:entities/pumpkinhead}.pools[1].entries[1].functions[1]: Parameters [<parameter minecraft:tool>] are not provided in this context
[09Jul2025 03:53:39.416] [main/WARN] [net.minecraft.world.level.storage.loot.LootDataManager/]: Found loot table element validation problem in {loot_tables:sons_of_sins:entities/prowler}.pools[0].entries[0].functions[1]: Parameters [<parameter minecraft:tool>] are not provided in this context
[09Jul2025 03:53:39.416] [main/WARN] [net.minecraft.world.level.storage.loot.LootDataManager/]: Found loot table element validation problem in {loot_tables:arphex:entities/silverfish_spectre}.pools[0].entries[0].functions[1]: Parameters [<parameter minecraft:tool>] are not provided in this context
[09Jul2025 03:53:39.417] [main/WARN] [net.minecraft.world.level.storage.loot.LootDataManager/]: Found loot table element validation problem in {loot_tables:arphex:entities/millipede_marauder}.pools[0].entries[0].functions[1]: Parameters [<parameter minecraft:tool>] are not provided in this context
[09Jul2025 03:53:39.417] [main/WARN] [net.minecraft.world.level.storage.loot.LootDataManager/]: Found loot table element validation problem in {loot_tables:born_in_chaos_v1:entities/pumpkinhead}.pools[1].entries[0].functions[1]: Parameters [<parameter minecraft:tool>] are not provided in this context
[09Jul2025 03:53:39.417] [main/WARN] [net.minecraft.world.level.storage.loot.LootDataManager/]: Found loot table element validation problem in {loot_tables:sons_of_sins:entities/butcher}.pools[0].entries[0].functions[1]: Parameters [<parameter minecraft:tool>] are not provided in this context
[09Jul2025 03:53:39.514] [main/INFO] [net.minecraft.world.item.crafting.RecipeManager/]: Skipping loading recipe botanypots:rusticdelight/crop/wild_bell_peppers as it's serializer returned null
[09Jul2025 03:53:39.579] [main/ERROR] [net.minecraft.world.item.crafting.RecipeManager/]: Parsing error loading recipe twilightdelight:neapolitan/phytochemical_cake_slice
com.google.gson.JsonSyntaxException: Unknown item 'twilightdelight:phytochemical_cake'
	at net.minecraft.world.item.crafting.ShapedRecipe.m_151280_(ShapedRecipe.java:292) ~[server-1.20.1-20230612.114412-srg.jar%23393!/:?]
	at java.util.Optional.orElseThrow(Optional.java:403) ~[?:?]
	at net.minecraft.world.item.crafting.ShapedRecipe.m_151278_(ShapedRecipe.java:291) ~[server-1.20.1-20230612.114412-srg.jar%23393!/:?]
	at net.minecraft.world.item.crafting.Ingredient.m_43919_(Ingredient.java:219) ~[server-1.20.1-20230612.114412-srg.jar%23393!/:?]
	at net.minecraftforge.common.crafting.VanillaIngredientSerializer.parse(VanillaIngredientSerializer.java:27) ~[forge-1.20.1-47.3.7-universal.jar%23398!/:?]
	at net.minecraftforge.common.crafting.CraftingHelper.getIngredient(CraftingHelper.java:148) ~[forge-1.20.1-47.3.7-universal.jar%23398!/:?]
	at net.minecraft.world.item.crafting.Ingredient.m_288218_(Ingredient.java:194) ~[server-1.20.1-20230612.114412-srg.jar%23393!/:?]
	at net.minecraft.world.item.crafting.Ingredient.m_43917_(Ingredient.java:189) ~[server-1.20.1-20230612.114412-srg.jar%23393!/:?]
	at vectorwing.farmersdelight.common.crafting.CuttingBoardRecipe$Serializer.readIngredients(CuttingBoardRecipe.java:195) ~[FarmersDelight-1.20.1-1.2.8.jar%23308!/:1.20.1-1.2.8]
	at vectorwing.farmersdelight.common.crafting.CuttingBoardRecipe$Serializer.fromJson(CuttingBoardRecipe.java:172) ~[FarmersDelight-1.20.1-1.2.8.jar%23308!/:1.20.1-1.2.8]
	at vectorwing.farmersdelight.common.crafting.CuttingBoardRecipe$Serializer.m_6729_(CuttingBoardRecipe.java:164) ~[FarmersDelight-1.20.1-1.2.8.jar%23308!/:1.20.1-1.2.8]
	at net.minecraftforge.common.extensions.IForgeRecipeSerializer.fromJson(IForgeRecipeSerializer.java:23) ~[forge-1.20.1-47.3.7-universal.jar%23398!/:?]
	at net.minecraft.world.item.crafting.RecipeManager.fromJson(RecipeManager.java:171) ~[server-1.20.1-20230612.114412-srg.jar%23393!/:?]
	at net.minecraft.world.item.crafting.RecipeManager.m_5787_(RecipeManager.java:67) ~[server-1.20.1-20230612.114412-srg.jar%23393!/:?]
	at net.minecraft.world.item.crafting.RecipeManager.m_5787_(RecipeManager.java:34) ~[server-1.20.1-20230612.114412-srg.jar%23393!/:?]
	at net.minecraft.server.packs.resources.SimplePreparableReloadListener.m_10789_(SimplePreparableReloadListener.java:13) ~[server-1.20.1-20230612.114412-srg.jar%23393!/:?]
	at java.util.concurrent.CompletableFuture$UniAccept.tryFire(CompletableFuture.java:718) ~[?:?]
	at java.util.concurrent.CompletableFuture$Completion.run(CompletableFuture.java:482) ~[?:?]
	at net.minecraft.server.packs.resources.SimpleReloadInstance.m_143940_(SimpleReloadInstance.java:69) ~[server-1.20.1-20230612.114412-srg.jar%23393!/:?]
	at net.minecraft.Util.m_214652_(Util.java:783) ~[server-1.20.1-20230612.114412-srg.jar%23393!/:?]
	at net.minecraft.Util.m_214679_(Util.java:772) ~[server-1.20.1-20230612.114412-srg.jar%23393!/:?]
	at net.minecraft.server.Main.main(Main.java:166) ~[server-1.20.1-20230612.114412-srg.jar%23393!/:?]
	at jdk.internal.reflect.NativeMethodAccessorImpl.invoke0(Native Method) ~[?:?]
	at jdk.internal.reflect.NativeMethodAccessorImpl.invoke(NativeMethodAccessorImpl.java:77) ~[?:?]
	at jdk.internal.reflect.DelegatingMethodAccessorImpl.invoke(DelegatingMethodAccessorImpl.java:43) ~[?:?]
	at java.lang.reflect.Method.invoke(Method.java:569) ~[?:?]
	at net.minecraftforge.fml.loading.targets.CommonLaunchHandler.runTarget(CommonLaunchHandler.java:111) ~[fmlloader-1.20.1-47.3.7.jar%2369!/:?]
	at net.minecraftforge.fml.loading.targets.CommonLaunchHandler.serverService(CommonLaunchHandler.java:103) ~[fmlloader-1.20.1-47.3.7.jar%2369!/:?]
	at net.minecraftforge.fml.loading.targets.CommonServerLaunchHandler.lambda$makeService$0(CommonServerLaunchHandler.java:27) ~[fmlloader-1.20.1-47.3.7.jar%2369!/:?]
	at cpw.mods.modlauncher.LaunchServiceHandlerDecorator.launch(LaunchServiceHandlerDecorator.java:30) ~[modlauncher-10.0.9.jar%2355!/:?]
	at cpw.mods.modlauncher.LaunchServiceHandler.launch(LaunchServiceHandler.java:53) ~[modlauncher-10.0.9.jar%2355!/:?]
	at cpw.mods.modlauncher.LaunchServiceHandler.launch(LaunchServiceHandler.java:71) ~[modlauncher-10.0.9.jar%2355!/:?]
	at cpw.mods.modlauncher.Launcher.run(Launcher.java:108) ~[modlauncher-10.0.9.jar%2355!/:?]
	at cpw.mods.modlauncher.Launcher.main(Launcher.java:78) ~[modlauncher-10.0.9.jar%2355!/:?]
	at cpw.mods.modlauncher.BootstrapLaunchConsumer.accept(BootstrapLaunchConsumer.java:26) ~[modlauncher-10.0.9.jar%2355!/:?]
	at cpw.mods.modlauncher.BootstrapLaunchConsumer.accept(BootstrapLaunchConsumer.java:23) ~[modlauncher-10.0.9.jar%2355!/:?]
	at cpw.mods.bootstraplauncher.BootstrapLauncher.main(BootstrapLauncher.java:141) ~[bootstraplauncher-1.1.2.jar:?]
[09Jul2025 03:53:39.614] [main/ERROR] [net.minecraft.world.item.crafting.RecipeManager/]: Parsing error loading recipe nethersdelight:cutting/hoglin_sausage_alt
com.google.gson.JsonSyntaxException: Unknown item 'nethersdelight:hoglin_loin'
	at net.minecraft.world.item.crafting.ShapedRecipe.m_151280_(ShapedRecipe.java:292) ~[server-1.20.1-20230612.114412-srg.jar%23393!/:?]
	at java.util.Optional.orElseThrow(Optional.java:403) ~[?:?]
	at net.minecraft.world.item.crafting.ShapedRecipe.m_151278_(ShapedRecipe.java:291) ~[server-1.20.1-20230612.114412-srg.jar%23393!/:?]
	at net.minecraft.world.item.crafting.Ingredient.m_43919_(Ingredient.java:219) ~[server-1.20.1-20230612.114412-srg.jar%23393!/:?]
	at net.minecraftforge.common.crafting.VanillaIngredientSerializer.parse(VanillaIngredientSerializer.java:27) ~[forge-1.20.1-47.3.7-universal.jar%23398!/:?]
	at net.minecraftforge.common.crafting.CraftingHelper.getIngredient(CraftingHelper.java:148) ~[forge-1.20.1-47.3.7-universal.jar%23398!/:?]
	at net.minecraft.world.item.crafting.Ingredient.m_288218_(Ingredient.java:194) ~[server-1.20.1-20230612.114412-srg.jar%23393!/:?]
	at net.minecraft.world.item.crafting.Ingredient.m_43917_(Ingredient.java:189) ~[server-1.20.1-20230612.114412-srg.jar%23393!/:?]
	at vectorwing.farmersdelight.common.crafting.CuttingBoardRecipe$Serializer.readIngredients(CuttingBoardRecipe.java:195) ~[FarmersDelight-1.20.1-1.2.8.jar%23308!/:1.20.1-1.2.8]
	at vectorwing.farmersdelight.common.crafting.CuttingBoardRecipe$Serializer.fromJson(CuttingBoardRecipe.java:172) ~[FarmersDelight-1.20.1-1.2.8.jar%23308!/:1.20.1-1.2.8]
	at vectorwing.farmersdelight.common.crafting.CuttingBoardRecipe$Serializer.m_6729_(CuttingBoardRecipe.java:164) ~[FarmersDelight-1.20.1-1.2.8.jar%23308!/:1.20.1-1.2.8]
	at net.minecraftforge.common.extensions.IForgeRecipeSerializer.fromJson(IForgeRecipeSerializer.java:23) ~[forge-1.20.1-47.3.7-universal.jar%23398!/:?]
	at net.minecraft.world.item.crafting.RecipeManager.fromJson(RecipeManager.java:171) ~[server-1.20.1-20230612.114412-srg.jar%23393!/:?]
	at net.minecraft.world.item.crafting.RecipeManager.m_5787_(RecipeManager.java:67) ~[server-1.20.1-20230612.114412-srg.jar%23393!/:?]
	at net.minecraft.world.item.crafting.RecipeManager.m_5787_(RecipeManager.java:34) ~[server-1.20.1-20230612.114412-srg.jar%23393!/:?]
	at net.minecraft.server.packs.resources.SimplePreparableReloadListener.m_10789_(SimplePreparableReloadListener.java:13) ~[server-1.20.1-20230612.114412-srg.jar%23393!/:?]
	at java.util.concurrent.CompletableFuture$UniAccept.tryFire(CompletableFuture.java:718) ~[?:?]
	at java.util.concurrent.CompletableFuture$Completion.run(CompletableFuture.java:482) ~[?:?]
	at net.minecraft.server.packs.resources.SimpleReloadInstance.m_143940_(SimpleReloadInstance.java:69) ~[server-1.20.1-20230612.114412-srg.jar%23393!/:?]
	at net.minecraft.Util.m_214652_(Util.java:783) ~[server-1.20.1-20230612.114412-srg.jar%23393!/:?]
	at net.minecraft.Util.m_214679_(Util.java:772) ~[server-1.20.1-20230612.114412-srg.jar%23393!/:?]
	at net.minecraft.server.Main.main(Main.java:166) ~[server-1.20.1-20230612.114412-srg.jar%23393!/:?]
	at jdk.internal.reflect.NativeMethodAccessorImpl.invoke0(Native Method) ~[?:?]
	at jdk.internal.reflect.NativeMethodAccessorImpl.invoke(NativeMethodAccessorImpl.java:77) ~[?:?]
	at jdk.internal.reflect.DelegatingMethodAccessorImpl.invoke(DelegatingMethodAccessorImpl.java:43) ~[?:?]
	at java.lang.reflect.Method.invoke(Method.java:569) ~[?:?]
	at net.minecraftforge.fml.loading.targets.CommonLaunchHandler.runTarget(CommonLaunchHandler.java:111) ~[fmlloader-1.20.1-47.3.7.jar%2369!/:?]
	at net.minecraftforge.fml.loading.targets.CommonLaunchHandler.serverService(CommonLaunchHandler.java:103) ~[fmlloader-1.20.1-47.3.7.jar%2369!/:?]
	at net.minecraftforge.fml.loading.targets.CommonServerLaunchHandler.lambda$makeService$0(CommonServerLaunchHandler.java:27) ~[fmlloader-1.20.1-47.3.7.jar%2369!/:?]
	at cpw.mods.modlauncher.LaunchServiceHandlerDecorator.launch(LaunchServiceHandlerDecorator.java:30) ~[modlauncher-10.0.9.jar%2355!/:?]
	at cpw.mods.modlauncher.LaunchServiceHandler.launch(LaunchServiceHandler.java:53) ~[modlauncher-10.0.9.jar%2355!/:?]
	at cpw.mods.modlauncher.LaunchServiceHandler.launch(LaunchServiceHandler.java:71) ~[modlauncher-10.0.9.jar%2355!/:?]
	at cpw.mods.modlauncher.Launcher.run(Launcher.java:108) ~[modlauncher-10.0.9.jar%2355!/:?]
	at cpw.mods.modlauncher.Launcher.main(Launcher.java:78) ~[modlauncher-10.0.9.jar%2355!/:?]
	at cpw.mods.modlauncher.BootstrapLaunchConsumer.accept(BootstrapLaunchConsumer.java:26) ~[modlauncher-10.0.9.jar%2355!/:?]
	at cpw.mods.modlauncher.BootstrapLaunchConsumer.accept(BootstrapLaunchConsumer.java:23) ~[modlauncher-10.0.9.jar%2355!/:?]
	at cpw.mods.bootstraplauncher.BootstrapLauncher.main(BootstrapLauncher.java:141) ~[bootstraplauncher-1.1.2.jar:?]
[09Jul2025 03:53:39.631] [main/ERROR] [net.minecraft.world.item.crafting.RecipeManager/]: Parsing error loading recipe twilightdelight:rainbow_ice_cream
com.google.gson.JsonSyntaxException: Unknown item 'twilightdelight:aurora_ice_cream'
	at net.minecraft.world.item.crafting.ShapedRecipe.m_151280_(ShapedRecipe.java:292) ~[server-1.20.1-20230612.114412-srg.jar%23393!/:?]
	at java.util.Optional.orElseThrow(Optional.java:403) ~[?:?]
	at net.minecraft.world.item.crafting.ShapedRecipe.m_151278_(ShapedRecipe.java:291) ~[server-1.20.1-20230612.114412-srg.jar%23393!/:?]
	at net.minecraft.world.item.crafting.Ingredient.m_43919_(Ingredient.java:219) ~[server-1.20.1-20230612.114412-srg.jar%23393!/:?]
	at net.minecraftforge.common.crafting.VanillaIngredientSerializer.parse(VanillaIngredientSerializer.java:27) ~[forge-1.20.1-47.3.7-universal.jar%23398!/:?]
	at net.minecraftforge.common.crafting.CraftingHelper.getIngredient(CraftingHelper.java:148) ~[forge-1.20.1-47.3.7-universal.jar%23398!/:?]
	at net.minecraft.world.item.crafting.Ingredient.m_288218_(Ingredient.java:194) ~[server-1.20.1-20230612.114412-srg.jar%23393!/:?]
	at net.minecraft.world.item.crafting.ShapelessRecipe$Serializer.m_44275_(ShapelessRecipe.java:104) ~[server-1.20.1-20230612.114412-srg.jar%23393!/:?]
	at net.minecraft.world.item.crafting.ShapelessRecipe$Serializer.m_6729_(ShapelessRecipe.java:89) ~[server-1.20.1-20230612.114412-srg.jar%23393!/:?]
	at net.minecraft.world.item.crafting.ShapelessRecipe$Serializer.m_6729_(ShapelessRecipe.java:84) ~[server-1.20.1-20230612.114412-srg.jar%23393!/:?]
	at net.minecraftforge.common.extensions.IForgeRecipeSerializer.fromJson(IForgeRecipeSerializer.java:23) ~[forge-1.20.1-47.3.7-universal.jar%23398!/:?]
	at net.minecraft.world.item.crafting.RecipeManager.fromJson(RecipeManager.java:171) ~[server-1.20.1-20230612.114412-srg.jar%23393!/:?]
	at net.minecraft.world.item.crafting.RecipeManager.m_5787_(RecipeManager.java:67) ~[server-1.20.1-20230612.114412-srg.jar%23393!/:?]
	at net.minecraft.world.item.crafting.RecipeManager.m_5787_(RecipeManager.java:34) ~[server-1.20.1-20230612.114412-srg.jar%23393!/:?]
	at net.minecraft.server.packs.resources.SimplePreparableReloadListener.m_10789_(SimplePreparableReloadListener.java:13) ~[server-1.20.1-20230612.114412-srg.jar%23393!/:?]
	at java.util.concurrent.CompletableFuture$UniAccept.tryFire(CompletableFuture.java:718) ~[?:?]
	at java.util.concurrent.CompletableFuture$Completion.run(CompletableFuture.java:482) ~[?:?]
	at net.minecraft.server.packs.resources.SimpleReloadInstance.m_143940_(SimpleReloadInstance.java:69) ~[server-1.20.1-20230612.114412-srg.jar%23393!/:?]
	at net.minecraft.Util.m_214652_(Util.java:783) ~[server-1.20.1-20230612.114412-srg.jar%23393!/:?]
	at net.minecraft.Util.m_214679_(Util.java:772) ~[server-1.20.1-20230612.114412-srg.jar%23393!/:?]
	at net.minecraft.server.Main.main(Main.java:166) ~[server-1.20.1-20230612.114412-srg.jar%23393!/:?]
	at jdk.internal.reflect.NativeMethodAccessorImpl.invoke0(Native Method) ~[?:?]
	at jdk.internal.reflect.NativeMethodAccessorImpl.invoke(NativeMethodAccessorImpl.java:77) ~[?:?]
	at jdk.internal.reflect.DelegatingMethodAccessorImpl.invoke(DelegatingMethodAccessorImpl.java:43) ~[?:?]
	at java.lang.reflect.Method.invoke(Method.java:569) ~[?:?]
	at net.minecraftforge.fml.loading.targets.CommonLaunchHandler.runTarget(CommonLaunchHandler.java:111) ~[fmlloader-1.20.1-47.3.7.jar%2369!/:?]
	at net.minecraftforge.fml.loading.targets.CommonLaunchHandler.serverService(CommonLaunchHandler.java:103) ~[fmlloader-1.20.1-47.3.7.jar%2369!/:?]
	at net.minecraftforge.fml.loading.targets.CommonServerLaunchHandler.lambda$makeService$0(CommonServerLaunchHandler.java:27) ~[fmlloader-1.20.1-47.3.7.jar%2369!/:?]
	at cpw.mods.modlauncher.LaunchServiceHandlerDecorator.launch(LaunchServiceHandlerDecorator.java:30) ~[modlauncher-10.0.9.jar%2355!/:?]
	at cpw.mods.modlauncher.LaunchServiceHandler.launch(LaunchServiceHandler.java:53) ~[modlauncher-10.0.9.jar%2355!/:?]
	at cpw.mods.modlauncher.LaunchServiceHandler.launch(LaunchServiceHandler.java:71) ~[modlauncher-10.0.9.jar%2355!/:?]
	at cpw.mods.modlauncher.Launcher.run(Launcher.java:108) ~[modlauncher-10.0.9.jar%2355!/:?]
	at cpw.mods.modlauncher.Launcher.main(Launcher.java:78) ~[modlauncher-10.0.9.jar%2355!/:?]
	at cpw.mods.modlauncher.BootstrapLaunchConsumer.accept(BootstrapLaunchConsumer.java:26) ~[modlauncher-10.0.9.jar%2355!/:?]
	at cpw.mods.modlauncher.BootstrapLaunchConsumer.accept(BootstrapLaunchConsumer.java:23) ~[modlauncher-10.0.9.jar%2355!/:?]
	at cpw.mods.bootstraplauncher.BootstrapLauncher.main(BootstrapLauncher.java:141) ~[bootstraplauncher-1.1.2.jar:?]
[09Jul2025 03:53:39.665] [main/ERROR] [net.minecraft.world.item.crafting.RecipeManager/]: Parsing error loading recipe alexscavesdelight:cutting/thornwood_hanging_sing
com.google.gson.JsonSyntaxException: Unknown item 'alexscaves:thornwood_hanging_sing'
	at net.minecraft.world.item.crafting.ShapedRecipe.m_151280_(ShapedRecipe.java:292) ~[server-1.20.1-20230612.114412-srg.jar%23393!/:?]
	at java.util.Optional.orElseThrow(Optional.java:403) ~[?:?]
	at net.minecraft.world.item.crafting.ShapedRecipe.m_151278_(ShapedRecipe.java:291) ~[server-1.20.1-20230612.114412-srg.jar%23393!/:?]
	at net.minecraft.world.item.crafting.Ingredient.m_43919_(Ingredient.java:219) ~[server-1.20.1-20230612.114412-srg.jar%23393!/:?]
	at net.minecraftforge.common.crafting.VanillaIngredientSerializer.parse(VanillaIngredientSerializer.java:27) ~[forge-1.20.1-47.3.7-universal.jar%23398!/:?]
	at net.minecraftforge.common.crafting.CraftingHelper.getIngredient(CraftingHelper.java:148) ~[forge-1.20.1-47.3.7-universal.jar%23398!/:?]
	at net.minecraft.world.item.crafting.Ingredient.m_288218_(Ingredient.java:194) ~[server-1.20.1-20230612.114412-srg.jar%23393!/:?]
	at net.minecraft.world.item.crafting.Ingredient.m_43917_(Ingredient.java:189) ~[server-1.20.1-20230612.114412-srg.jar%23393!/:?]
	at vectorwing.farmersdelight.common.crafting.CuttingBoardRecipe$Serializer.readIngredients(CuttingBoardRecipe.java:195) ~[FarmersDelight-1.20.1-1.2.8.jar%23308!/:1.20.1-1.2.8]
	at vectorwing.farmersdelight.common.crafting.CuttingBoardRecipe$Serializer.fromJson(CuttingBoardRecipe.java:172) ~[FarmersDelight-1.20.1-1.2.8.jar%23308!/:1.20.1-1.2.8]
	at vectorwing.farmersdelight.common.crafting.CuttingBoardRecipe$Serializer.m_6729_(CuttingBoardRecipe.java:164) ~[FarmersDelight-1.20.1-1.2.8.jar%23308!/:1.20.1-1.2.8]
	at net.minecraftforge.common.extensions.IForgeRecipeSerializer.fromJson(IForgeRecipeSerializer.java:23) ~[forge-1.20.1-47.3.7-universal.jar%23398!/:?]
	at net.minecraft.world.item.crafting.RecipeManager.fromJson(RecipeManager.java:171) ~[server-1.20.1-20230612.114412-srg.jar%23393!/:?]
	at net.minecraft.world.item.crafting.RecipeManager.m_5787_(RecipeManager.java:67) ~[server-1.20.1-20230612.114412-srg.jar%23393!/:?]
	at net.minecraft.world.item.crafting.RecipeManager.m_5787_(RecipeManager.java:34) ~[server-1.20.1-20230612.114412-srg.jar%23393!/:?]
	at net.minecraft.server.packs.resources.SimplePreparableReloadListener.m_10789_(SimplePreparableReloadListener.java:13) ~[server-1.20.1-20230612.114412-srg.jar%23393!/:?]
	at java.util.concurrent.CompletableFuture$UniAccept.tryFire(CompletableFuture.java:718) ~[?:?]
	at java.util.concurrent.CompletableFuture$Completion.run(CompletableFuture.java:482) ~[?:?]
	at net.minecraft.server.packs.resources.SimpleReloadInstance.m_143940_(SimpleReloadInstance.java:69) ~[server-1.20.1-20230612.114412-srg.jar%23393!/:?]
	at net.minecraft.Util.m_214652_(Util.java:783) ~[server-1.20.1-20230612.114412-srg.jar%23393!/:?]
	at net.minecraft.Util.m_214679_(Util.java:772) ~[server-1.20.1-20230612.114412-srg.jar%23393!/:?]
	at net.minecraft.server.Main.main(Main.java:166) ~[server-1.20.1-20230612.114412-srg.jar%23393!/:?]
	at jdk.internal.reflect.NativeMethodAccessorImpl.invoke0(Native Method) ~[?:?]
	at jdk.internal.reflect.NativeMethodAccessorImpl.invoke(NativeMethodAccessorImpl.java:77) ~[?:?]
	at jdk.internal.reflect.DelegatingMethodAccessorImpl.invoke(DelegatingMethodAccessorImpl.java:43) ~[?:?]
	at java.lang.reflect.Method.invoke(Method.java:569) ~[?:?]
	at net.minecraftforge.fml.loading.targets.CommonLaunchHandler.runTarget(CommonLaunchHandler.java:111) ~[fmlloader-1.20.1-47.3.7.jar%2369!/:?]
	at net.minecraftforge.fml.loading.targets.CommonLaunchHandler.serverService(CommonLaunchHandler.java:103) ~[fmlloader-1.20.1-47.3.7.jar%2369!/:?]
	at net.minecraftforge.fml.loading.targets.CommonServerLaunchHandler.lambda$makeService$0(CommonServerLaunchHandler.java:27) ~[fmlloader-1.20.1-47.3.7.jar%2369!/:?]
	at cpw.mods.modlauncher.LaunchServiceHandlerDecorator.launch(LaunchServiceHandlerDecorator.java:30) ~[modlauncher-10.0.9.jar%2355!/:?]
	at cpw.mods.modlauncher.LaunchServiceHandler.launch(LaunchServiceHandler.java:53) ~[modlauncher-10.0.9.jar%2355!/:?]
	at cpw.mods.modlauncher.LaunchServiceHandler.launch(LaunchServiceHandler.java:71) ~[modlauncher-10.0.9.jar%2355!/:?]
	at cpw.mods.modlauncher.Launcher.run(Launcher.java:108) ~[modlauncher-10.0.9.jar%2355!/:?]
	at cpw.mods.modlauncher.Launcher.main(Launcher.java:78) ~[modlauncher-10.0.9.jar%2355!/:?]
	at cpw.mods.modlauncher.BootstrapLaunchConsumer.accept(BootstrapLaunchConsumer.java:26) ~[modlauncher-10.0.9.jar%2355!/:?]
	at cpw.mods.modlauncher.BootstrapLaunchConsumer.accept(BootstrapLaunchConsumer.java:23) ~[modlauncher-10.0.9.jar%2355!/:?]
	at cpw.mods.bootstraplauncher.BootstrapLauncher.main(BootstrapLauncher.java:141) ~[bootstraplauncher-1.1.2.jar:?]
[09Jul2025 03:53:39.723] [main/ERROR] [net.minecraft.world.item.crafting.RecipeManager/]: Parsing error loading recipe alexscavesdelight:cutting/pewen_hanging_sing
com.google.gson.JsonSyntaxException: Unknown item 'alexscaves:pewen_hanging_sing'
	at net.minecraft.world.item.crafting.ShapedRecipe.m_151280_(ShapedRecipe.java:292) ~[server-1.20.1-20230612.114412-srg.jar%23393!/:?]
	at java.util.Optional.orElseThrow(Optional.java:403) ~[?:?]
	at net.minecraft.world.item.crafting.ShapedRecipe.m_151278_(ShapedRecipe.java:291) ~[server-1.20.1-20230612.114412-srg.jar%23393!/:?]
	at net.minecraft.world.item.crafting.Ingredient.m_43919_(Ingredient.java:219) ~[server-1.20.1-20230612.114412-srg.jar%23393!/:?]
	at net.minecraftforge.common.crafting.VanillaIngredientSerializer.parse(VanillaIngredientSerializer.java:27) ~[forge-1.20.1-47.3.7-universal.jar%23398!/:?]
	at net.minecraftforge.common.crafting.CraftingHelper.getIngredient(CraftingHelper.java:148) ~[forge-1.20.1-47.3.7-universal.jar%23398!/:?]
	at net.minecraft.world.item.crafting.Ingredient.m_288218_(Ingredient.java:194) ~[server-1.20.1-20230612.114412-srg.jar%23393!/:?]
	at net.minecraft.world.item.crafting.Ingredient.m_43917_(Ingredient.java:189) ~[server-1.20.1-20230612.114412-srg.jar%23393!/:?]
	at vectorwing.farmersdelight.common.crafting.CuttingBoardRecipe$Serializer.readIngredients(CuttingBoardRecipe.java:195) ~[FarmersDelight-1.20.1-1.2.8.jar%23308!/:1.20.1-1.2.8]
	at vectorwing.farmersdelight.common.crafting.CuttingBoardRecipe$Serializer.fromJson(CuttingBoardRecipe.java:172) ~[FarmersDelight-1.20.1-1.2.8.jar%23308!/:1.20.1-1.2.8]
	at vectorwing.farmersdelight.common.crafting.CuttingBoardRecipe$Serializer.m_6729_(CuttingBoardRecipe.java:164) ~[FarmersDelight-1.20.1-1.2.8.jar%23308!/:1.20.1-1.2.8]
	at net.minecraftforge.common.extensions.IForgeRecipeSerializer.fromJson(IForgeRecipeSerializer.java:23) ~[forge-1.20.1-47.3.7-universal.jar%23398!/:?]
	at net.minecraft.world.item.crafting.RecipeManager.fromJson(RecipeManager.java:171) ~[server-1.20.1-20230612.114412-srg.jar%23393!/:?]
	at net.minecraft.world.item.crafting.RecipeManager.m_5787_(RecipeManager.java:67) ~[server-1.20.1-20230612.114412-srg.jar%23393!/:?]
	at net.minecraft.world.item.crafting.RecipeManager.m_5787_(RecipeManager.java:34) ~[server-1.20.1-20230612.114412-srg.jar%23393!/:?]
	at net.minecraft.server.packs.resources.SimplePreparableReloadListener.m_10789_(SimplePreparableReloadListener.java:13) ~[server-1.20.1-20230612.114412-srg.jar%23393!/:?]
	at java.util.concurrent.CompletableFuture$UniAccept.tryFire(CompletableFuture.java:718) ~[?:?]
	at java.util.concurrent.CompletableFuture$Completion.run(CompletableFuture.java:482) ~[?:?]
	at net.minecraft.server.packs.resources.SimpleReloadInstance.m_143940_(SimpleReloadInstance.java:69) ~[server-1.20.1-20230612.114412-srg.jar%23393!/:?]
	at net.minecraft.Util.m_214652_(Util.java:783) ~[server-1.20.1-20230612.114412-srg.jar%23393!/:?]
	at net.minecraft.Util.m_214679_(Util.java:772) ~[server-1.20.1-20230612.114412-srg.jar%23393!/:?]
	at net.minecraft.server.Main.main(Main.java:166) ~[server-1.20.1-20230612.114412-srg.jar%23393!/:?]
	at jdk.internal.reflect.NativeMethodAccessorImpl.invoke0(Native Method) ~[?:?]
	at jdk.internal.reflect.NativeMethodAccessorImpl.invoke(NativeMethodAccessorImpl.java:77) ~[?:?]
	at jdk.internal.reflect.DelegatingMethodAccessorImpl.invoke(DelegatingMethodAccessorImpl.java:43) ~[?:?]
	at java.lang.reflect.Method.invoke(Method.java:569) ~[?:?]
	at net.minecraftforge.fml.loading.targets.CommonLaunchHandler.runTarget(CommonLaunchHandler.java:111) ~[fmlloader-1.20.1-47.3.7.jar%2369!/:?]
	at net.minecraftforge.fml.loading.targets.CommonLaunchHandler.serverService(CommonLaunchHandler.java:103) ~[fmlloader-1.20.1-47.3.7.jar%2369!/:?]
	at net.minecraftforge.fml.loading.targets.CommonServerLaunchHandler.lambda$makeService$0(CommonServerLaunchHandler.java:27) ~[fmlloader-1.20.1-47.3.7.jar%2369!/:?]
	at cpw.mods.modlauncher.LaunchServiceHandlerDecorator.launch(LaunchServiceHandlerDecorator.java:30) ~[modlauncher-10.0.9.jar%2355!/:?]
	at cpw.mods.modlauncher.LaunchServiceHandler.launch(LaunchServiceHandler.java:53) ~[modlauncher-10.0.9.jar%2355!/:?]
	at cpw.mods.modlauncher.LaunchServiceHandler.launch(LaunchServiceHandler.java:71) ~[modlauncher-10.0.9.jar%2355!/:?]
	at cpw.mods.modlauncher.Launcher.run(Launcher.java:108) ~[modlauncher-10.0.9.jar%2355!/:?]
	at cpw.mods.modlauncher.Launcher.main(Launcher.java:78) ~[modlauncher-10.0.9.jar%2355!/:?]
	at cpw.mods.modlauncher.BootstrapLaunchConsumer.accept(BootstrapLaunchConsumer.java:26) ~[modlauncher-10.0.9.jar%2355!/:?]
	at cpw.mods.modlauncher.BootstrapLaunchConsumer.accept(BootstrapLaunchConsumer.java:23) ~[modlauncher-10.0.9.jar%2355!/:?]
	at cpw.mods.bootstraplauncher.BootstrapLauncher.main(BootstrapLauncher.java:141) ~[bootstraplauncher-1.1.2.jar:?]
[09Jul2025 03:53:39.725] [main/ERROR] [net.minecraft.world.item.crafting.RecipeManager/]: Parsing error loading recipe argentinas_delight:jarralimon
com.google.gson.JsonSyntaxException: Unknown item 'boliviamod:limon'
	at net.minecraft.world.item.crafting.ShapedRecipe.m_151280_(ShapedRecipe.java:292) ~[server-1.20.1-20230612.114412-srg.jar%23393!/:?]
	at java.util.Optional.orElseThrow(Optional.java:403) ~[?:?]
	at net.minecraft.world.item.crafting.ShapedRecipe.m_151278_(ShapedRecipe.java:291) ~[server-1.20.1-20230612.114412-srg.jar%23393!/:?]
	at net.minecraft.world.item.crafting.Ingredient.m_43919_(Ingredient.java:219) ~[server-1.20.1-20230612.114412-srg.jar%23393!/:?]
	at net.minecraftforge.common.crafting.VanillaIngredientSerializer.parse(VanillaIngredientSerializer.java:27) ~[forge-1.20.1-47.3.7-universal.jar%23398!/:?]
	at net.minecraftforge.common.crafting.CraftingHelper.getIngredient(CraftingHelper.java:148) ~[forge-1.20.1-47.3.7-universal.jar%23398!/:?]
	at net.minecraft.world.item.crafting.Ingredient.m_288218_(Ingredient.java:194) ~[server-1.20.1-20230612.114412-srg.jar%23393!/:?]
	at net.minecraft.world.item.crafting.ShapedRecipe.m_44210_(ShapedRecipe.java:278) ~[server-1.20.1-20230612.114412-srg.jar%23393!/:?]
	at net.minecraft.world.item.crafting.ShapedRecipe$Serializer.m_6729_(ShapedRecipe.java:306) ~[server-1.20.1-20230612.114412-srg.jar%23393!/:?]
	at net.minecraft.world.item.crafting.ShapedRecipe$Serializer.m_6729_(ShapedRecipe.java:301) ~[server-1.20.1-20230612.114412-srg.jar%23393!/:?]
	at net.minecraftforge.common.extensions.IForgeRecipeSerializer.fromJson(IForgeRecipeSerializer.java:23) ~[forge-1.20.1-47.3.7-universal.jar%23398!/:?]
	at net.minecraft.world.item.crafting.RecipeManager.fromJson(RecipeManager.java:171) ~[server-1.20.1-20230612.114412-srg.jar%23393!/:?]
	at net.minecraft.world.item.crafting.RecipeManager.m_5787_(RecipeManager.java:67) ~[server-1.20.1-20230612.114412-srg.jar%23393!/:?]
	at net.minecraft.world.item.crafting.RecipeManager.m_5787_(RecipeManager.java:34) ~[server-1.20.1-20230612.114412-srg.jar%23393!/:?]
	at net.minecraft.server.packs.resources.SimplePreparableReloadListener.m_10789_(SimplePreparableReloadListener.java:13) ~[server-1.20.1-20230612.114412-srg.jar%23393!/:?]
	at java.util.concurrent.CompletableFuture$UniAccept.tryFire(CompletableFuture.java:718) ~[?:?]
	at java.util.concurrent.CompletableFuture$Completion.run(CompletableFuture.java:482) ~[?:?]
	at net.minecraft.server.packs.resources.SimpleReloadInstance.m_143940_(SimpleReloadInstance.java:69) ~[server-1.20.1-20230612.114412-srg.jar%23393!/:?]
	at net.minecraft.Util.m_214652_(Util.java:783) ~[server-1.20.1-20230612.114412-srg.jar%23393!/:?]
	at net.minecraft.Util.m_214679_(Util.java:772) ~[server-1.20.1-20230612.114412-srg.jar%23393!/:?]
	at net.minecraft.server.Main.main(Main.java:166) ~[server-1.20.1-20230612.114412-srg.jar%23393!/:?]
	at jdk.internal.reflect.NativeMethodAccessorImpl.invoke0(Native Method) ~[?:?]
	at jdk.internal.reflect.NativeMethodAccessorImpl.invoke(NativeMethodAccessorImpl.java:77) ~[?:?]
	at jdk.internal.reflect.DelegatingMethodAccessorImpl.invoke(DelegatingMethodAccessorImpl.java:43) ~[?:?]
	at java.lang.reflect.Method.invoke(Method.java:569) ~[?:?]
	at net.minecraftforge.fml.loading.targets.CommonLaunchHandler.runTarget(CommonLaunchHandler.java:111) ~[fmlloader-1.20.1-47.3.7.jar%2369!/:?]
	at net.minecraftforge.fml.loading.targets.CommonLaunchHandler.serverService(CommonLaunchHandler.java:103) ~[fmlloader-1.20.1-47.3.7.jar%2369!/:?]
	at net.minecraftforge.fml.loading.targets.CommonServerLaunchHandler.lambda$makeService$0(CommonServerLaunchHandler.java:27) ~[fmlloader-1.20.1-47.3.7.jar%2369!/:?]
	at cpw.mods.modlauncher.LaunchServiceHandlerDecorator.launch(LaunchServiceHandlerDecorator.java:30) ~[modlauncher-10.0.9.jar%2355!/:?]
	at cpw.mods.modlauncher.LaunchServiceHandler.launch(LaunchServiceHandler.java:53) ~[modlauncher-10.0.9.jar%2355!/:?]
	at cpw.mods.modlauncher.LaunchServiceHandler.launch(LaunchServiceHandler.java:71) ~[modlauncher-10.0.9.jar%2355!/:?]
	at cpw.mods.modlauncher.Launcher.run(Launcher.java:108) ~[modlauncher-10.0.9.jar%2355!/:?]
	at cpw.mods.modlauncher.Launcher.main(Launcher.java:78) ~[modlauncher-10.0.9.jar%2355!/:?]
	at cpw.mods.modlauncher.BootstrapLaunchConsumer.accept(BootstrapLaunchConsumer.java:26) ~[modlauncher-10.0.9.jar%2355!/:?]
	at cpw.mods.modlauncher.BootstrapLaunchConsumer.accept(BootstrapLaunchConsumer.java:23) ~[modlauncher-10.0.9.jar%2355!/:?]
	at cpw.mods.bootstraplauncher.BootstrapLauncher.main(BootstrapLauncher.java:141) ~[bootstraplauncher-1.1.2.jar:?]
[09Jul2025 03:53:39.750] [main/ERROR] [net.minecraft.world.item.crafting.RecipeManager/]: Parsing error loading recipe argentinas_delight:caimancrudocraft
com.google.gson.JsonSyntaxException: Unknown item 'boliviamod:carne_de_lagarto'
	at net.minecraft.world.item.crafting.ShapedRecipe.m_151280_(ShapedRecipe.java:292) ~[server-1.20.1-20230612.114412-srg.jar%23393!/:?]
	at java.util.Optional.orElseThrow(Optional.java:403) ~[?:?]
	at net.minecraft.world.item.crafting.ShapedRecipe.m_151278_(ShapedRecipe.java:291) ~[server-1.20.1-20230612.114412-srg.jar%23393!/:?]
	at net.minecraft.world.item.crafting.Ingredient.m_43919_(Ingredient.java:219) ~[server-1.20.1-20230612.114412-srg.jar%23393!/:?]
	at net.minecraftforge.common.crafting.VanillaIngredientSerializer.parse(VanillaIngredientSerializer.java:27) ~[forge-1.20.1-47.3.7-universal.jar%23398!/:?]
	at net.minecraftforge.common.crafting.CraftingHelper.getIngredient(CraftingHelper.java:148) ~[forge-1.20.1-47.3.7-universal.jar%23398!/:?]
	at net.minecraft.world.item.crafting.Ingredient.m_288218_(Ingredient.java:194) ~[server-1.20.1-20230612.114412-srg.jar%23393!/:?]
	at net.minecraft.world.item.crafting.ShapedRecipe.m_44210_(ShapedRecipe.java:278) ~[server-1.20.1-20230612.114412-srg.jar%23393!/:?]
	at net.minecraft.world.item.crafting.ShapedRecipe$Serializer.m_6729_(ShapedRecipe.java:306) ~[server-1.20.1-20230612.114412-srg.jar%23393!/:?]
	at net.minecraft.world.item.crafting.ShapedRecipe$Serializer.m_6729_(ShapedRecipe.java:301) ~[server-1.20.1-20230612.114412-srg.jar%23393!/:?]
	at net.minecraftforge.common.extensions.IForgeRecipeSerializer.fromJson(IForgeRecipeSerializer.java:23) ~[forge-1.20.1-47.3.7-universal.jar%23398!/:?]
	at net.minecraft.world.item.crafting.RecipeManager.fromJson(RecipeManager.java:171) ~[server-1.20.1-20230612.114412-srg.jar%23393!/:?]
	at net.minecraft.world.item.crafting.RecipeManager.m_5787_(RecipeManager.java:67) ~[server-1.20.1-20230612.114412-srg.jar%23393!/:?]
	at net.minecraft.world.item.crafting.RecipeManager.m_5787_(RecipeManager.java:34) ~[server-1.20.1-20230612.114412-srg.jar%23393!/:?]
	at net.minecraft.server.packs.resources.SimplePreparableReloadListener.m_10789_(SimplePreparableReloadListener.java:13) ~[server-1.20.1-20230612.114412-srg.jar%23393!/:?]
	at java.util.concurrent.CompletableFuture$UniAccept.tryFire(CompletableFuture.java:718) ~[?:?]
	at java.util.concurrent.CompletableFuture$Completion.run(CompletableFuture.java:482) ~[?:?]
	at net.minecraft.server.packs.resources.SimpleReloadInstance.m_143940_(SimpleReloadInstance.java:69) ~[server-1.20.1-20230612.114412-srg.jar%23393!/:?]
	at net.minecraft.Util.m_214652_(Util.java:783) ~[server-1.20.1-20230612.114412-srg.jar%23393!/:?]
	at net.minecraft.Util.m_214679_(Util.java:772) ~[server-1.20.1-20230612.114412-srg.jar%23393!/:?]
	at net.minecraft.server.Main.main(Main.java:166) ~[server-1.20.1-20230612.114412-srg.jar%23393!/:?]
	at jdk.internal.reflect.NativeMethodAccessorImpl.invoke0(Native Method) ~[?:?]
	at jdk.internal.reflect.NativeMethodAccessorImpl.invoke(NativeMethodAccessorImpl.java:77) ~[?:?]
	at jdk.internal.reflect.DelegatingMethodAccessorImpl.invoke(DelegatingMethodAccessorImpl.java:43) ~[?:?]
	at java.lang.reflect.Method.invoke(Method.java:569) ~[?:?]
	at net.minecraftforge.fml.loading.targets.CommonLaunchHandler.runTarget(CommonLaunchHandler.java:111) ~[fmlloader-1.20.1-47.3.7.jar%2369!/:?]
	at net.minecraftforge.fml.loading.targets.CommonLaunchHandler.serverService(CommonLaunchHandler.java:103) ~[fmlloader-1.20.1-47.3.7.jar%2369!/:?]
	at net.minecraftforge.fml.loading.targets.CommonServerLaunchHandler.lambda$makeService$0(CommonServerLaunchHandler.java:27) ~[fmlloader-1.20.1-47.3.7.jar%2369!/:?]
	at cpw.mods.modlauncher.LaunchServiceHandlerDecorator.launch(LaunchServiceHandlerDecorator.java:30) ~[modlauncher-10.0.9.jar%2355!/:?]
	at cpw.mods.modlauncher.LaunchServiceHandler.launch(LaunchServiceHandler.java:53) ~[modlauncher-10.0.9.jar%2355!/:?]
	at cpw.mods.modlauncher.LaunchServiceHandler.launch(LaunchServiceHandler.java:71) ~[modlauncher-10.0.9.jar%2355!/:?]
	at cpw.mods.modlauncher.Launcher.run(Launcher.java:108) ~[modlauncher-10.0.9.jar%2355!/:?]
	at cpw.mods.modlauncher.Launcher.main(Launcher.java:78) ~[modlauncher-10.0.9.jar%2355!/:?]
	at cpw.mods.modlauncher.BootstrapLaunchConsumer.accept(BootstrapLaunchConsumer.java:26) ~[modlauncher-10.0.9.jar%2355!/:?]
	at cpw.mods.modlauncher.BootstrapLaunchConsumer.accept(BootstrapLaunchConsumer.java:23) ~[modlauncher-10.0.9.jar%2355!/:?]
	at cpw.mods.bootstraplauncher.BootstrapLauncher.main(BootstrapLauncher.java:141) ~[bootstraplauncher-1.1.2.jar:?]
[09Jul2025 03:53:39.785] [main/INFO] [net.minecraft.world.item.crafting.RecipeManager/]: Skipping loading recipe botanypots:rusticdelight/crop/coffee as it's serializer returned null
[09Jul2025 03:53:39.788] [main/ERROR] [net.minecraft.world.item.crafting.RecipeManager/]: Parsing error loading recipe mofus_better_end_:end_engine_recipe
com.google.gson.JsonSyntaxException: Unknown item 'mofus_better_end_:deleted_mod_element'
	at net.minecraftforge.common.crafting.CraftingHelper.getItem(CraftingHelper.java:160) ~[forge-1.20.1-47.3.7-universal.jar%23398!/:?]
	at net.minecraftforge.common.crafting.CraftingHelper.getItemStack(CraftingHelper.java:186) ~[forge-1.20.1-47.3.7-universal.jar%23398!/:?]
	at net.minecraft.world.item.crafting.ShapedRecipe.m_151274_(ShapedRecipe.java:286) ~[server-1.20.1-20230612.114412-srg.jar%23393!/:?]
	at net.minecraft.world.item.crafting.ShapedRecipe$Serializer.m_6729_(ShapedRecipe.java:311) ~[server-1.20.1-20230612.114412-srg.jar%23393!/:?]
	at net.minecraft.world.item.crafting.ShapedRecipe$Serializer.m_6729_(ShapedRecipe.java:301) ~[server-1.20.1-20230612.114412-srg.jar%23393!/:?]
	at net.minecraftforge.common.extensions.IForgeRecipeSerializer.fromJson(IForgeRecipeSerializer.java:23) ~[forge-1.20.1-47.3.7-universal.jar%23398!/:?]
	at net.minecraft.world.item.crafting.RecipeManager.fromJson(RecipeManager.java:171) ~[server-1.20.1-20230612.114412-srg.jar%23393!/:?]
	at net.minecraft.world.item.crafting.RecipeManager.m_5787_(RecipeManager.java:67) ~[server-1.20.1-20230612.114412-srg.jar%23393!/:?]
	at net.minecraft.world.item.crafting.RecipeManager.m_5787_(RecipeManager.java:34) ~[server-1.20.1-20230612.114412-srg.jar%23393!/:?]
	at net.minecraft.server.packs.resources.SimplePreparableReloadListener.m_10789_(SimplePreparableReloadListener.java:13) ~[server-1.20.1-20230612.114412-srg.jar%23393!/:?]
	at java.util.concurrent.CompletableFuture$UniAccept.tryFire(CompletableFuture.java:718) ~[?:?]
	at java.util.concurrent.CompletableFuture$Completion.run(CompletableFuture.java:482) ~[?:?]
	at net.minecraft.server.packs.resources.SimpleReloadInstance.m_143940_(SimpleReloadInstance.java:69) ~[server-1.20.1-20230612.114412-srg.jar%23393!/:?]
	at net.minecraft.Util.m_214652_(Util.java:783) ~[server-1.20.1-20230612.114412-srg.jar%23393!/:?]
	at net.minecraft.Util.m_214679_(Util.java:772) ~[server-1.20.1-20230612.114412-srg.jar%23393!/:?]
	at net.minecraft.server.Main.main(Main.java:166) ~[server-1.20.1-20230612.114412-srg.jar%23393!/:?]
	at jdk.internal.reflect.NativeMethodAccessorImpl.invoke0(Native Method) ~[?:?]
	at jdk.internal.reflect.NativeMethodAccessorImpl.invoke(NativeMethodAccessorImpl.java:77) ~[?:?]
	at jdk.internal.reflect.DelegatingMethodAccessorImpl.invoke(DelegatingMethodAccessorImpl.java:43) ~[?:?]
	at java.lang.reflect.Method.invoke(Method.java:569) ~[?:?]
	at net.minecraftforge.fml.loading.targets.CommonLaunchHandler.runTarget(CommonLaunchHandler.java:111) ~[fmlloader-1.20.1-47.3.7.jar%2369!/:?]
	at net.minecraftforge.fml.loading.targets.CommonLaunchHandler.serverService(CommonLaunchHandler.java:103) ~[fmlloader-1.20.1-47.3.7.jar%2369!/:?]
	at net.minecraftforge.fml.loading.targets.CommonServerLaunchHandler.lambda$makeService$0(CommonServerLaunchHandler.java:27) ~[fmlloader-1.20.1-47.3.7.jar%2369!/:?]
	at cpw.mods.modlauncher.LaunchServiceHandlerDecorator.launch(LaunchServiceHandlerDecorator.java:30) ~[modlauncher-10.0.9.jar%2355!/:?]
	at cpw.mods.modlauncher.LaunchServiceHandler.launch(LaunchServiceHandler.java:53) ~[modlauncher-10.0.9.jar%2355!/:?]
	at cpw.mods.modlauncher.LaunchServiceHandler.launch(LaunchServiceHandler.java:71) ~[modlauncher-10.0.9.jar%2355!/:?]
	at cpw.mods.modlauncher.Launcher.run(Launcher.java:108) ~[modlauncher-10.0.9.jar%2355!/:?]
	at cpw.mods.modlauncher.Launcher.main(Launcher.java:78) ~[modlauncher-10.0.9.jar%2355!/:?]
	at cpw.mods.modlauncher.BootstrapLaunchConsumer.accept(BootstrapLaunchConsumer.java:26) ~[modlauncher-10.0.9.jar%2355!/:?]
	at cpw.mods.modlauncher.BootstrapLaunchConsumer.accept(BootstrapLaunchConsumer.java:23) ~[modlauncher-10.0.9.jar%2355!/:?]
	at cpw.mods.bootstraplauncher.BootstrapLauncher.main(BootstrapLauncher.java:141) ~[bootstraplauncher-1.1.2.jar:?]
[09Jul2025 03:53:39.818] [main/ERROR] [net.minecraft.world.item.crafting.RecipeManager/]: Parsing error loading recipe create_numismatics_crafts:u_sun
com.google.gson.JsonSyntaxException: Unknown item 'createdeco:netherite_sheet'
	at net.minecraft.world.item.crafting.ShapedRecipe.m_151280_(ShapedRecipe.java:292) ~[server-1.20.1-20230612.114412-srg.jar%23393!/:?]
	at java.util.Optional.orElseThrow(Optional.java:403) ~[?:?]
	at net.minecraft.world.item.crafting.ShapedRecipe.m_151278_(ShapedRecipe.java:291) ~[server-1.20.1-20230612.114412-srg.jar%23393!/:?]
	at net.minecraft.world.item.crafting.Ingredient.m_43919_(Ingredient.java:219) ~[server-1.20.1-20230612.114412-srg.jar%23393!/:?]
	at net.minecraftforge.common.crafting.VanillaIngredientSerializer.parse(VanillaIngredientSerializer.java:27) ~[forge-1.20.1-47.3.7-universal.jar%23398!/:?]
	at net.minecraftforge.common.crafting.CraftingHelper.getIngredient(CraftingHelper.java:148) ~[forge-1.20.1-47.3.7-universal.jar%23398!/:?]
	at net.minecraft.world.item.crafting.Ingredient.m_288218_(Ingredient.java:194) ~[server-1.20.1-20230612.114412-srg.jar%23393!/:?]
	at net.minecraft.world.item.crafting.Ingredient.m_43917_(Ingredient.java:189) ~[server-1.20.1-20230612.114412-srg.jar%23393!/:?]
	at com.simibubi.create.content.processing.recipe.ProcessingRecipeSerializer.readFromJson(ProcessingRecipeSerializer.java:66) ~[create-1.20.1-6.0.6.jar%23282!/:6.0.6]
	at com.simibubi.create.content.processing.recipe.ProcessingRecipeSerializer.fromJson(ProcessingRecipeSerializer.java:154) ~[create-1.20.1-6.0.6.jar%23282!/:6.0.6]
	at com.simibubi.create.content.processing.recipe.ProcessingRecipeSerializer.m_6729_(ProcessingRecipeSerializer.java:21) ~[create-1.20.1-6.0.6.jar%23282!/:6.0.6]
	at net.minecraftforge.common.extensions.IForgeRecipeSerializer.fromJson(IForgeRecipeSerializer.java:23) ~[forge-1.20.1-47.3.7-universal.jar%23398!/:?]
	at net.minecraft.world.item.crafting.RecipeManager.fromJson(RecipeManager.java:171) ~[server-1.20.1-20230612.114412-srg.jar%23393!/:?]
	at net.minecraft.world.item.crafting.RecipeManager.m_5787_(RecipeManager.java:67) ~[server-1.20.1-20230612.114412-srg.jar%23393!/:?]
	at net.minecraft.world.item.crafting.RecipeManager.m_5787_(RecipeManager.java:34) ~[server-1.20.1-20230612.114412-srg.jar%23393!/:?]
	at net.minecraft.server.packs.resources.SimplePreparableReloadListener.m_10789_(SimplePreparableReloadListener.java:13) ~[server-1.20.1-20230612.114412-srg.jar%23393!/:?]
	at java.util.concurrent.CompletableFuture$UniAccept.tryFire(CompletableFuture.java:718) ~[?:?]
	at java.util.concurrent.CompletableFuture$Completion.run(CompletableFuture.java:482) ~[?:?]
	at net.minecraft.server.packs.resources.SimpleReloadInstance.m_143940_(SimpleReloadInstance.java:69) ~[server-1.20.1-20230612.114412-srg.jar%23393!/:?]
	at net.minecraft.Util.m_214652_(Util.java:783) ~[server-1.20.1-20230612.114412-srg.jar%23393!/:?]
	at net.minecraft.Util.m_214679_(Util.java:772) ~[server-1.20.1-20230612.114412-srg.jar%23393!/:?]
	at net.minecraft.server.Main.main(Main.java:166) ~[server-1.20.1-20230612.114412-srg.jar%23393!/:?]
	at jdk.internal.reflect.NativeMethodAccessorImpl.invoke0(Native Method) ~[?:?]
	at jdk.internal.reflect.NativeMethodAccessorImpl.invoke(NativeMethodAccessorImpl.java:77) ~[?:?]
	at jdk.internal.reflect.DelegatingMethodAccessorImpl.invoke(DelegatingMethodAccessorImpl.java:43) ~[?:?]
	at java.lang.reflect.Method.invoke(Method.java:569) ~[?:?]
	at net.minecraftforge.fml.loading.targets.CommonLaunchHandler.runTarget(CommonLaunchHandler.java:111) ~[fmlloader-1.20.1-47.3.7.jar%2369!/:?]
	at net.minecraftforge.fml.loading.targets.CommonLaunchHandler.serverService(CommonLaunchHandler.java:103) ~[fmlloader-1.20.1-47.3.7.jar%2369!/:?]
	at net.minecraftforge.fml.loading.targets.CommonServerLaunchHandler.lambda$makeService$0(CommonServerLaunchHandler.java:27) ~[fmlloader-1.20.1-47.3.7.jar%2369!/:?]
	at cpw.mods.modlauncher.LaunchServiceHandlerDecorator.launch(LaunchServiceHandlerDecorator.java:30) ~[modlauncher-10.0.9.jar%2355!/:?]
	at cpw.mods.modlauncher.LaunchServiceHandler.launch(LaunchServiceHandler.java:53) ~[modlauncher-10.0.9.jar%2355!/:?]
	at cpw.mods.modlauncher.LaunchServiceHandler.launch(LaunchServiceHandler.java:71) ~[modlauncher-10.0.9.jar%2355!/:?]
	at cpw.mods.modlauncher.Launcher.run(Launcher.java:108) ~[modlauncher-10.0.9.jar%2355!/:?]
	at cpw.mods.modlauncher.Launcher.main(Launcher.java:78) ~[modlauncher-10.0.9.jar%2355!/:?]
	at cpw.mods.modlauncher.BootstrapLaunchConsumer.accept(BootstrapLaunchConsumer.java:26) ~[modlauncher-10.0.9.jar%2355!/:?]
	at cpw.mods.modlauncher.BootstrapLaunchConsumer.accept(BootstrapLaunchConsumer.java:23) ~[modlauncher-10.0.9.jar%2355!/:?]
	at cpw.mods.bootstraplauncher.BootstrapLauncher.main(BootstrapLauncher.java:141) ~[bootstraplauncher-1.1.2.jar:?]
[09Jul2025 03:53:39.842] [main/INFO] [net.minecraft.world.item.crafting.RecipeManager/]: Skipping loading recipe botanypots:rusticdelight/crop/bell_peppers as it's serializer returned null
[09Jul2025 03:53:39.856] [main/INFO] [net.minecraft.world.item.crafting.RecipeManager/]: Skipping loading recipe botanypots:rusticdelight/crop/cotton as it's serializer returned null
[09Jul2025 03:53:39.860] [main/ERROR] [net.minecraft.world.item.crafting.RecipeManager/]: Parsing error loading recipe ice_and_fire_delight:cookbook
com.google.gson.JsonSyntaxException: Unknown item 'patchouli:guide_book'
	at net.minecraftforge.common.crafting.CraftingHelper.getItem(CraftingHelper.java:160) ~[forge-1.20.1-47.3.7-universal.jar%23398!/:?]
	at net.minecraftforge.common.crafting.CraftingHelper.getItemStack(CraftingHelper.java:186) ~[forge-1.20.1-47.3.7-universal.jar%23398!/:?]
	at net.minecraft.world.item.crafting.ShapedRecipe.m_151274_(ShapedRecipe.java:286) ~[server-1.20.1-20230612.114412-srg.jar%23393!/:?]
	at net.minecraft.world.item.crafting.ShapelessRecipe$Serializer.m_6729_(ShapelessRecipe.java:95) ~[server-1.20.1-20230612.114412-srg.jar%23393!/:?]
	at net.minecraft.world.item.crafting.ShapelessRecipe$Serializer.m_6729_(ShapelessRecipe.java:84) ~[server-1.20.1-20230612.114412-srg.jar%23393!/:?]
	at net.minecraftforge.common.extensions.IForgeRecipeSerializer.fromJson(IForgeRecipeSerializer.java:23) ~[forge-1.20.1-47.3.7-universal.jar%23398!/:?]
	at net.minecraft.world.item.crafting.RecipeManager.fromJson(RecipeManager.java:171) ~[server-1.20.1-20230612.114412-srg.jar%23393!/:?]
	at net.minecraft.world.item.crafting.RecipeManager.m_5787_(RecipeManager.java:67) ~[server-1.20.1-20230612.114412-srg.jar%23393!/:?]
	at net.minecraft.world.item.crafting.RecipeManager.m_5787_(RecipeManager.java:34) ~[server-1.20.1-20230612.114412-srg.jar%23393!/:?]
	at net.minecraft.server.packs.resources.SimplePreparableReloadListener.m_10789_(SimplePreparableReloadListener.java:13) ~[server-1.20.1-20230612.114412-srg.jar%23393!/:?]
	at java.util.concurrent.CompletableFuture$UniAccept.tryFire(CompletableFuture.java:718) ~[?:?]
	at java.util.concurrent.CompletableFuture$Completion.run(CompletableFuture.java:482) ~[?:?]
	at net.minecraft.server.packs.resources.SimpleReloadInstance.m_143940_(SimpleReloadInstance.java:69) ~[server-1.20.1-20230612.114412-srg.jar%23393!/:?]
	at net.minecraft.Util.m_214652_(Util.java:783) ~[server-1.20.1-20230612.114412-srg.jar%23393!/:?]
	at net.minecraft.Util.m_214679_(Util.java:772) ~[server-1.20.1-20230612.114412-srg.jar%23393!/:?]
	at net.minecraft.server.Main.main(Main.java:166) ~[server-1.20.1-20230612.114412-srg.jar%23393!/:?]
	at jdk.internal.reflect.NativeMethodAccessorImpl.invoke0(Native Method) ~[?:?]
	at jdk.internal.reflect.NativeMethodAccessorImpl.invoke(NativeMethodAccessorImpl.java:77) ~[?:?]
	at jdk.internal.reflect.DelegatingMethodAccessorImpl.invoke(DelegatingMethodAccessorImpl.java:43) ~[?:?]
	at java.lang.reflect.Method.invoke(Method.java:569) ~[?:?]
	at net.minecraftforge.fml.loading.targets.CommonLaunchHandler.runTarget(CommonLaunchHandler.java:111) ~[fmlloader-1.20.1-47.3.7.jar%2369!/:?]
	at net.minecraftforge.fml.loading.targets.CommonLaunchHandler.serverService(CommonLaunchHandler.java:103) ~[fmlloader-1.20.1-47.3.7.jar%2369!/:?]
	at net.minecraftforge.fml.loading.targets.CommonServerLaunchHandler.lambda$makeService$0(CommonServerLaunchHandler.java:27) ~[fmlloader-1.20.1-47.3.7.jar%2369!/:?]
	at cpw.mods.modlauncher.LaunchServiceHandlerDecorator.launch(LaunchServiceHandlerDecorator.java:30) ~[modlauncher-10.0.9.jar%2355!/:?]
	at cpw.mods.modlauncher.LaunchServiceHandler.launch(LaunchServiceHandler.java:53) ~[modlauncher-10.0.9.jar%2355!/:?]
	at cpw.mods.modlauncher.LaunchServiceHandler.launch(LaunchServiceHandler.java:71) ~[modlauncher-10.0.9.jar%2355!/:?]
	at cpw.mods.modlauncher.Launcher.run(Launcher.java:108) ~[modlauncher-10.0.9.jar%2355!/:?]
	at cpw.mods.modlauncher.Launcher.main(Launcher.java:78) ~[modlauncher-10.0.9.jar%2355!/:?]
	at cpw.mods.modlauncher.BootstrapLaunchConsumer.accept(BootstrapLaunchConsumer.java:26) ~[modlauncher-10.0.9.jar%2355!/:?]
	at cpw.mods.modlauncher.BootstrapLaunchConsumer.accept(BootstrapLaunchConsumer.java:23) ~[modlauncher-10.0.9.jar%2355!/:?]
	at cpw.mods.bootstraplauncher.BootstrapLauncher.main(BootstrapLauncher.java:141) ~[bootstraplauncher-1.1.2.jar:?]
[09Jul2025 03:53:39.919] [main/ERROR] [net.minecraft.world.item.crafting.RecipeManager/]: Parsing error loading recipe twilightdelight:neapolitan/aurora_cake_slice
com.google.gson.JsonSyntaxException: Unknown item 'twilightdelight:aurora_cake'
	at net.minecraft.world.item.crafting.ShapedRecipe.m_151280_(ShapedRecipe.java:292) ~[server-1.20.1-20230612.114412-srg.jar%23393!/:?]
	at java.util.Optional.orElseThrow(Optional.java:403) ~[?:?]
	at net.minecraft.world.item.crafting.ShapedRecipe.m_151278_(ShapedRecipe.java:291) ~[server-1.20.1-20230612.114412-srg.jar%23393!/:?]
	at net.minecraft.world.item.crafting.Ingredient.m_43919_(Ingredient.java:219) ~[server-1.20.1-20230612.114412-srg.jar%23393!/:?]
	at net.minecraftforge.common.crafting.VanillaIngredientSerializer.parse(VanillaIngredientSerializer.java:27) ~[forge-1.20.1-47.3.7-universal.jar%23398!/:?]
	at net.minecraftforge.common.crafting.CraftingHelper.getIngredient(CraftingHelper.java:148) ~[forge-1.20.1-47.3.7-universal.jar%23398!/:?]
	at net.minecraft.world.item.crafting.Ingredient.m_288218_(Ingredient.java:194) ~[server-1.20.1-20230612.114412-srg.jar%23393!/:?]
	at net.minecraft.world.item.crafting.Ingredient.m_43917_(Ingredient.java:189) ~[server-1.20.1-20230612.114412-srg.jar%23393!/:?]
	at vectorwing.farmersdelight.common.crafting.CuttingBoardRecipe$Serializer.readIngredients(CuttingBoardRecipe.java:195) ~[FarmersDelight-1.20.1-1.2.8.jar%23308!/:1.20.1-1.2.8]
	at vectorwing.farmersdelight.common.crafting.CuttingBoardRecipe$Serializer.fromJson(CuttingBoardRecipe.java:172) ~[FarmersDelight-1.20.1-1.2.8.jar%23308!/:1.20.1-1.2.8]
	at vectorwing.farmersdelight.common.crafting.CuttingBoardRecipe$Serializer.m_6729_(CuttingBoardRecipe.java:164) ~[FarmersDelight-1.20.1-1.2.8.jar%23308!/:1.20.1-1.2.8]
	at net.minecraftforge.common.extensions.IForgeRecipeSerializer.fromJson(IForgeRecipeSerializer.java:23) ~[forge-1.20.1-47.3.7-universal.jar%23398!/:?]
	at net.minecraft.world.item.crafting.RecipeManager.fromJson(RecipeManager.java:171) ~[server-1.20.1-20230612.114412-srg.jar%23393!/:?]
	at net.minecraft.world.item.crafting.RecipeManager.m_5787_(RecipeManager.java:67) ~[server-1.20.1-20230612.114412-srg.jar%23393!/:?]
	at net.minecraft.world.item.crafting.RecipeManager.m_5787_(RecipeManager.java:34) ~[server-1.20.1-20230612.114412-srg.jar%23393!/:?]
	at net.minecraft.server.packs.resources.SimplePreparableReloadListener.m_10789_(SimplePreparableReloadListener.java:13) ~[server-1.20.1-20230612.114412-srg.jar%23393!/:?]
	at java.util.concurrent.CompletableFuture$UniAccept.tryFire(CompletableFuture.java:718) ~[?:?]
	at java.util.concurrent.CompletableFuture$Completion.run(CompletableFuture.java:482) ~[?:?]
	at net.minecraft.server.packs.resources.SimpleReloadInstance.m_143940_(SimpleReloadInstance.java:69) ~[server-1.20.1-20230612.114412-srg.jar%23393!/:?]
	at net.minecraft.Util.m_214652_(Util.java:783) ~[server-1.20.1-20230612.114412-srg.jar%23393!/:?]
	at net.minecraft.Util.m_214679_(Util.java:772) ~[server-1.20.1-20230612.114412-srg.jar%23393!/:?]
	at net.minecraft.server.Main.main(Main.java:166) ~[server-1.20.1-20230612.114412-srg.jar%23393!/:?]
	at jdk.internal.reflect.NativeMethodAccessorImpl.invoke0(Native Method) ~[?:?]
	at jdk.internal.reflect.NativeMethodAccessorImpl.invoke(NativeMethodAccessorImpl.java:77) ~[?:?]
	at jdk.internal.reflect.DelegatingMethodAccessorImpl.invoke(DelegatingMethodAccessorImpl.java:43) ~[?:?]
	at java.lang.reflect.Method.invoke(Method.java:569) ~[?:?]
	at net.minecraftforge.fml.loading.targets.CommonLaunchHandler.runTarget(CommonLaunchHandler.java:111) ~[fmlloader-1.20.1-47.3.7.jar%2369!/:?]
	at net.minecraftforge.fml.loading.targets.CommonLaunchHandler.serverService(CommonLaunchHandler.java:103) ~[fmlloader-1.20.1-47.3.7.jar%2369!/:?]
	at net.minecraftforge.fml.loading.targets.CommonServerLaunchHandler.lambda$makeService$0(CommonServerLaunchHandler.java:27) ~[fmlloader-1.20.1-47.3.7.jar%2369!/:?]
	at cpw.mods.modlauncher.LaunchServiceHandlerDecorator.launch(LaunchServiceHandlerDecorator.java:30) ~[modlauncher-10.0.9.jar%2355!/:?]
	at cpw.mods.modlauncher.LaunchServiceHandler.launch(LaunchServiceHandler.java:53) ~[modlauncher-10.0.9.jar%2355!/:?]
	at cpw.mods.modlauncher.LaunchServiceHandler.launch(LaunchServiceHandler.java:71) ~[modlauncher-10.0.9.jar%2355!/:?]
	at cpw.mods.modlauncher.Launcher.run(Launcher.java:108) ~[modlauncher-10.0.9.jar%2355!/:?]
	at cpw.mods.modlauncher.Launcher.main(Launcher.java:78) ~[modlauncher-10.0.9.jar%2355!/:?]
	at cpw.mods.modlauncher.BootstrapLaunchConsumer.accept(BootstrapLaunchConsumer.java:26) ~[modlauncher-10.0.9.jar%2355!/:?]
	at cpw.mods.modlauncher.BootstrapLaunchConsumer.accept(BootstrapLaunchConsumer.java:23) ~[modlauncher-10.0.9.jar%2355!/:?]
	at cpw.mods.bootstraplauncher.BootstrapLauncher.main(BootstrapLauncher.java:141) ~[bootstraplauncher-1.1.2.jar:?]
[09Jul2025 03:54:31.941] [main/ERROR] [net.minecraft.world.item.crafting.RecipeManager/]: Parsing error loading recipe legendary_monsters:ancient_dripstone_brick_stairs_left
com.google.gson.JsonSyntaxException: Unknown item 'legendary_monsters:ancient_dripstone_brick'
	at net.minecraft.world.item.crafting.ShapedRecipe.m_151280_(ShapedRecipe.java:292) ~[server-1.20.1-20230612.114412-srg.jar%23393!/:?]
	at java.util.Optional.orElseThrow(Optional.java:403) ~[?:?]
	at net.minecraft.world.item.crafting.ShapedRecipe.m_151278_(ShapedRecipe.java:291) ~[server-1.20.1-20230612.114412-srg.jar%23393!/:?]
	at net.minecraft.world.item.crafting.Ingredient.m_43919_(Ingredient.java:219) ~[server-1.20.1-20230612.114412-srg.jar%23393!/:?]
	at net.minecraftforge.common.crafting.VanillaIngredientSerializer.parse(VanillaIngredientSerializer.java:27) ~[forge-1.20.1-47.3.7-universal.jar%23398!/:?]
	at net.minecraftforge.common.crafting.CraftingHelper.getIngredient(CraftingHelper.java:148) ~[forge-1.20.1-47.3.7-universal.jar%23398!/:?]
	at net.minecraft.world.item.crafting.Ingredient.m_288218_(Ingredient.java:194) ~[server-1.20.1-20230612.114412-srg.jar%23393!/:?]
	at net.minecraft.world.item.crafting.ShapedRecipe.m_44210_(ShapedRecipe.java:278) ~[server-1.20.1-20230612.114412-srg.jar%23393!/:?]
	at net.minecraft.world.item.crafting.ShapedRecipe$Serializer.m_6729_(ShapedRecipe.java:306) ~[server-1.20.1-20230612.114412-srg.jar%23393!/:?]
	at net.minecraft.world.item.crafting.ShapedRecipe$Serializer.m_6729_(ShapedRecipe.java:301) ~[server-1.20.1-20230612.114412-srg.jar%23393!/:?]
	at net.minecraftforge.common.extensions.IForgeRecipeSerializer.fromJson(IForgeRecipeSerializer.java:23) ~[forge-1.20.1-47.3.7-universal.jar%23398!/:?]
	at net.minecraft.world.item.crafting.RecipeManager.fromJson(RecipeManager.java:171) ~[server-1.20.1-20230612.114412-srg.jar%23393!/:?]
	at net.minecraft.world.item.crafting.RecipeManager.m_5787_(RecipeManager.java:67) ~[server-1.20.1-20230612.114412-srg.jar%23393!/:?]
	at net.minecraft.world.item.crafting.RecipeManager.m_5787_(RecipeManager.java:34) ~[server-1.20.1-20230612.114412-srg.jar%23393!/:?]
	at net.minecraft.server.packs.resources.SimplePreparableReloadListener.m_10789_(SimplePreparableReloadListener.java:13) ~[server-1.20.1-20230612.114412-srg.jar%23393!/:?]
	at java.util.concurrent.CompletableFuture$UniAccept.tryFire(CompletableFuture.java:718) ~[?:?]
	at java.util.concurrent.CompletableFuture$Completion.run(CompletableFuture.java:482) ~[?:?]
	at net.minecraft.server.packs.resources.SimpleReloadInstance.m_143940_(SimpleReloadInstance.java:69) ~[server-1.20.1-20230612.114412-srg.jar%23393!/:?]
	at net.minecraft.Util.m_214652_(Util.java:783) ~[server-1.20.1-20230612.114412-srg.jar%23393!/:?]
	at net.minecraft.Util.m_214679_(Util.java:772) ~[server-1.20.1-20230612.114412-srg.jar%23393!/:?]
	at net.minecraft.server.Main.main(Main.java:166) ~[server-1.20.1-20230612.114412-srg.jar%23393!/:?]
	at jdk.internal.reflect.NativeMethodAccessorImpl.invoke0(Native Method) ~[?:?]
	at jdk.internal.reflect.NativeMethodAccessorImpl.invoke(NativeMethodAccessorImpl.java:77) ~[?:?]
	at jdk.internal.reflect.DelegatingMethodAccessorImpl.invoke(DelegatingMethodAccessorImpl.java:43) ~[?:?]
	at java.lang.reflect.Method.invoke(Method.java:569) ~[?:?]
	at net.minecraftforge.fml.loading.targets.CommonLaunchHandler.runTarget(CommonLaunchHandler.java:111) ~[fmlloader-1.20.1-47.3.7.jar%2369!/:?]
	at net.minecraftforge.fml.loading.targets.CommonLaunchHandler.serverService(CommonLaunchHandler.java:103) ~[fmlloader-1.20.1-47.3.7.jar%2369!/:?]
	at net.minecraftforge.fml.loading.targets.CommonServerLaunchHandler.lambda$makeService$0(CommonServerLaunchHandler.java:27) ~[fmlloader-1.20.1-47.3.7.jar%2369!/:?]
	at cpw.mods.modlauncher.LaunchServiceHandlerDecorator.launch(LaunchServiceHandlerDecorator.java:30) ~[modlauncher-10.0.9.jar%2355!/:?]
	at cpw.mods.modlauncher.LaunchServiceHandler.launch(LaunchServiceHandler.java:53) ~[modlauncher-10.0.9.jar%2355!/:?]
	at cpw.mods.modlauncher.LaunchServiceHandler.launch(LaunchServiceHandler.java:71) ~[modlauncher-10.0.9.jar%2355!/:?]
	at cpw.mods.modlauncher.Launcher.run(Launcher.java:108) ~[modlauncher-10.0.9.jar%2355!/:?]
	at cpw.mods.modlauncher.Launcher.main(Launcher.java:78) ~[modlauncher-10.0.9.jar%2355!/:?]
	at cpw.mods.modlauncher.BootstrapLaunchConsumer.accept(BootstrapLaunchConsumer.java:26) ~[modlauncher-10.0.9.jar%2355!/:?]
	at cpw.mods.modlauncher.BootstrapLaunchConsumer.accept(BootstrapLaunchConsumer.java:23) ~[modlauncher-10.0.9.jar%2355!/:?]
	at cpw.mods.bootstraplauncher.BootstrapLauncher.main(BootstrapLauncher.java:141) ~[bootstraplauncher-1.1.2.jar:?]
[09Jul2025 03:54:31.943] [main/ERROR] [net.minecraft.world.item.crafting.RecipeManager/]: Parsing error loading recipe twilightdelight:refreshing_ice_cream
com.google.gson.JsonSyntaxException: Unknown item 'twilightdelight:glacier_ice_cream'
	at net.minecraft.world.item.crafting.ShapedRecipe.m_151280_(ShapedRecipe.java:292) ~[server-1.20.1-20230612.114412-srg.jar%23393!/:?]
	at java.util.Optional.orElseThrow(Optional.java:403) ~[?:?]
	at net.minecraft.world.item.crafting.ShapedRecipe.m_151278_(ShapedRecipe.java:291) ~[server-1.20.1-20230612.114412-srg.jar%23393!/:?]
	at net.minecraft.world.item.crafting.Ingredient.m_43919_(Ingredient.java:219) ~[server-1.20.1-20230612.114412-srg.jar%23393!/:?]
	at net.minecraftforge.common.crafting.VanillaIngredientSerializer.parse(VanillaIngredientSerializer.java:27) ~[forge-1.20.1-47.3.7-universal.jar%23398!/:?]
	at net.minecraftforge.common.crafting.CraftingHelper.getIngredient(CraftingHelper.java:148) ~[forge-1.20.1-47.3.7-universal.jar%23398!/:?]
	at net.minecraft.world.item.crafting.Ingredient.m_288218_(Ingredient.java:194) ~[server-1.20.1-20230612.114412-srg.jar%23393!/:?]
	at net.minecraft.world.item.crafting.ShapelessRecipe$Serializer.m_44275_(ShapelessRecipe.java:104) ~[server-1.20.1-20230612.114412-srg.jar%23393!/:?]
	at net.minecraft.world.item.crafting.ShapelessRecipe$Serializer.m_6729_(ShapelessRecipe.java:89) ~[server-1.20.1-20230612.114412-srg.jar%23393!/:?]
	at net.minecraft.world.item.crafting.ShapelessRecipe$Serializer.m_6729_(ShapelessRecipe.java:84) ~[server-1.20.1-20230612.114412-srg.jar%23393!/:?]
	at net.minecraftforge.common.extensions.IForgeRecipeSerializer.fromJson(IForgeRecipeSerializer.java:23) ~[forge-1.20.1-47.3.7-universal.jar%23398!/:?]
	at net.minecraft.world.item.crafting.RecipeManager.fromJson(RecipeManager.java:171) ~[server-1.20.1-20230612.114412-srg.jar%23393!/:?]
	at net.minecraft.world.item.crafting.RecipeManager.m_5787_(RecipeManager.java:67) ~[server-1.20.1-20230612.114412-srg.jar%23393!/:?]
	at net.minecraft.world.item.crafting.RecipeManager.m_5787_(RecipeManager.java:34) ~[server-1.20.1-20230612.114412-srg.jar%23393!/:?]
	at net.minecraft.server.packs.resources.SimplePreparableReloadListener.m_10789_(SimplePreparableReloadListener.java:13) ~[server-1.20.1-20230612.114412-srg.jar%23393!/:?]
	at java.util.concurrent.CompletableFuture$UniAccept.tryFire(CompletableFuture.java:718) ~[?:?]
	at java.util.concurrent.CompletableFuture$Completion.run(CompletableFuture.java:482) ~[?:?]
	at net.minecraft.server.packs.resources.SimpleReloadInstance.m_143940_(SimpleReloadInstance.java:69) ~[server-1.20.1-20230612.114412-srg.jar%23393!/:?]
	at net.minecraft.Util.m_214652_(Util.java:783) ~[server-1.20.1-20230612.114412-srg.jar%23393!/:?]
	at net.minecraft.Util.m_214679_(Util.java:772) ~[server-1.20.1-20230612.114412-srg.jar%23393!/:?]
	at net.minecraft.server.Main.main(Main.java:166) ~[server-1.20.1-20230612.114412-srg.jar%23393!/:?]
	at jdk.internal.reflect.NativeMethodAccessorImpl.invoke0(Native Method) ~[?:?]
	at jdk.internal.reflect.NativeMethodAccessorImpl.invoke(NativeMethodAccessorImpl.java:77) ~[?:?]
	at jdk.internal.reflect.DelegatingMethodAccessorImpl.invoke(DelegatingMethodAccessorImpl.java:43) ~[?:?]
	at java.lang.reflect.Method.invoke(Method.java:569) ~[?:?]
	at net.minecraftforge.fml.loading.targets.CommonLaunchHandler.runTarget(CommonLaunchHandler.java:111) ~[fmlloader-1.20.1-47.3.7.jar%2369!/:?]
	at net.minecraftforge.fml.loading.targets.CommonLaunchHandler.serverService(CommonLaunchHandler.java:103) ~[fmlloader-1.20.1-47.3.7.jar%2369!/:?]
	at net.minecraftforge.fml.loading.targets.CommonServerLaunchHandler.lambda$makeService$0(CommonServerLaunchHandler.java:27) ~[fmlloader-1.20.1-47.3.7.jar%2369!/:?]
	at cpw.mods.modlauncher.LaunchServiceHandlerDecorator.launch(LaunchServiceHandlerDecorator.java:30) ~[modlauncher-10.0.9.jar%2355!/:?]
	at cpw.mods.modlauncher.LaunchServiceHandler.launch(LaunchServiceHandler.java:53) ~[modlauncher-10.0.9.jar%2355!/:?]
	at cpw.mods.modlauncher.LaunchServiceHandler.launch(LaunchServiceHandler.java:71) ~[modlauncher-10.0.9.jar%2355!/:?]
	at cpw.mods.modlauncher.Launcher.run(Launcher.java:108) ~[modlauncher-10.0.9.jar%2355!/:?]
	at cpw.mods.modlauncher.Launcher.main(Launcher.java:78) ~[modlauncher-10.0.9.jar%2355!/:?]
	at cpw.mods.modlauncher.BootstrapLaunchConsumer.accept(BootstrapLaunchConsumer.java:26) ~[modlauncher-10.0.9.jar%2355!/:?]
	at cpw.mods.modlauncher.BootstrapLaunchConsumer.accept(BootstrapLaunchConsumer.java:23) ~[modlauncher-10.0.9.jar%2355!/:?]
	at cpw.mods.bootstraplauncher.BootstrapLauncher.main(BootstrapLauncher.java:141) ~[bootstraplauncher-1.1.2.jar:?]
[09Jul2025 03:54:31.946] [main/ERROR] [net.minecraft.world.item.crafting.RecipeManager/]: Parsing error loading recipe legendary_monsters:dinosaur_bone_meal
com.google.gson.JsonSyntaxException: Unknown item 'legendary_monsters:dinosaur_bone_meal'
	at net.minecraftforge.common.crafting.CraftingHelper.getItem(CraftingHelper.java:160) ~[forge-1.20.1-47.3.7-universal.jar%23398!/:?]
	at net.minecraftforge.common.crafting.CraftingHelper.getItemStack(CraftingHelper.java:186) ~[forge-1.20.1-47.3.7-universal.jar%23398!/:?]
	at net.minecraft.world.item.crafting.ShapedRecipe.m_151274_(ShapedRecipe.java:286) ~[server-1.20.1-20230612.114412-srg.jar%23393!/:?]
	at net.minecraft.world.item.crafting.ShapedRecipe$Serializer.m_6729_(ShapedRecipe.java:311) ~[server-1.20.1-20230612.114412-srg.jar%23393!/:?]
	at net.minecraft.world.item.crafting.ShapedRecipe$Serializer.m_6729_(ShapedRecipe.java:301) ~[server-1.20.1-20230612.114412-srg.jar%23393!/:?]
	at net.minecraftforge.common.extensions.IForgeRecipeSerializer.fromJson(IForgeRecipeSerializer.java:23) ~[forge-1.20.1-47.3.7-universal.jar%23398!/:?]
	at net.minecraft.world.item.crafting.RecipeManager.fromJson(RecipeManager.java:171) ~[server-1.20.1-20230612.114412-srg.jar%23393!/:?]
	at net.minecraft.world.item.crafting.RecipeManager.m_5787_(RecipeManager.java:67) ~[server-1.20.1-20230612.114412-srg.jar%23393!/:?]
	at net.minecraft.world.item.crafting.RecipeManager.m_5787_(RecipeManager.java:34) ~[server-1.20.1-20230612.114412-srg.jar%23393!/:?]
	at net.minecraft.server.packs.resources.SimplePreparableReloadListener.m_10789_(SimplePreparableReloadListener.java:13) ~[server-1.20.1-20230612.114412-srg.jar%23393!/:?]
	at java.util.concurrent.CompletableFuture$UniAccept.tryFire(CompletableFuture.java:718) ~[?:?]
	at java.util.concurrent.CompletableFuture$Completion.run(CompletableFuture.java:482) ~[?:?]
	at net.minecraft.server.packs.resources.SimpleReloadInstance.m_143940_(SimpleReloadInstance.java:69) ~[server-1.20.1-20230612.114412-srg.jar%23393!/:?]
	at net.minecraft.Util.m_214652_(Util.java:783) ~[server-1.20.1-20230612.114412-srg.jar%23393!/:?]
	at net.minecraft.Util.m_214679_(Util.java:772) ~[server-1.20.1-20230612.114412-srg.jar%23393!/:?]
	at net.minecraft.server.Main.main(Main.java:166) ~[server-1.20.1-20230612.114412-srg.jar%23393!/:?]
	at jdk.internal.reflect.NativeMethodAccessorImpl.invoke0(Native Method) ~[?:?]
	at jdk.internal.reflect.NativeMethodAccessorImpl.invoke(NativeMethodAccessorImpl.java:77) ~[?:?]
	at jdk.internal.reflect.DelegatingMethodAccessorImpl.invoke(DelegatingMethodAccessorImpl.java:43) ~[?:?]
	at java.lang.reflect.Method.invoke(Method.java:569) ~[?:?]
	at net.minecraftforge.fml.loading.targets.CommonLaunchHandler.runTarget(CommonLaunchHandler.java:111) ~[fmlloader-1.20.1-47.3.7.jar%2369!/:?]
	at net.minecraftforge.fml.loading.targets.CommonLaunchHandler.serverService(CommonLaunchHandler.java:103) ~[fmlloader-1.20.1-47.3.7.jar%2369!/:?]
	at net.minecraftforge.fml.loading.targets.CommonServerLaunchHandler.lambda$makeService$0(CommonServerLaunchHandler.java:27) ~[fmlloader-1.20.1-47.3.7.jar%2369!/:?]
	at cpw.mods.modlauncher.LaunchServiceHandlerDecorator.launch(LaunchServiceHandlerDecorator.java:30) ~[modlauncher-10.0.9.jar%2355!/:?]
	at cpw.mods.modlauncher.LaunchServiceHandler.launch(LaunchServiceHandler.java:53) ~[modlauncher-10.0.9.jar%2355!/:?]
	at cpw.mods.modlauncher.LaunchServiceHandler.launch(LaunchServiceHandler.java:71) ~[modlauncher-10.0.9.jar%2355!/:?]
	at cpw.mods.modlauncher.Launcher.run(Launcher.java:108) ~[modlauncher-10.0.9.jar%2355!/:?]
	at cpw.mods.modlauncher.Launcher.main(Launcher.java:78) ~[modlauncher-10.0.9.jar%2355!/:?]
	at cpw.mods.modlauncher.BootstrapLaunchConsumer.accept(BootstrapLaunchConsumer.java:26) ~[modlauncher-10.0.9.jar%2355!/:?]
	at cpw.mods.modlauncher.BootstrapLaunchConsumer.accept(BootstrapLaunchConsumer.java:23) ~[modlauncher-10.0.9.jar%2355!/:?]
	at cpw.mods.bootstraplauncher.BootstrapLauncher.main(BootstrapLauncher.java:141) ~[bootstraplauncher-1.1.2.jar:?]
[09Jul2025 03:54:31.990] [main/INFO] [net.minecraft.world.item.crafting.RecipeManager/]: Skipping loading recipe botanypots:rusticdelight/crop/wild_coffee as it's serializer returned null
[09Jul2025 03:54:32.004] [main/ERROR] [net.minecraft.world.item.crafting.RecipeManager/]: Parsing error loading recipe twilightdelight:neapolitan/glacier_cake_slice
com.google.gson.JsonSyntaxException: Unknown item 'twilightdelight:glacier_cake'
	at net.minecraft.world.item.crafting.ShapedRecipe.m_151280_(ShapedRecipe.java:292) ~[server-1.20.1-20230612.114412-srg.jar%23393!/:?]
	at java.util.Optional.orElseThrow(Optional.java:403) ~[?:?]
	at net.minecraft.world.item.crafting.ShapedRecipe.m_151278_(ShapedRecipe.java:291) ~[server-1.20.1-20230612.114412-srg.jar%23393!/:?]
	at net.minecraft.world.item.crafting.Ingredient.m_43919_(Ingredient.java:219) ~[server-1.20.1-20230612.114412-srg.jar%23393!/:?]
	at net.minecraftforge.common.crafting.VanillaIngredientSerializer.parse(VanillaIngredientSerializer.java:27) ~[forge-1.20.1-47.3.7-universal.jar%23398!/:?]
	at net.minecraftforge.common.crafting.CraftingHelper.getIngredient(CraftingHelper.java:148) ~[forge-1.20.1-47.3.7-universal.jar%23398!/:?]
	at net.minecraft.world.item.crafting.Ingredient.m_288218_(Ingredient.java:194) ~[server-1.20.1-20230612.114412-srg.jar%23393!/:?]
	at net.minecraft.world.item.crafting.Ingredient.m_43917_(Ingredient.java:189) ~[server-1.20.1-20230612.114412-srg.jar%23393!/:?]
	at vectorwing.farmersdelight.common.crafting.CuttingBoardRecipe$Serializer.readIngredients(CuttingBoardRecipe.java:195) ~[FarmersDelight-1.20.1-1.2.8.jar%23308!/:1.20.1-1.2.8]
	at vectorwing.farmersdelight.common.crafting.CuttingBoardRecipe$Serializer.fromJson(CuttingBoardRecipe.java:172) ~[FarmersDelight-1.20.1-1.2.8.jar%23308!/:1.20.1-1.2.8]
	at vectorwing.farmersdelight.common.crafting.CuttingBoardRecipe$Serializer.m_6729_(CuttingBoardRecipe.java:164) ~[FarmersDelight-1.20.1-1.2.8.jar%23308!/:1.20.1-1.2.8]
	at net.minecraftforge.common.extensions.IForgeRecipeSerializer.fromJson(IForgeRecipeSerializer.java:23) ~[forge-1.20.1-47.3.7-universal.jar%23398!/:?]
	at net.minecraft.world.item.crafting.RecipeManager.fromJson(RecipeManager.java:171) ~[server-1.20.1-20230612.114412-srg.jar%23393!/:?]
	at net.minecraft.world.item.crafting.RecipeManager.m_5787_(RecipeManager.java:67) ~[server-1.20.1-20230612.114412-srg.jar%23393!/:?]
	at net.minecraft.world.item.crafting.RecipeManager.m_5787_(RecipeManager.java:34) ~[server-1.20.1-20230612.114412-srg.jar%23393!/:?]
	at net.minecraft.server.packs.resources.SimplePreparableReloadListener.m_10789_(SimplePreparableReloadListener.java:13) ~[server-1.20.1-20230612.114412-srg.jar%23393!/:?]
	at java.util.concurrent.CompletableFuture$UniAccept.tryFire(CompletableFuture.java:718) ~[?:?]
	at java.util.concurrent.CompletableFuture$Completion.run(CompletableFuture.java:482) ~[?:?]
	at net.minecraft.server.packs.resources.SimpleReloadInstance.m_143940_(SimpleReloadInstance.java:69) ~[server-1.20.1-20230612.114412-srg.jar%23393!/:?]
	at net.minecraft.Util.m_214652_(Util.java:783) ~[server-1.20.1-20230612.114412-srg.jar%23393!/:?]
	at net.minecraft.Util.m_214679_(Util.java:772) ~[server-1.20.1-20230612.114412-srg.jar%23393!/:?]
	at net.minecraft.server.Main.main(Main.java:166) ~[server-1.20.1-20230612.114412-srg.jar%23393!/:?]
	at jdk.internal.reflect.NativeMethodAccessorImpl.invoke0(Native Method) ~[?:?]
	at jdk.internal.reflect.NativeMethodAccessorImpl.invoke(NativeMethodAccessorImpl.java:77) ~[?:?]
	at jdk.internal.reflect.DelegatingMethodAccessorImpl.invoke(DelegatingMethodAccessorImpl.java:43) ~[?:?]
	at java.lang.reflect.Method.invoke(Method.java:569) ~[?:?]
	at net.minecraftforge.fml.loading.targets.CommonLaunchHandler.runTarget(CommonLaunchHandler.java:111) ~[fmlloader-1.20.1-47.3.7.jar%2369!/:?]
	at net.minecraftforge.fml.loading.targets.CommonLaunchHandler.serverService(CommonLaunchHandler.java:103) ~[fmlloader-1.20.1-47.3.7.jar%2369!/:?]
	at net.minecraftforge.fml.loading.targets.CommonServerLaunchHandler.lambda$makeService$0(CommonServerLaunchHandler.java:27) ~[fmlloader-1.20.1-47.3.7.jar%2369!/:?]
	at cpw.mods.modlauncher.LaunchServiceHandlerDecorator.launch(LaunchServiceHandlerDecorator.java:30) ~[modlauncher-10.0.9.jar%2355!/:?]
	at cpw.mods.modlauncher.LaunchServiceHandler.launch(LaunchServiceHandler.java:53) ~[modlauncher-10.0.9.jar%2355!/:?]
	at cpw.mods.modlauncher.LaunchServiceHandler.launch(LaunchServiceHandler.java:71) ~[modlauncher-10.0.9.jar%2355!/:?]
	at cpw.mods.modlauncher.Launcher.run(Launcher.java:108) ~[modlauncher-10.0.9.jar%2355!/:?]
	at cpw.mods.modlauncher.Launcher.main(Launcher.java:78) ~[modlauncher-10.0.9.jar%2355!/:?]
	at cpw.mods.modlauncher.BootstrapLaunchConsumer.accept(BootstrapLaunchConsumer.java:26) ~[modlauncher-10.0.9.jar%2355!/:?]
	at cpw.mods.modlauncher.BootstrapLaunchConsumer.accept(BootstrapLaunchConsumer.java:23) ~[modlauncher-10.0.9.jar%2355!/:?]
	at cpw.mods.bootstraplauncher.BootstrapLauncher.main(BootstrapLauncher.java:141) ~[bootstraplauncher-1.1.2.jar:?]
[09Jul2025 03:54:32.006] [main/INFO] [net.minecraft.world.item.crafting.RecipeManager/]: Skipping loading recipe botanypots:rusticdelight/crop/wild_cotton as it's serializer returned null
[09Jul2025 03:54:32.056] [main/ERROR] [net.minecraft.world.item.crafting.RecipeManager/]: Parsing error loading recipe argentinas_delight:jarranana
com.google.gson.JsonSyntaxException: Unknown item 'boliviamod:rodaja_de_pina'
	at net.minecraft.world.item.crafting.ShapedRecipe.m_151280_(ShapedRecipe.java:292) ~[server-1.20.1-20230612.114412-srg.jar%23393!/:?]
	at java.util.Optional.orElseThrow(Optional.java:403) ~[?:?]
	at net.minecraft.world.item.crafting.ShapedRecipe.m_151278_(ShapedRecipe.java:291) ~[server-1.20.1-20230612.114412-srg.jar%23393!/:?]
	at net.minecraft.world.item.crafting.Ingredient.m_43919_(Ingredient.java:219) ~[server-1.20.1-20230612.114412-srg.jar%23393!/:?]
	at net.minecraftforge.common.crafting.VanillaIngredientSerializer.parse(VanillaIngredientSerializer.java:27) ~[forge-1.20.1-47.3.7-universal.jar%23398!/:?]
	at net.minecraftforge.common.crafting.CraftingHelper.getIngredient(CraftingHelper.java:148) ~[forge-1.20.1-47.3.7-universal.jar%23398!/:?]
	at net.minecraft.world.item.crafting.Ingredient.m_288218_(Ingredient.java:194) ~[server-1.20.1-20230612.114412-srg.jar%23393!/:?]
	at net.minecraft.world.item.crafting.ShapedRecipe.m_44210_(ShapedRecipe.java:278) ~[server-1.20.1-20230612.114412-srg.jar%23393!/:?]
	at net.minecraft.world.item.crafting.ShapedRecipe$Serializer.m_6729_(ShapedRecipe.java:306) ~[server-1.20.1-20230612.114412-srg.jar%23393!/:?]
	at net.minecraft.world.item.crafting.ShapedRecipe$Serializer.m_6729_(ShapedRecipe.java:301) ~[server-1.20.1-20230612.114412-srg.jar%23393!/:?]
	at net.minecraftforge.common.extensions.IForgeRecipeSerializer.fromJson(IForgeRecipeSerializer.java:23) ~[forge-1.20.1-47.3.7-universal.jar%23398!/:?]
	at net.minecraft.world.item.crafting.RecipeManager.fromJson(RecipeManager.java:171) ~[server-1.20.1-20230612.114412-srg.jar%23393!/:?]
	at net.minecraft.world.item.crafting.RecipeManager.m_5787_(RecipeManager.java:67) ~[server-1.20.1-20230612.114412-srg.jar%23393!/:?]
	at net.minecraft.world.item.crafting.RecipeManager.m_5787_(RecipeManager.java:34) ~[server-1.20.1-20230612.114412-srg.jar%23393!/:?]
	at net.minecraft.server.packs.resources.SimplePreparableReloadListener.m_10789_(SimplePreparableReloadListener.java:13) ~[server-1.20.1-20230612.114412-srg.jar%23393!/:?]
	at java.util.concurrent.CompletableFuture$UniAccept.tryFire(CompletableFuture.java:718) ~[?:?]
	at java.util.concurrent.CompletableFuture$Completion.run(CompletableFuture.java:482) ~[?:?]
	at net.minecraft.server.packs.resources.SimpleReloadInstance.m_143940_(SimpleReloadInstance.java:69) ~[server-1.20.1-20230612.114412-srg.jar%23393!/:?]
	at net.minecraft.Util.m_214652_(Util.java:783) ~[server-1.20.1-20230612.114412-srg.jar%23393!/:?]
	at net.minecraft.Util.m_214679_(Util.java:772) ~[server-1.20.1-20230612.114412-srg.jar%23393!/:?]
	at net.minecraft.server.Main.main(Main.java:166) ~[server-1.20.1-20230612.114412-srg.jar%23393!/:?]
	at jdk.internal.reflect.NativeMethodAccessorImpl.invoke0(Native Method) ~[?:?]
	at jdk.internal.reflect.NativeMethodAccessorImpl.invoke(NativeMethodAccessorImpl.java:77) ~[?:?]
	at jdk.internal.reflect.DelegatingMethodAccessorImpl.invoke(DelegatingMethodAccessorImpl.java:43) ~[?:?]
	at java.lang.reflect.Method.invoke(Method.java:569) ~[?:?]
	at net.minecraftforge.fml.loading.targets.CommonLaunchHandler.runTarget(CommonLaunchHandler.java:111) ~[fmlloader-1.20.1-47.3.7.jar%2369!/:?]
	at net.minecraftforge.fml.loading.targets.CommonLaunchHandler.serverService(CommonLaunchHandler.java:103) ~[fmlloader-1.20.1-47.3.7.jar%2369!/:?]
	at net.minecraftforge.fml.loading.targets.CommonServerLaunchHandler.lambda$makeService$0(CommonServerLaunchHandler.java:27) ~[fmlloader-1.20.1-47.3.7.jar%2369!/:?]
	at cpw.mods.modlauncher.LaunchServiceHandlerDecorator.launch(LaunchServiceHandlerDecorator.java:30) ~[modlauncher-10.0.9.jar%2355!/:?]
	at cpw.mods.modlauncher.LaunchServiceHandler.launch(LaunchServiceHandler.java:53) ~[modlauncher-10.0.9.jar%2355!/:?]
	at cpw.mods.modlauncher.LaunchServiceHandler.launch(LaunchServiceHandler.java:71) ~[modlauncher-10.0.9.jar%2355!/:?]
	at cpw.mods.modlauncher.Launcher.run(Launcher.java:108) ~[modlauncher-10.0.9.jar%2355!/:?]
	at cpw.mods.modlauncher.Launcher.main(Launcher.java:78) ~[modlauncher-10.0.9.jar%2355!/:?]
	at cpw.mods.modlauncher.BootstrapLaunchConsumer.accept(BootstrapLaunchConsumer.java:26) ~[modlauncher-10.0.9.jar%2355!/:?]
	at cpw.mods.modlauncher.BootstrapLaunchConsumer.accept(BootstrapLaunchConsumer.java:23) ~[modlauncher-10.0.9.jar%2355!/:?]
	at cpw.mods.bootstraplauncher.BootstrapLauncher.main(BootstrapLauncher.java:141) ~[bootstraplauncher-1.1.2.jar:?]
[09Jul2025 03:54:32.082] [main/ERROR] [net.minecraft.world.item.crafting.RecipeManager/]: Parsing error loading recipe twilightdelight:neapolitan/torchberry_cake_slice
com.google.gson.JsonSyntaxException: Unknown item 'twilightdelight:torchberry_cake'
	at net.minecraft.world.item.crafting.ShapedRecipe.m_151280_(ShapedRecipe.java:292) ~[server-1.20.1-20230612.114412-srg.jar%23393!/:?]
	at java.util.Optional.orElseThrow(Optional.java:403) ~[?:?]
	at net.minecraft.world.item.crafting.ShapedRecipe.m_151278_(ShapedRecipe.java:291) ~[server-1.20.1-20230612.114412-srg.jar%23393!/:?]
	at net.minecraft.world.item.crafting.Ingredient.m_43919_(Ingredient.java:219) ~[server-1.20.1-20230612.114412-srg.jar%23393!/:?]
	at net.minecraftforge.common.crafting.VanillaIngredientSerializer.parse(VanillaIngredientSerializer.java:27) ~[forge-1.20.1-47.3.7-universal.jar%23398!/:?]
	at net.minecraftforge.common.crafting.CraftingHelper.getIngredient(CraftingHelper.java:148) ~[forge-1.20.1-47.3.7-universal.jar%23398!/:?]
	at net.minecraft.world.item.crafting.Ingredient.m_288218_(Ingredient.java:194) ~[server-1.20.1-20230612.114412-srg.jar%23393!/:?]
	at net.minecraft.world.item.crafting.Ingredient.m_43917_(Ingredient.java:189) ~[server-1.20.1-20230612.114412-srg.jar%23393!/:?]
	at vectorwing.farmersdelight.common.crafting.CuttingBoardRecipe$Serializer.readIngredients(CuttingBoardRecipe.java:195) ~[FarmersDelight-1.20.1-1.2.8.jar%23308!/:1.20.1-1.2.8]
	at vectorwing.farmersdelight.common.crafting.CuttingBoardRecipe$Serializer.fromJson(CuttingBoardRecipe.java:172) ~[FarmersDelight-1.20.1-1.2.8.jar%23308!/:1.20.1-1.2.8]
	at vectorwing.farmersdelight.common.crafting.CuttingBoardRecipe$Serializer.m_6729_(CuttingBoardRecipe.java:164) ~[FarmersDelight-1.20.1-1.2.8.jar%23308!/:1.20.1-1.2.8]
	at net.minecraftforge.common.extensions.IForgeRecipeSerializer.fromJson(IForgeRecipeSerializer.java:23) ~[forge-1.20.1-47.3.7-universal.jar%23398!/:?]
	at net.minecraft.world.item.crafting.RecipeManager.fromJson(RecipeManager.java:171) ~[server-1.20.1-20230612.114412-srg.jar%23393!/:?]
	at net.minecraft.world.item.crafting.RecipeManager.m_5787_(RecipeManager.java:67) ~[server-1.20.1-20230612.114412-srg.jar%23393!/:?]
	at net.minecraft.world.item.crafting.RecipeManager.m_5787_(RecipeManager.java:34) ~[server-1.20.1-20230612.114412-srg.jar%23393!/:?]
	at net.minecraft.server.packs.resources.SimplePreparableReloadListener.m_10789_(SimplePreparableReloadListener.java:13) ~[server-1.20.1-20230612.114412-srg.jar%23393!/:?]
	at java.util.concurrent.CompletableFuture$UniAccept.tryFire(CompletableFuture.java:718) ~[?:?]
	at java.util.concurrent.CompletableFuture$Completion.run(CompletableFuture.java:482) ~[?:?]
	at net.minecraft.server.packs.resources.SimpleReloadInstance.m_143940_(SimpleReloadInstance.java:69) ~[server-1.20.1-20230612.114412-srg.jar%23393!/:?]
	at net.minecraft.Util.m_214652_(Util.java:783) ~[server-1.20.1-20230612.114412-srg.jar%23393!/:?]
	at net.minecraft.Util.m_214679_(Util.java:772) ~[server-1.20.1-20230612.114412-srg.jar%23393!/:?]
	at net.minecraft.server.Main.main(Main.java:166) ~[server-1.20.1-20230612.114412-srg.jar%23393!/:?]
	at jdk.internal.reflect.NativeMethodAccessorImpl.invoke0(Native Method) ~[?:?]
	at jdk.internal.reflect.NativeMethodAccessorImpl.invoke(NativeMethodAccessorImpl.java:77) ~[?:?]
	at jdk.internal.reflect.DelegatingMethodAccessorImpl.invoke(DelegatingMethodAccessorImpl.java:43) ~[?:?]
	at java.lang.reflect.Method.invoke(Method.java:569) ~[?:?]
	at net.minecraftforge.fml.loading.targets.CommonLaunchHandler.runTarget(CommonLaunchHandler.java:111) ~[fmlloader-1.20.1-47.3.7.jar%2369!/:?]
	at net.minecraftforge.fml.loading.targets.CommonLaunchHandler.serverService(CommonLaunchHandler.java:103) ~[fmlloader-1.20.1-47.3.7.jar%2369!/:?]
	at net.minecraftforge.fml.loading.targets.CommonServerLaunchHandler.lambda$makeService$0(CommonServerLaunchHandler.java:27) ~[fmlloader-1.20.1-47.3.7.jar%2369!/:?]
	at cpw.mods.modlauncher.LaunchServiceHandlerDecorator.launch(LaunchServiceHandlerDecorator.java:30) ~[modlauncher-10.0.9.jar%2355!/:?]
	at cpw.mods.modlauncher.LaunchServiceHandler.launch(LaunchServiceHandler.java:53) ~[modlauncher-10.0.9.jar%2355!/:?]
	at cpw.mods.modlauncher.LaunchServiceHandler.launch(LaunchServiceHandler.java:71) ~[modlauncher-10.0.9.jar%2355!/:?]
	at cpw.mods.modlauncher.Launcher.run(Launcher.java:108) ~[modlauncher-10.0.9.jar%2355!/:?]
	at cpw.mods.modlauncher.Launcher.main(Launcher.java:78) ~[modlauncher-10.0.9.jar%2355!/:?]
	at cpw.mods.modlauncher.BootstrapLaunchConsumer.accept(BootstrapLaunchConsumer.java:26) ~[modlauncher-10.0.9.jar%2355!/:?]
	at cpw.mods.modlauncher.BootstrapLaunchConsumer.accept(BootstrapLaunchConsumer.java:23) ~[modlauncher-10.0.9.jar%2355!/:?]
	at cpw.mods.bootstraplauncher.BootstrapLauncher.main(BootstrapLauncher.java:141) ~[bootstraplauncher-1.1.2.jar:?]
[09Jul2025 03:54:32.089] [main/ERROR] [net.minecraft.world.item.crafting.RecipeManager/]: Parsing error loading recipe legendary_monsters:purified_soul
com.google.gson.JsonSyntaxException: Invalid or unsupported recipe type 'minecraft:brewing'
	at net.minecraft.world.item.crafting.RecipeManager.m_220253_(RecipeManager.java:170) ~[server-1.20.1-20230612.114412-srg.jar%23393!/:?]
	at java.util.Optional.orElseThrow(Optional.java:403) ~[?:?]
	at net.minecraft.world.item.crafting.RecipeManager.fromJson(RecipeManager.java:169) ~[server-1.20.1-20230612.114412-srg.jar%23393!/:?]
	at net.minecraft.world.item.crafting.RecipeManager.m_5787_(RecipeManager.java:67) ~[server-1.20.1-20230612.114412-srg.jar%23393!/:?]
	at net.minecraft.world.item.crafting.RecipeManager.m_5787_(RecipeManager.java:34) ~[server-1.20.1-20230612.114412-srg.jar%23393!/:?]
	at net.minecraft.server.packs.resources.SimplePreparableReloadListener.m_10789_(SimplePreparableReloadListener.java:13) ~[server-1.20.1-20230612.114412-srg.jar%23393!/:?]
	at java.util.concurrent.CompletableFuture$UniAccept.tryFire(CompletableFuture.java:718) ~[?:?]
	at java.util.concurrent.CompletableFuture$Completion.run(CompletableFuture.java:482) ~[?:?]
	at net.minecraft.server.packs.resources.SimpleReloadInstance.m_143940_(SimpleReloadInstance.java:69) ~[server-1.20.1-20230612.114412-srg.jar%23393!/:?]
	at net.minecraft.Util.m_214652_(Util.java:783) ~[server-1.20.1-20230612.114412-srg.jar%23393!/:?]
	at net.minecraft.Util.m_214679_(Util.java:772) ~[server-1.20.1-20230612.114412-srg.jar%23393!/:?]
	at net.minecraft.server.Main.main(Main.java:166) ~[server-1.20.1-20230612.114412-srg.jar%23393!/:?]
	at jdk.internal.reflect.NativeMethodAccessorImpl.invoke0(Native Method) ~[?:?]
	at jdk.internal.reflect.NativeMethodAccessorImpl.invoke(NativeMethodAccessorImpl.java:77) ~[?:?]
	at jdk.internal.reflect.DelegatingMethodAccessorImpl.invoke(DelegatingMethodAccessorImpl.java:43) ~[?:?]
	at java.lang.reflect.Method.invoke(Method.java:569) ~[?:?]
	at net.minecraftforge.fml.loading.targets.CommonLaunchHandler.runTarget(CommonLaunchHandler.java:111) ~[fmlloader-1.20.1-47.3.7.jar%2369!/:?]
	at net.minecraftforge.fml.loading.targets.CommonLaunchHandler.serverService(CommonLaunchHandler.java:103) ~[fmlloader-1.20.1-47.3.7.jar%2369!/:?]
	at net.minecraftforge.fml.loading.targets.CommonServerLaunchHandler.lambda$makeService$0(CommonServerLaunchHandler.java:27) ~[fmlloader-1.20.1-47.3.7.jar%2369!/:?]
	at cpw.mods.modlauncher.LaunchServiceHandlerDecorator.launch(LaunchServiceHandlerDecorator.java:30) ~[modlauncher-10.0.9.jar%2355!/:?]
	at cpw.mods.modlauncher.LaunchServiceHandler.launch(LaunchServiceHandler.java:53) ~[modlauncher-10.0.9.jar%2355!/:?]
	at cpw.mods.modlauncher.LaunchServiceHandler.launch(LaunchServiceHandler.java:71) ~[modlauncher-10.0.9.jar%2355!/:?]
	at cpw.mods.modlauncher.Launcher.run(Launcher.java:108) ~[modlauncher-10.0.9.jar%2355!/:?]
	at cpw.mods.modlauncher.Launcher.main(Launcher.java:78) ~[modlauncher-10.0.9.jar%2355!/:?]
	at cpw.mods.modlauncher.BootstrapLaunchConsumer.accept(BootstrapLaunchConsumer.java:26) ~[modlauncher-10.0.9.jar%2355!/:?]
	at cpw.mods.modlauncher.BootstrapLaunchConsumer.accept(BootstrapLaunchConsumer.java:23) ~[modlauncher-10.0.9.jar%2355!/:?]
	at cpw.mods.bootstraplauncher.BootstrapLauncher.main(BootstrapLauncher.java:141) ~[bootstraplauncher-1.1.2.jar:?]
[09Jul2025 03:54:32.102] [main/ERROR] [net.minecraft.world.item.crafting.RecipeManager/]: Parsing error loading recipe twilightdelight:twilight_ice_cream
com.google.gson.JsonSyntaxException: Unknown item 'twilightdelight:torchberry_ice_cream'
	at net.minecraft.world.item.crafting.ShapedRecipe.m_151280_(ShapedRecipe.java:292) ~[server-1.20.1-20230612.114412-srg.jar%23393!/:?]
	at java.util.Optional.orElseThrow(Optional.java:403) ~[?:?]
	at net.minecraft.world.item.crafting.ShapedRecipe.m_151278_(ShapedRecipe.java:291) ~[server-1.20.1-20230612.114412-srg.jar%23393!/:?]
	at net.minecraft.world.item.crafting.Ingredient.m_43919_(Ingredient.java:219) ~[server-1.20.1-20230612.114412-srg.jar%23393!/:?]
	at net.minecraftforge.common.crafting.VanillaIngredientSerializer.parse(VanillaIngredientSerializer.java:27) ~[forge-1.20.1-47.3.7-universal.jar%23398!/:?]
	at net.minecraftforge.common.crafting.CraftingHelper.getIngredient(CraftingHelper.java:148) ~[forge-1.20.1-47.3.7-universal.jar%23398!/:?]
	at net.minecraft.world.item.crafting.Ingredient.m_288218_(Ingredient.java:194) ~[server-1.20.1-20230612.114412-srg.jar%23393!/:?]
	at net.minecraft.world.item.crafting.ShapelessRecipe$Serializer.m_44275_(ShapelessRecipe.java:104) ~[server-1.20.1-20230612.114412-srg.jar%23393!/:?]
	at net.minecraft.world.item.crafting.ShapelessRecipe$Serializer.m_6729_(ShapelessRecipe.java:89) ~[server-1.20.1-20230612.114412-srg.jar%23393!/:?]
	at net.minecraft.world.item.crafting.ShapelessRecipe$Serializer.m_6729_(ShapelessRecipe.java:84) ~[server-1.20.1-20230612.114412-srg.jar%23393!/:?]
	at net.minecraftforge.common.extensions.IForgeRecipeSerializer.fromJson(IForgeRecipeSerializer.java:23) ~[forge-1.20.1-47.3.7-universal.jar%23398!/:?]
	at net.minecraft.world.item.crafting.RecipeManager.fromJson(RecipeManager.java:171) ~[server-1.20.1-20230612.114412-srg.jar%23393!/:?]
	at net.minecraft.world.item.crafting.RecipeManager.m_5787_(RecipeManager.java:67) ~[server-1.20.1-20230612.114412-srg.jar%23393!/:?]
	at net.minecraft.world.item.crafting.RecipeManager.m_5787_(RecipeManager.java:34) ~[server-1.20.1-20230612.114412-srg.jar%23393!/:?]
	at net.minecraft.server.packs.resources.SimplePreparableReloadListener.m_10789_(SimplePreparableReloadListener.java:13) ~[server-1.20.1-20230612.114412-srg.jar%23393!/:?]
	at java.util.concurrent.CompletableFuture$UniAccept.tryFire(CompletableFuture.java:718) ~[?:?]
	at java.util.concurrent.CompletableFuture$Completion.run(CompletableFuture.java:482) ~[?:?]
	at net.minecraft.server.packs.resources.SimpleReloadInstance.m_143940_(SimpleReloadInstance.java:69) ~[server-1.20.1-20230612.114412-srg.jar%23393!/:?]
	at net.minecraft.Util.m_214652_(Util.java:783) ~[server-1.20.1-20230612.114412-srg.jar%23393!/:?]
	at net.minecraft.Util.m_214679_(Util.java:772) ~[server-1.20.1-20230612.114412-srg.jar%23393!/:?]
	at net.minecraft.server.Main.main(Main.java:166) ~[server-1.20.1-20230612.114412-srg.jar%23393!/:?]
	at jdk.internal.reflect.NativeMethodAccessorImpl.invoke0(Native Method) ~[?:?]
	at jdk.internal.reflect.NativeMethodAccessorImpl.invoke(NativeMethodAccessorImpl.java:77) ~[?:?]
	at jdk.internal.reflect.DelegatingMethodAccessorImpl.invoke(DelegatingMethodAccessorImpl.java:43) ~[?:?]
	at java.lang.reflect.Method.invoke(Method.java:569) ~[?:?]
	at net.minecraftforge.fml.loading.targets.CommonLaunchHandler.runTarget(CommonLaunchHandler.java:111) ~[fmlloader-1.20.1-47.3.7.jar%2369!/:?]
	at net.minecraftforge.fml.loading.targets.CommonLaunchHandler.serverService(CommonLaunchHandler.java:103) ~[fmlloader-1.20.1-47.3.7.jar%2369!/:?]
	at net.minecraftforge.fml.loading.targets.CommonServerLaunchHandler.lambda$makeService$0(CommonServerLaunchHandler.java:27) ~[fmlloader-1.20.1-47.3.7.jar%2369!/:?]
	at cpw.mods.modlauncher.LaunchServiceHandlerDecorator.launch(LaunchServiceHandlerDecorator.java:30) ~[modlauncher-10.0.9.jar%2355!/:?]
	at cpw.mods.modlauncher.LaunchServiceHandler.launch(LaunchServiceHandler.java:53) ~[modlauncher-10.0.9.jar%2355!/:?]
	at cpw.mods.modlauncher.LaunchServiceHandler.launch(LaunchServiceHandler.java:71) ~[modlauncher-10.0.9.jar%2355!/:?]
	at cpw.mods.modlauncher.Launcher.run(Launcher.java:108) ~[modlauncher-10.0.9.jar%2355!/:?]
	at cpw.mods.modlauncher.Launcher.main(Launcher.java:78) ~[modlauncher-10.0.9.jar%2355!/:?]
	at cpw.mods.modlauncher.BootstrapLaunchConsumer.accept(BootstrapLaunchConsumer.java:26) ~[modlauncher-10.0.9.jar%2355!/:?]
	at cpw.mods.modlauncher.BootstrapLaunchConsumer.accept(BootstrapLaunchConsumer.java:23) ~[modlauncher-10.0.9.jar%2355!/:?]
	at cpw.mods.bootstraplauncher.BootstrapLauncher.main(BootstrapLauncher.java:141) ~[bootstraplauncher-1.1.2.jar:?]
[09Jul2025 03:54:32.127] [main/INFO] [net.minecraft.world.item.crafting.RecipeManager/]: Loaded 57 recipes
[09Jul2025 03:54:32.129] [main/INFO] [com.teamabnormals.blueprint.core.Blueprint/]: Skipped modifier named 'savage_and_ravage:adventure/voluntary_exile' as its conditions were not met
[09Jul2025 03:54:32.129] [main/INFO] [com.teamabnormals.blueprint.core.Blueprint/]: Skipped modifier named 'savage_and_ravage:adventure/voluntary_exile' as its conditions were not met
[09Jul2025 03:54:32.134] [main/INFO] [com.teamabnormals.blueprint.core.Blueprint/]: Advancement Modification Manager has loaded 5 modifier groups
[09Jul2025 03:54:32.134] [main/ERROR] [net.minecraft.server.ServerFunctionLibrary/]: Failed to load function ice_and_fire_delight:grant_book_on_first_join
java.util.concurrent.CompletionException: java.lang.IllegalArgumentException: Whilst parsing command on line 2: Unknown item 'patchouli:guide_book' at position 8: give @s <--[HERE]
	at java.util.concurrent.CompletableFuture.encodeThrowable(CompletableFuture.java:315) ~[?:?]
	at java.util.concurrent.CompletableFuture.completeThrowable(CompletableFuture.java:320) ~[?:?]
	at java.util.concurrent.CompletableFuture$AsyncSupply.run(CompletableFuture.java:1770) ~[?:?]
	at java.util.concurrent.CompletableFuture$AsyncSupply.exec(CompletableFuture.java:1760) ~[?:?]
	at java.util.concurrent.ForkJoinTask.doExec(ForkJoinTask.java:373) ~[?:?]
	at java.util.concurrent.ForkJoinPool$WorkQueue.topLevelExec(ForkJoinPool.java:1182) ~[?:?]
	at java.util.concurrent.ForkJoinPool.scan(ForkJoinPool.java:1655) ~[?:?]
	at java.util.concurrent.ForkJoinPool.runWorker(ForkJoinPool.java:1622) ~[?:?]
	at java.util.concurrent.ForkJoinWorkerThread.run(ForkJoinWorkerThread.java:165) ~[?:?]
Caused by: java.lang.IllegalArgumentException: Whilst parsing command on line 2: Unknown item 'patchouli:guide_book' at position 8: give @s <--[HERE]
	at net.minecraft.commands.CommandFunction.m_77984_(CommandFunction.java:63) ~[server-1.20.1-20230612.114412-srg.jar%23393!/:?]
	at net.minecraft.server.ServerFunctionLibrary.m_214320_(ServerFunctionLibrary.java:83) ~[server-1.20.1-20230612.114412-srg.jar%23393!/:?]
	at java.util.concurrent.CompletableFuture$AsyncSupply.run(CompletableFuture.java:1768) ~[?:?]
	... 6 more
[09Jul2025 03:54:32.178] [main/ERROR] [net.minecraft.server.ServerAdvancementManager/]: Parsing error loading custom advancement sophisticatedstorage:recipes/misc/backpack_chipped_mason_table_upgrade_from_storage_chipped_mason_table_upgrade: Unknown item id 'sophisticatedstorage:chipped/mason_table_upgrade'
[09Jul2025 03:54:32.197] [main/ERROR] [net.minecraft.server.ServerAdvancementManager/]: Parsing error loading custom advancement sophisticatedstorage:recipes/misc/backpack_chipped_glassblower_upgrade_from_storage_chipped_glassblower_upgrade: Unknown item id 'sophisticatedstorage:chipped/glassblower_upgrade'
[09Jul2025 03:54:32.201] [main/ERROR] [net.minecraft.server.ServerAdvancementManager/]: Parsing error loading custom advancement sophisticatedstorage:recipes/misc/storage_chipped_carpenters_table_upgrade_from_backpack_chipped_carpenters_table_upgrade: Unknown item id 'sophisticatedbackpacks:chipped/carpenters_table_upgrade'
[09Jul2025 03:54:32.204] [main/ERROR] [net.minecraft.server.ServerAdvancementManager/]: Parsing error loading custom advancement farmersrespite:main/stunt_tea_bush: Invalid criterion trigger: farmersrespite:stunt_tea_bush
[09Jul2025 03:54:32.214] [main/ERROR] [net.minecraft.server.ServerAdvancementManager/]: Parsing error loading custom advancement sophisticatedstorage:recipes/misc/storage_chipped_alchemy_bench_upgrade_from_backpack_chipped_alchemy_bench_upgrade: Unknown item id 'sophisticatedbackpacks:chipped/alchemy_bench_upgrade'
[09Jul2025 03:54:32.223] [main/ERROR] [net.minecraft.server.ServerAdvancementManager/]: Parsing error loading custom advancement sophisticatedstorage:recipes/misc/backpack_chipped_loom_table_upgrade_from_storage_chipped_loom_table_upgrade: Unknown item id 'sophisticatedstorage:chipped/loom_table_upgrade'
[09Jul2025 03:54:32.271] [main/ERROR] [net.minecraft.server.ServerAdvancementManager/]: Parsing error loading custom advancement sophisticatedstorage:recipes/misc/storage_chipped_botanist_workbench_upgrade_from_backpack_chipped_botanist_workbench_upgrade: Unknown item id 'sophisticatedbackpacks:chipped/botanist_workbench_upgrade'
[09Jul2025 03:54:32.278] [main/ERROR] [net.minecraft.server.ServerAdvancementManager/]: Parsing error loading custom advancement sophisticatedstorage:recipes/misc/storage_chipped_tinkering_table_upgrade_from_backpack_chipped_tinkering_table_upgrade: Unknown item id 'sophisticatedbackpacks:chipped/tinkering_table_upgrade'
[09Jul2025 03:54:32.311] [main/ERROR] [net.minecraft.server.ServerAdvancementManager/]: Parsing error loading custom advancement sophisticatedstorage:recipes/misc/storage_chipped_loom_table_upgrade_from_backpack_chipped_loom_table_upgrade: Unknown item id 'sophisticatedbackpacks:chipped/loom_table_upgrade'
[09Jul2025 03:54:32.320] [main/ERROR] [net.minecraft.server.ServerAdvancementManager/]: Parsing error loading custom advancement sophisticatedstorage:recipes/misc/backpack_chipped_carpenters_table_upgrade_from_storage_chipped_carpenters_table_upgrade: Unknown item id 'sophisticatedstorage:chipped/carpenters_table_upgrade'
[09Jul2025 03:54:32.360] [main/ERROR] [net.minecraft.server.ServerAdvancementManager/]: Parsing error loading custom advancement sophisticatedstorage:recipes/misc/backpack_chipped_botanist_workbench_upgrade_from_storage_chipped_botanist_workbench_upgrade: Unknown item id 'sophisticatedstorage:chipped/botanist_workbench_upgrade'
[09Jul2025 03:54:32.363] [main/ERROR] [net.minecraft.server.ServerAdvancementManager/]: Parsing error loading custom advancement sophisticatedstorage:recipes/misc/storage_chipped_glassblower_upgrade_from_backpack_chipped_glassblower_upgrade: Unknown item id 'sophisticatedbackpacks:chipped/glassblower_upgrade'
[09Jul2025 03:54:32.364] [main/ERROR] [net.minecraft.server.ServerAdvancementManager/]: Parsing error loading custom advancement sophisticatedstorage:recipes/misc/storage_chipped_mason_table_upgrade_from_backpack_chipped_mason_table_upgrade: Unknown item id 'sophisticatedbackpacks:chipped/mason_table_upgrade'
[09Jul2025 03:54:32.375] [main/ERROR] [net.minecraft.server.ServerAdvancementManager/]: Parsing error loading custom advancement sophisticatedstorage:recipes/misc/backpack_chipped_tinkering_table_upgrade_from_storage_chipped_tinkering_table_upgrade: Unknown item id 'sophisticatedstorage:chipped/tinkering_table_upgrade'
[09Jul2025 03:54:32.377] [main/ERROR] [net.minecraft.server.ServerAdvancementManager/]: Parsing error loading custom advancement sophisticatedstorage:recipes/misc/backpack_chipped_alchemy_bench_upgrade_from_storage_chipped_alchemy_bench_upgrade: Unknown item id 'sophisticatedstorage:chipped/alchemy_bench_upgrade'
[09Jul2025 03:54:32.387] [main/ERROR] [net.minecraft.server.ServerAdvancementManager/]: Parsing error loading custom advancement legendary_monsters:defeat_ambusher: Expected item to be an item, was unknown string 'legendary_monsters:ancient_dripstone_shard'
[09Jul2025 03:54:32.429] [main/INFO] [net.minecraft.advancements.AdvancementList/]: Loaded 8144 advancements
[09Jul2025 03:54:32.434] [main/INFO] [ModdingLegacy/blue_skies/SkiesDataManager/]: Loaded 8 tool_handle_types
[09Jul2025 03:54:32.435] [main/INFO] [ModdingLegacy/blue_skies/SkiesDataManager/]: Loaded 37 snowcap_oven_freezing_recipes
[09Jul2025 03:54:32.435] [main/INFO] [ModdingLegacy/blue_skies/SkiesDataManager/]: Loaded 7 horizonite_forge_fuels
[09Jul2025 03:54:32.435] [main/INFO] [ModdingLegacy/blue_skies/SkiesDataManager/]: Loaded 12 snowcap_mushroom_freezing
[09Jul2025 03:54:32.447] [main/INFO] [ModdingLegacy/blue_skies/SkiesDataManager/]: Loaded 70 alchemy_recipes
[09Jul2025 03:54:32.449] [main/INFO] [ModdingLegacy/blue_skies/SkiesDataManager/]: Loaded 81 journal/entries
[09Jul2025 03:54:32.450] [main/INFO] [ModdingLegacy/blue_skies/SkiesDataManager/]: Loaded 3 journal/sections
[09Jul2025 03:54:32.450] [main/INFO] [ModdingLegacy/blue_skies/SkiesDataManager/]: Loaded 7 journal/requirements
[09Jul2025 03:54:32.459] [main/INFO] [twilightforest/]: Loaded 9 Stalactite configs!
[09Jul2025 03:54:32.474] [main/INFO] [top.theillusivec4.curios.Curios/]: Loaded 13 curio slots
[09Jul2025 03:54:32.489] [main/INFO] [top.theillusivec4.curios.Curios/]: Loaded 11 curio entities
[09Jul2025 03:54:32.490] [main/ERROR] [bettervillage/]: Ice And Fire compatibility is not enabled for Better Village and Ice And Fire is present in your mod list.
     - Please install the datapack for better compatibility between Better Villages and Ice And Fire.
     - You can find the datapack URL in the `compatibility` section of the Better Villages description.
     - URL=https://www.curseforge.com/minecraft/mc-mods/better-village-forge
[09Jul2025 03:54:32.491] [main/ERROR] [bettervillage/]: More Villagers compatibility is not enabled for Better Village and More Villagers is present in your mod list.
     - Please install the datapack for better compatibility between Better Villages and More Villagers.
     - You can find the datapack URL in the `compatibility` section of the Better Villages description.
     - URL=https://www.curseforge.com/minecraft/mc-mods/better-village-forge
[09Jul2025 03:54:32.492] [main/INFO] [Dungeon Crawl/]: Loading data...
[09Jul2025 03:54:32.731] [main/INFO] [Dungeon Crawl/]: Done.
[09Jul2025 03:54:32.732] [main/INFO] [com.teamabnormals.blueprint.core.Blueprint/]: Chunk Generator Modification Manager has loaded 0 modifier groups
[09Jul2025 03:54:32.743] [main/WARN] [net.minecraftforge.common.loot.LootModifierManager/]: Unable to decode loot conditions
com.google.gson.JsonSyntaxException: Unknown type 'alternative'
	at net.minecraft.world.level.storage.loot.GsonAdapterFactory$JsonAdapter.deserialize(GsonAdapterFactory.java:99) ~[server-1.20.1-20230612.114412-srg.jar%23393!/:?]
	at com.google.gson.internal.bind.TreeTypeAdapter.read(TreeTypeAdapter.java:76) ~[gson-2.10.jar%2372!/:?]
	at com.google.gson.internal.bind.TypeAdapterRuntimeTypeWrapper.read(TypeAdapterRuntimeTypeWrapper.java:40) ~[gson-2.10.jar%2372!/:?]
	at com.google.gson.internal.bind.ArrayTypeAdapter.read(ArrayTypeAdapter.java:72) ~[gson-2.10.jar%2372!/:?]
	at com.google.gson.Gson.fromJson(Gson.java:1214) ~[gson-2.10.jar%2372!/:?]
	at com.google.gson.Gson.fromJson(Gson.java:1319) ~[gson-2.10.jar%2372!/:?]
	at com.google.gson.Gson.fromJson(Gson.java:1261) ~[gson-2.10.jar%2372!/:?]
	at net.minecraftforge.common.loot.IGlobalLootModifier.lambda$static$1(IGlobalLootModifier.java:39) ~[forge-1.20.1-47.3.7-universal.jar%23398!/:?]
	at com.mojang.serialization.Decoder$1.lambda$decode$1(Decoder.java:49) ~[datafixerupper-6.0.8.jar%2377!/:?]
	at com.mojang.serialization.DataResult.lambda$flatMap$11(DataResult.java:139) ~[datafixerupper-6.0.8.jar%2377!/:?]
	at com.mojang.datafixers.util.Either$Left.map(Either.java:38) ~[datafixerupper-6.0.8.jar%2377!/:?]
	at com.mojang.serialization.DataResult.flatMap(DataResult.java:137) ~[datafixerupper-6.0.8.jar%2377!/:?]
	at com.mojang.serialization.Decoder$1.decode(Decoder.java:49) ~[datafixerupper-6.0.8.jar%2377!/:?]
	at com.mojang.serialization.Codec$2.decode(Codec.java:71) ~[datafixerupper-6.0.8.jar%2377!/:?]
	at com.mojang.serialization.Decoder.parse(Decoder.java:18) ~[datafixerupper-6.0.8.jar%2377!/:?]
	at com.mojang.serialization.codecs.FieldDecoder.decode(FieldDecoder.java:29) ~[datafixerupper-6.0.8.jar%2377!/:?]
	at com.mojang.serialization.MapCodec$1.decode(MapCodec.java:34) ~[datafixerupper-6.0.8.jar%2377!/:?]
	at com.mojang.serialization.codecs.RecordCodecBuilder$Instance$7.decode(RecordCodecBuilder.java:406) ~[datafixerupper-6.0.8.jar%2377!/:?]
	at com.mojang.serialization.codecs.RecordCodecBuilder$2.decode(RecordCodecBuilder.java:107) ~[datafixerupper-6.0.8.jar%2377!/:?]
	at com.mojang.serialization.codecs.KeyDispatchCodec.lambda$decode$3(KeyDispatchCodec.java:67) ~[datafixerupper-6.0.8.jar%2377!/:?]
	at com.mojang.serialization.DataResult.lambda$flatMap$11(DataResult.java:139) ~[datafixerupper-6.0.8.jar%2377!/:?]
	at com.mojang.datafixers.util.Either$Left.map(Either.java:38) ~[datafixerupper-6.0.8.jar%2377!/:?]
	at com.mojang.serialization.DataResult.flatMap(DataResult.java:137) ~[datafixerupper-6.0.8.jar%2377!/:?]
	at com.mojang.serialization.codecs.KeyDispatchCodec.lambda$decode$4(KeyDispatchCodec.java:58) ~[datafixerupper-6.0.8.jar%2377!/:?]
	at com.mojang.serialization.DataResult.lambda$flatMap$11(DataResult.java:139) ~[datafixerupper-6.0.8.jar%2377!/:?]
	at com.mojang.datafixers.util.Either$Left.map(Either.java:38) ~[datafixerupper-6.0.8.jar%2377!/:?]
	at com.mojang.serialization.DataResult.flatMap(DataResult.java:137) ~[datafixerupper-6.0.8.jar%2377!/:?]
	at com.mojang.serialization.codecs.KeyDispatchCodec.decode(KeyDispatchCodec.java:56) ~[datafixerupper-6.0.8.jar%2377!/:?]
	at com.mojang.serialization.MapDecoder.lambda$compressedDecode$1(MapDecoder.java:52) ~[datafixerupper-6.0.8.jar%2377!/:?]
	at com.mojang.serialization.DataResult.lambda$flatMap$11(DataResult.java:139) ~[datafixerupper-6.0.8.jar%2377!/:?]
	at com.mojang.datafixers.util.Either$Left.map(Either.java:38) ~[datafixerupper-6.0.8.jar%2377!/:?]
	at com.mojang.serialization.DataResult.flatMap(DataResult.java:137) ~[datafixerupper-6.0.8.jar%2377!/:?]
	at com.mojang.serialization.MapDecoder.compressedDecode(MapDecoder.java:52) ~[datafixerupper-6.0.8.jar%2377!/:?]
	at com.mojang.serialization.MapCodec$MapCodecCodec.decode(MapCodec.java:91) ~[datafixerupper-6.0.8.jar%2377!/:?]
	at com.mojang.serialization.Decoder.parse(Decoder.java:18) ~[datafixerupper-6.0.8.jar%2377!/:?]
	at net.minecraftforge.common.loot.LootModifierManager.apply(LootModifierManager.java:79) ~[forge-1.20.1-47.3.7-universal.jar%23398!/:?]
	at net.minecraftforge.common.loot.LootModifierManager.m_5787_(LootModifierManager.java:38) ~[forge-1.20.1-47.3.7-universal.jar%23398!/:?]
	at net.minecraft.server.packs.resources.SimplePreparableReloadListener.m_10789_(SimplePreparableReloadListener.java:13) ~[server-1.20.1-20230612.114412-srg.jar%23393!/:?]
	at java.util.concurrent.CompletableFuture$UniAccept.tryFire(CompletableFuture.java:718) ~[?:?]
	at java.util.concurrent.CompletableFuture$Completion.run(CompletableFuture.java:482) ~[?:?]
	at net.minecraft.server.packs.resources.SimpleReloadInstance.m_143940_(SimpleReloadInstance.java:69) ~[server-1.20.1-20230612.114412-srg.jar%23393!/:?]
	at net.minecraft.Util.m_214652_(Util.java:783) ~[server-1.20.1-20230612.114412-srg.jar%23393!/:?]
	at net.minecraft.Util.m_214679_(Util.java:772) ~[server-1.20.1-20230612.114412-srg.jar%23393!/:?]
	at net.minecraft.server.Main.main(Main.java:166) ~[server-1.20.1-20230612.114412-srg.jar%23393!/:?]
	at jdk.internal.reflect.NativeMethodAccessorImpl.invoke0(Native Method) ~[?:?]
	at jdk.internal.reflect.NativeMethodAccessorImpl.invoke(NativeMethodAccessorImpl.java:77) ~[?:?]
	at jdk.internal.reflect.DelegatingMethodAccessorImpl.invoke(DelegatingMethodAccessorImpl.java:43) ~[?:?]
	at java.lang.reflect.Method.invoke(Method.java:569) ~[?:?]
	at net.minecraftforge.fml.loading.targets.CommonLaunchHandler.runTarget(CommonLaunchHandler.java:111) ~[fmlloader-1.20.1-47.3.7.jar%2369!/:?]
	at net.minecraftforge.fml.loading.targets.CommonLaunchHandler.serverService(CommonLaunchHandler.java:103) ~[fmlloader-1.20.1-47.3.7.jar%2369!/:?]
	at net.minecraftforge.fml.loading.targets.CommonServerLaunchHandler.lambda$makeService$0(CommonServerLaunchHandler.java:27) ~[fmlloader-1.20.1-47.3.7.jar%2369!/:?]
	at cpw.mods.modlauncher.LaunchServiceHandlerDecorator.launch(LaunchServiceHandlerDecorator.java:30) ~[modlauncher-10.0.9.jar%2355!/:?]
	at cpw.mods.modlauncher.LaunchServiceHandler.launch(LaunchServiceHandler.java:53) ~[modlauncher-10.0.9.jar%2355!/:?]
	at cpw.mods.modlauncher.LaunchServiceHandler.launch(LaunchServiceHandler.java:71) ~[modlauncher-10.0.9.jar%2355!/:?]
	at cpw.mods.modlauncher.Launcher.run(Launcher.java:108) ~[modlauncher-10.0.9.jar%2355!/:?]
	at cpw.mods.modlauncher.Launcher.main(Launcher.java:78) ~[modlauncher-10.0.9.jar%2355!/:?]
	at cpw.mods.modlauncher.BootstrapLaunchConsumer.accept(BootstrapLaunchConsumer.java:26) ~[modlauncher-10.0.9.jar%2355!/:?]
	at cpw.mods.modlauncher.BootstrapLaunchConsumer.accept(BootstrapLaunchConsumer.java:23) ~[modlauncher-10.0.9.jar%2355!/:?]
	at cpw.mods.bootstraplauncher.BootstrapLauncher.main(BootstrapLauncher.java:141) ~[bootstraplauncher-1.1.2.jar:?]
[09Jul2025 03:54:32.744] [main/WARN] [net.minecraftforge.common.loot.LootModifierManager/]: Could not decode GlobalLootModifier with json id miners_delight:scavenging_tentacles - error: Unknown type 'alternative'
[09Jul2025 03:54:32.745] [main/WARN] [net.minecraftforge.common.loot.LootModifierManager/]: Unable to decode loot conditions
com.google.gson.JsonSyntaxException: Unknown type 'alternative'
	at net.minecraft.world.level.storage.loot.GsonAdapterFactory$JsonAdapter.deserialize(GsonAdapterFactory.java:99) ~[server-1.20.1-20230612.114412-srg.jar%23393!/:?]
	at com.google.gson.internal.bind.TreeTypeAdapter.read(TreeTypeAdapter.java:76) ~[gson-2.10.jar%2372!/:?]
	at com.google.gson.internal.bind.TypeAdapterRuntimeTypeWrapper.read(TypeAdapterRuntimeTypeWrapper.java:40) ~[gson-2.10.jar%2372!/:?]
	at com.google.gson.internal.bind.ArrayTypeAdapter.read(ArrayTypeAdapter.java:72) ~[gson-2.10.jar%2372!/:?]
	at com.google.gson.Gson.fromJson(Gson.java:1214) ~[gson-2.10.jar%2372!/:?]
	at com.google.gson.Gson.fromJson(Gson.java:1319) ~[gson-2.10.jar%2372!/:?]
	at com.google.gson.Gson.fromJson(Gson.java:1261) ~[gson-2.10.jar%2372!/:?]
	at net.minecraftforge.common.loot.IGlobalLootModifier.lambda$static$1(IGlobalLootModifier.java:39) ~[forge-1.20.1-47.3.7-universal.jar%23398!/:?]
	at com.mojang.serialization.Decoder$1.lambda$decode$1(Decoder.java:49) ~[datafixerupper-6.0.8.jar%2377!/:?]
	at com.mojang.serialization.DataResult.lambda$flatMap$11(DataResult.java:139) ~[datafixerupper-6.0.8.jar%2377!/:?]
	at com.mojang.datafixers.util.Either$Left.map(Either.java:38) ~[datafixerupper-6.0.8.jar%2377!/:?]
	at com.mojang.serialization.DataResult.flatMap(DataResult.java:137) ~[datafixerupper-6.0.8.jar%2377!/:?]
	at com.mojang.serialization.Decoder$1.decode(Decoder.java:49) ~[datafixerupper-6.0.8.jar%2377!/:?]
	at com.mojang.serialization.Codec$2.decode(Codec.java:71) ~[datafixerupper-6.0.8.jar%2377!/:?]
	at com.mojang.serialization.Decoder.parse(Decoder.java:18) ~[datafixerupper-6.0.8.jar%2377!/:?]
	at com.mojang.serialization.codecs.FieldDecoder.decode(FieldDecoder.java:29) ~[datafixerupper-6.0.8.jar%2377!/:?]
	at com.mojang.serialization.MapCodec$1.decode(MapCodec.java:34) ~[datafixerupper-6.0.8.jar%2377!/:?]
	at com.mojang.serialization.codecs.RecordCodecBuilder$Instance$5.decode(RecordCodecBuilder.java:323) ~[datafixerupper-6.0.8.jar%2377!/:?]
	at com.mojang.serialization.codecs.RecordCodecBuilder$2.decode(RecordCodecBuilder.java:107) ~[datafixerupper-6.0.8.jar%2377!/:?]
	at com.mojang.serialization.codecs.KeyDispatchCodec.lambda$decode$3(KeyDispatchCodec.java:67) ~[datafixerupper-6.0.8.jar%2377!/:?]
	at com.mojang.serialization.DataResult.lambda$flatMap$11(DataResult.java:139) ~[datafixerupper-6.0.8.jar%2377!/:?]
	at com.mojang.datafixers.util.Either$Left.map(Either.java:38) ~[datafixerupper-6.0.8.jar%2377!/:?]
	at com.mojang.serialization.DataResult.flatMap(DataResult.java:137) ~[datafixerupper-6.0.8.jar%2377!/:?]
	at com.mojang.serialization.codecs.KeyDispatchCodec.lambda$decode$4(KeyDispatchCodec.java:58) ~[datafixerupper-6.0.8.jar%2377!/:?]
	at com.mojang.serialization.DataResult.lambda$flatMap$11(DataResult.java:139) ~[datafixerupper-6.0.8.jar%2377!/:?]
	at com.mojang.datafixers.util.Either$Left.map(Either.java:38) ~[datafixerupper-6.0.8.jar%2377!/:?]
	at com.mojang.serialization.DataResult.flatMap(DataResult.java:137) ~[datafixerupper-6.0.8.jar%2377!/:?]
	at com.mojang.serialization.codecs.KeyDispatchCodec.decode(KeyDispatchCodec.java:56) ~[datafixerupper-6.0.8.jar%2377!/:?]
	at com.mojang.serialization.MapDecoder.lambda$compressedDecode$1(MapDecoder.java:52) ~[datafixerupper-6.0.8.jar%2377!/:?]
	at com.mojang.serialization.DataResult.lambda$flatMap$11(DataResult.java:139) ~[datafixerupper-6.0.8.jar%2377!/:?]
	at com.mojang.datafixers.util.Either$Left.map(Either.java:38) ~[datafixerupper-6.0.8.jar%2377!/:?]
	at com.mojang.serialization.DataResult.flatMap(DataResult.java:137) ~[datafixerupper-6.0.8.jar%2377!/:?]
	at com.mojang.serialization.MapDecoder.compressedDecode(MapDecoder.java:52) ~[datafixerupper-6.0.8.jar%2377!/:?]
	at com.mojang.serialization.MapCodec$MapCodecCodec.decode(MapCodec.java:91) ~[datafixerupper-6.0.8.jar%2377!/:?]
	at com.mojang.serialization.Decoder.parse(Decoder.java:18) ~[datafixerupper-6.0.8.jar%2377!/:?]
	at net.minecraftforge.common.loot.LootModifierManager.apply(LootModifierManager.java:79) ~[forge-1.20.1-47.3.7-universal.jar%23398!/:?]
	at net.minecraftforge.common.loot.LootModifierManager.m_5787_(LootModifierManager.java:38) ~[forge-1.20.1-47.3.7-universal.jar%23398!/:?]
	at net.minecraft.server.packs.resources.SimplePreparableReloadListener.m_10789_(SimplePreparableReloadListener.java:13) ~[server-1.20.1-20230612.114412-srg.jar%23393!/:?]
	at java.util.concurrent.CompletableFuture$UniAccept.tryFire(CompletableFuture.java:718) ~[?:?]
	at java.util.concurrent.CompletableFuture$Completion.run(CompletableFuture.java:482) ~[?:?]
	at net.minecraft.server.packs.resources.SimpleReloadInstance.m_143940_(SimpleReloadInstance.java:69) ~[server-1.20.1-20230612.114412-srg.jar%23393!/:?]
	at net.minecraft.Util.m_214652_(Util.java:783) ~[server-1.20.1-20230612.114412-srg.jar%23393!/:?]
	at net.minecraft.Util.m_214679_(Util.java:772) ~[server-1.20.1-20230612.114412-srg.jar%23393!/:?]
	at net.minecraft.server.Main.main(Main.java:166) ~[server-1.20.1-20230612.114412-srg.jar%23393!/:?]
	at jdk.internal.reflect.NativeMethodAccessorImpl.invoke0(Native Method) ~[?:?]
	at jdk.internal.reflect.NativeMethodAccessorImpl.invoke(NativeMethodAccessorImpl.java:77) ~[?:?]
	at jdk.internal.reflect.DelegatingMethodAccessorImpl.invoke(DelegatingMethodAccessorImpl.java:43) ~[?:?]
	at java.lang.reflect.Method.invoke(Method.java:569) ~[?:?]
	at net.minecraftforge.fml.loading.targets.CommonLaunchHandler.runTarget(CommonLaunchHandler.java:111) ~[fmlloader-1.20.1-47.3.7.jar%2369!/:?]
	at net.minecraftforge.fml.loading.targets.CommonLaunchHandler.serverService(CommonLaunchHandler.java:103) ~[fmlloader-1.20.1-47.3.7.jar%2369!/:?]
	at net.minecraftforge.fml.loading.targets.CommonServerLaunchHandler.lambda$makeService$0(CommonServerLaunchHandler.java:27) ~[fmlloader-1.20.1-47.3.7.jar%2369!/:?]
	at cpw.mods.modlauncher.LaunchServiceHandlerDecorator.launch(LaunchServiceHandlerDecorator.java:30) ~[modlauncher-10.0.9.jar%2355!/:?]
	at cpw.mods.modlauncher.LaunchServiceHandler.launch(LaunchServiceHandler.java:53) ~[modlauncher-10.0.9.jar%2355!/:?]
	at cpw.mods.modlauncher.LaunchServiceHandler.launch(LaunchServiceHandler.java:71) ~[modlauncher-10.0.9.jar%2355!/:?]
	at cpw.mods.modlauncher.Launcher.run(Launcher.java:108) ~[modlauncher-10.0.9.jar%2355!/:?]
	at cpw.mods.modlauncher.Launcher.main(Launcher.java:78) ~[modlauncher-10.0.9.jar%2355!/:?]
	at cpw.mods.modlauncher.BootstrapLaunchConsumer.accept(BootstrapLaunchConsumer.java:26) ~[modlauncher-10.0.9.jar%2355!/:?]
	at cpw.mods.modlauncher.BootstrapLaunchConsumer.accept(BootstrapLaunchConsumer.java:23) ~[modlauncher-10.0.9.jar%2355!/:?]
	at cpw.mods.bootstraplauncher.BootstrapLauncher.main(BootstrapLauncher.java:141) ~[bootstraplauncher-1.1.2.jar:?]
[09Jul2025 03:54:32.746] [main/WARN] [net.minecraftforge.common.loot.LootModifierManager/]: Could not decode GlobalLootModifier with json id miners_delight:scavenging_silverfish - error: Unknown type 'alternative'
[09Jul2025 03:54:32.749] [main/WARN] [net.minecraftforge.common.loot.LootModifierManager/]: Could not decode GlobalLootModifier with json id domesticationinnovation:blazing_enchanted_book - error: Not a JSON object: null
[09Jul2025 03:54:32.852] [main/INFO] [com.brutalbosses.BrutalBosses/]: Loaded boss variant for: minecraft:drowned
[09Jul2025 03:54:32.853] [main/INFO] [com.brutalbosses.BrutalBosses/]: Loaded boss variant for: minecraft:iron_golem
[09Jul2025 03:54:32.853] [main/INFO] [com.brutalbosses.BrutalBosses/]: Loaded boss variant for: minecraft:snow_golem
[09Jul2025 03:54:32.853] [main/INFO] [com.brutalbosses.BrutalBosses/]: Loaded boss variant for: minecraft:zombie
[09Jul2025 03:54:32.853] [main/INFO] [com.brutalbosses.BrutalBosses/]: Loaded boss variant for: minecraft:skeleton
[09Jul2025 03:54:32.854] [main/INFO] [com.brutalbosses.BrutalBosses/]: Loaded boss variant for: minecraft:pillager
[09Jul2025 03:54:32.854] [main/INFO] [com.brutalbosses.BrutalBosses/]: Loaded boss variant for: minecraft:vex
[09Jul2025 03:54:32.854] [main/INFO] [com.brutalbosses.BrutalBosses/]: Loaded boss variant for: minecraft:evoker
[09Jul2025 03:54:32.854] [main/INFO] [com.brutalbosses.BrutalBosses/]: Loaded boss variant for: minecraft:zombie
[09Jul2025 03:54:32.855] [main/INFO] [com.brutalbosses.BrutalBosses/]: Loaded boss variant for: minecraft:vindicator
[09Jul2025 03:54:32.855] [main/INFO] [com.brutalbosses.BrutalBosses/]: Loaded boss variant for: minecraft:wither_skeleton
[09Jul2025 03:54:32.855] [main/INFO] [com.brutalbosses.BrutalBosses/]: Loaded boss variant for: minecraft:wither_skeleton
[09Jul2025 03:54:32.855] [main/INFO] [com.brutalbosses.BrutalBosses/]: Loaded boss variant for: minecraft:cave_spider
[09Jul2025 03:54:32.855] [main/INFO] [com.brutalbosses.BrutalBosses/]: Loaded boss variant for: minecraft:zombie
[09Jul2025 03:54:32.855] [main/INFO] [com.brutalbosses.BrutalBosses/]: Loaded boss variant for: minecraft:husk
[09Jul2025 03:54:32.855] [main/INFO] [com.brutalbosses.BrutalBosses/]: Loaded boss variant for: minecraft:evoker
[09Jul2025 03:54:32.855] [main/INFO] [com.brutalbosses.BrutalBosses/]: Loaded boss variant for: minecraft:wandering_trader
[09Jul2025 03:54:32.855] [main/INFO] [com.brutalbosses.BrutalBosses/]: Loaded boss variant for: minecraft:guardian
[09Jul2025 03:54:32.855] [main/INFO] [com.brutalbosses.BrutalBosses/]: Loaded boss variant for: minecraft:vindicator
[09Jul2025 03:54:32.856] [main/INFO] [com.brutalbosses.BrutalBosses/]: Loaded boss variant for: minecraft:shulker
[09Jul2025 03:54:32.856] [main/INFO] [com.brutalbosses.BrutalBosses/]: Loaded boss variant for: minecraft:zoglin
[09Jul2025 03:54:32.856] [main/INFO] [com.brutalbosses.BrutalBosses/]: Loaded boss variant for: minecraft:chicken
[09Jul2025 03:54:32.856] [main/INFO] [com.brutalbosses.BrutalBosses/]: Loaded boss variant for: minecraft:blaze
[09Jul2025 03:54:32.856] [main/INFO] [com.brutalbosses.BrutalBosses/]: Loaded boss variant for: minecraft:witch
[09Jul2025 03:54:32.856] [main/INFO] [com.brutalbosses.BrutalBosses/]: Loaded boss variant for: minecraft:phantom
[09Jul2025 03:54:32.856] [main/INFO] [com.brutalbosses.BrutalBosses/]: Loaded boss variant for: minecraft:mooshroom
[09Jul2025 03:54:32.857] [main/INFO] [com.brutalbosses.BrutalBosses/]: Loaded boss variant for: minecraft:rabbit
[09Jul2025 03:54:32.857] [main/INFO] [com.brutalbosses.BrutalBosses/]: Loaded boss variant for: minecraft:piglin_brute
[09Jul2025 03:54:32.857] [main/INFO] [com.brutalbosses.BrutalBosses/]: Loaded boss variant for: minecraft:ghast
[09Jul2025 03:54:32.857] [main/INFO] [com.brutalbosses.BrutalBosses/]: Loaded boss variant for: minecraft:stray
[09Jul2025 03:54:32.863] [main/INFO] [someassemblyrequired.SomeAssemblyRequired/]: Loaded 67 sandwich ingredients
[09Jul2025 03:54:32.893] [main/WARN] [net.minecraft.core.MappedRegistry/]: Not all defined tags for registry ResourceKey[minecraft:root / minecraft:worldgen/biome] are present in data pack: minecraft:is_plains
[09Jul2025 03:54:39.330] [Server thread/INFO] [net.minecraft.server.dedicated.DedicatedServer/]: Starting minecraft server version 1.20.1
[09Jul2025 03:54:39.330] [Server thread/INFO] [net.minecraft.server.dedicated.DedicatedServer/]: Loading properties
[09Jul2025 03:54:39.330] [Server thread/INFO] [net.minecraft.server.dedicated.DedicatedServer/]: Default game type: SURVIVAL
[09Jul2025 03:54:39.330] [Server thread/INFO] [net.minecraft.server.MinecraftServer/]: Generating keypair
[09Jul2025 03:54:39.417] [Server thread/INFO] [net.minecraft.server.dedicated.DedicatedServer/]: Starting Minecraft server on *:25565
[09Jul2025 03:54:39.480] [Server thread/INFO] [net.minecraft.server.network.ServerConnectionListener/]: Using epoll channel type
[09Jul2025 03:54:39.601] [Server thread/WARN] [net.minecraft.server.dedicated.DedicatedServer/]: **** SERVER IS RUNNING IN OFFLINE/INSECURE MODE!
[09Jul2025 03:54:39.601] [Server thread/WARN] [net.minecraft.server.dedicated.DedicatedServer/]: The server will make no attempt to authenticate usernames. Beware.
[09Jul2025 03:54:39.601] [Server thread/WARN] [net.minecraft.server.dedicated.DedicatedServer/]: While this makes the game possible to play without internet access, it also opens up the ability for hackers to connect with any username they choose.
[09Jul2025 03:54:39.602] [Server thread/WARN] [net.minecraft.server.dedicated.DedicatedServer/]: To change this, set "online-mode" to "true" in the server.properties file.
[09Jul2025 03:54:39.654] [Server thread/INFO] [com.tom.storagemod.StorageMod/]: Loaded Tom's Simple Storage config file toms_storage-server.toml
[09Jul2025 03:54:39.655] [Thread-2/INFO] [com.tom.storagemod.StorageMod/]: Tom's Simple Storage config just got changed on the file system!
[09Jul2025 03:54:39.656] [Thread-2/INFO] [com.tom.storagemod.StorageMod/]: Tom's Simple Storage config just got changed on the file system!
[09Jul2025 03:54:39.667] [Server thread/INFO] [Puzzles Lib/]: Loading server config for enchantinginfuser
[09Jul2025 03:54:39.672] [Thread-2/INFO] [Puzzles Lib/]: Reloading server config for enchantinginfuser
[09Jul2025 03:54:39.684] [Server thread/INFO] [journeymap/]: Loading JourneyMap Forge Configs
[09Jul2025 03:54:40.350] [Server thread/INFO] [Framework/]: Loading server configs...
[09Jul2025 03:54:40.411] [Server thread/INFO] [citadel/]: Added to village structure pool
[09Jul2025 03:54:40.412] [Server thread/INFO] [citadel/]: Added to village structure pool
[09Jul2025 03:54:40.412] [Server thread/INFO] [citadel/]: Added to village structure pool
[09Jul2025 03:54:40.412] [Server thread/INFO] [citadel/]: Added to village structure pool
[09Jul2025 03:54:40.413] [Server thread/INFO] [citadel/]: Added to village structure pool
[09Jul2025 03:54:40.414] [Server thread/INFO] [net.jadenxgamer.elysium_api.Elysium/]: ElysiumBiomeSource successfully initialized for minecraft:overworld
[09Jul2025 03:54:40.415] [Server thread/INFO] [net.jadenxgamer.elysium_api.Elysium/]: ElysiumBiomeSource successfully initialized for minecraft:the_nether
[09Jul2025 03:54:40.417] [Server thread/INFO] [net.minecraft.server.dedicated.DedicatedServer/]: Preparing level "world"
[09Jul2025 03:54:41.003] [Server thread/WARN] [yungsapi/]: WARNING: block Block{minecraft:gold_ore} added to BlockStateRandomizer exceeds max probabiltiy of 1!
[09Jul2025 03:54:48.069] [Server thread/WARN] [yungsapi/]: WARNING: block Block{minecraft:gold_ore} added to BlockStateRandomizer exceeds max probabiltiy of 1!
[09Jul2025 03:54:54.353] [Server thread/WARN] [yungsapi/]: WARNING: block Block{minecraft:gold_ore} added to BlockStateRandomizer exceeds max probabiltiy of 1!
[09Jul2025 03:54:54.363] [Server thread/WARN] [yungsapi/]: WARNING: block Block{minecraft:gold_ore} added to BlockStateRandomizer exceeds max probabiltiy of 1!
[09Jul2025 03:54:54.386] [Server thread/WARN] [yungsapi/]: WARNING: block Block{minecraft:gold_ore} added to BlockStateRandomizer exceeds max probabiltiy of 1!
[09Jul2025 03:54:54.393] [Server thread/WARN] [yungsapi/]: WARNING: block Block{minecraft:gold_ore} added to BlockStateRandomizer exceeds max probabiltiy of 1!
[09Jul2025 03:54:54.407] [Server thread/WARN] [yungsapi/]: WARNING: block Block{minecraft:gold_ore} added to BlockStateRandomizer exceeds max probabiltiy of 1!
[09Jul2025 03:54:54.415] [Server thread/WARN] [yungsapi/]: WARNING: block Block{minecraft:gold_ore} added to BlockStateRandomizer exceeds max probabiltiy of 1!
[09Jul2025 03:54:55.397] [Server thread/WARN] [yungsapi/]: WARNING: block Block{minecraft:gold_ore} added to BlockStateRandomizer exceeds max probabiltiy of 1!
[09Jul2025 03:54:55.405] [Server thread/WARN] [yungsapi/]: WARNING: block Block{minecraft:gold_ore} added to BlockStateRandomizer exceeds max probabiltiy of 1!
[09Jul2025 03:54:55.413] [Server thread/WARN] [yungsapi/]: WARNING: block Block{minecraft:gold_ore} added to BlockStateRandomizer exceeds max probabiltiy of 1!
[09Jul2025 03:54:55.417] [Server thread/INFO] [net.minecraft.server.MinecraftServer/]: Preparing start region for dimension minecraft:overworld
[09Jul2025 03:54:57.215] [Worker-Main-2/INFO] [net.minecraft.server.level.progress.LoggerChunkProgressListener/]: Preparing spawn area: 0%
[09Jul2025 03:54:57.233] [Worker-Main-3/INFO] [net.minecraft.server.level.progress.LoggerChunkProgressListener/]: Preparing spawn area: 0%
[09Jul2025 03:54:57.245] [Worker-Main-2/INFO] [net.minecraft.server.level.progress.LoggerChunkProgressListener/]: Preparing spawn area: 0%
[09Jul2025 03:54:57.250] [Worker-Main-4/INFO] [net.minecraft.server.level.progress.LoggerChunkProgressListener/]: Preparing spawn area: 0%
[09Jul2025 03:54:57.830] [Worker-Main-4/INFO] [net.minecraft.server.level.progress.LoggerChunkProgressListener/]: Preparing spawn area: 0%
[09Jul2025 03:54:58.112] [Worker-Main-2/INFO] [net.minecraft.server.level.progress.LoggerChunkProgressListener/]: Preparing spawn area: 0%
[09Jul2025 03:54:58.704] [Worker-Main-2/INFO] [net.minecraft.server.level.progress.LoggerChunkProgressListener/]: Preparing spawn area: 0%
[09Jul2025 03:54:58.919] [Worker-Main-3/INFO] [net.minecraft.server.level.progress.LoggerChunkProgressListener/]: Preparing spawn area: 0%
[09Jul2025 03:54:59.612] [Worker-Main-3/INFO] [net.minecraft.server.level.progress.LoggerChunkProgressListener/]: Preparing spawn area: 0%
[09Jul2025 03:54:59.918] [Worker-Main-4/INFO] [net.minecraft.server.level.progress.LoggerChunkProgressListener/]: Preparing spawn area: 0%
[09Jul2025 03:55:01.692] [Worker-Main-2/INFO] [net.minecraft.server.level.progress.LoggerChunkProgressListener/]: Preparing spawn area: 0%
[09Jul2025 03:55:01.693] [Worker-Main-4/INFO] [net.minecraft.server.level.progress.LoggerChunkProgressListener/]: Preparing spawn area: 0%
[09Jul2025 03:55:01.694] [Worker-Main-4/INFO] [net.minecraft.server.level.progress.LoggerChunkProgressListener/]: Preparing spawn area: 0%
[09Jul2025 03:55:01.919] [Worker-Main-4/INFO] [net.minecraft.server.level.progress.LoggerChunkProgressListener/]: Preparing spawn area: 4%
[09Jul2025 03:55:02.419] [Worker-Main-3/INFO] [net.minecraft.server.level.progress.LoggerChunkProgressListener/]: Preparing spawn area: 68%
[09Jul2025 03:55:02.641] [Server thread/INFO] [com.cupboard.Cupboard/]: Loaded config for: brutalbosses.json
[09Jul2025 03:55:02.711] [Server thread/INFO] [net.minecraft.server.level.progress.LoggerChunkProgressListener/]: Time elapsed: 7293 ms
[09Jul2025 03:55:02.712] [Server thread/INFO] [net.minecraft.server.dedicated.DedicatedServer/]: Done (23.082s)! For help, type "help"
[09Jul2025 03:55:02.942] [Server thread/INFO] [net.minecraftforge.server.permission.PermissionAPI/]: Successfully initialized permission handler forge:default_handler
[09Jul2025 03:55:02.991] [Server thread/INFO] [com.github.alexthe666.iceandfire.IceAndFire/]: {iceandfire:fire_dragon_roost=true, iceandfire:fire_lily=true, iceandfire:spawn_dragon_skeleton_fire=true, iceandfire:lightning_dragon_roost=true, iceandfire:spawn_dragon_skeleton_lightning=true, iceandfire:ice_dragon_roost=true, iceandfire:ice_dragon_cave=true, iceandfire:lightning_dragon_cave=true, iceandfire:cyclops_cave=true, iceandfire:spawn_wandering_cyclops=true, iceandfire:spawn_sea_serpent=true, iceandfire:frost_lily=true, iceandfire:hydra_cave=true, iceandfire:lightning_lily=true, iceandfire:pixie_village=true, iceandfire:myrmex_hive_jungle=true, iceandfire:myrmex_hive_desert=true, iceandfire:silver_ore=true, iceandfire:siren_island=true, iceandfire:spawn_dragon_skeleton_ice=true, iceandfire:spawn_stymphalian_bird=true, iceandfire:fire_dragon_cave=true, iceandfire:sapphire_ore=true, iceandfire:spawn_hippocampus=true, iceandfire:spawn_death_worm=true}
[09Jul2025 03:55:02.992] [Server thread/INFO] [com.github.alexthe666.iceandfire.IceAndFire/]: {TROLL_S=true, HIPPOGRYPH=true, AMPHITHERE=true, COCKATRICE=true, TROLL_M=true, DREAD_LICH=true, TROLL_F=true}
[09Jul2025 03:55:17.699] [Server thread/WARN] [net.minecraft.network.syncher.SynchedEntityData/]: defineId called for: class net.minecraft.world.entity.player.Player from class tschipp.carryon.common.carry.CarryOnDataManager
[09Jul2025 03:55:17.928] [Server thread/INFO] [net.minecraft.server.players.PlayerList/]: Lance[/127.116.120.48:60743] logged in with entity id 46 at (-768.5, 208.0, -1967.5)
[09Jul2025 03:55:17.943] [Server thread/INFO] [ModdingLegacy/blue_skies/]: Sending ToolHandleTypeManager to Lance
[09Jul2025 03:55:17.944] [Server thread/INFO] [ModdingLegacy/blue_skies/]: Sending SnowcapOvenFreezingManager to Lance
[09Jul2025 03:55:17.945] [Server thread/INFO] [ModdingLegacy/blue_skies/]: Sending HorizoniteForgeFuelManager to Lance
[09Jul2025 03:55:17.945] [Server thread/INFO] [ModdingLegacy/blue_skies/]: Sending AlchemyRecipeManager to Lance
[09Jul2025 03:55:17.949] [Server thread/INFO] [ModdingLegacy/blue_skies/]: Sending JournalEntryManager to Lance
[09Jul2025 03:55:17.954] [Server thread/INFO] [ModdingLegacy/blue_skies/]: Sending JournalSectionManager to Lance
[09Jul2025 03:55:17.954] [Server thread/INFO] [ModdingLegacy/blue_skies/]: Sending JournalRequirementManager to Lance
[09Jul2025 03:55:18.066] [Server thread/INFO] [net.minecraft.server.MinecraftServer/]: Lance joined the game
[09Jul2025 03:55:18.237] [Server thread/INFO] [Jade/]: Syncing config to Lance (2ec3ee53-96c8-3ecd-bd3a-573f5ef8123b)
[09Jul2025 03:55:20.471] [Server thread/WARN] [net.minecraft.server.MinecraftServer/]: Can't keep up! Is the server overloaded? Running 2680ms or 53 ticks behind
[09Jul2025 03:55:25.417] [Server thread/WARN] [net.minecraft.network.syncher.SynchedEntityData/]: defineId called for: class dev.itsmeow.whisperwoods.entity.EntityMoth from class dev.itsmeow.whisperwoods.imdlib.entity.EntityTypeContainer
[09Jul2025 03:55:25.418] [Server thread/WARN] [net.minecraft.network.syncher.SynchedEntityData/]: defineId called for: class dev.itsmeow.whisperwoods.entity.EntityMoth from class dev.itsmeow.whisperwoods.imdlib.entity.util.EntityTypeContainerContainable
[09Jul2025 03:57:45.544] [Server thread/WARN] [net.minecraft.network.syncher.SynchedEntityData/]: defineId called for: class dev.itsmeow.whisperwoods.entity.EntityHidebehind from class dev.itsmeow.whisperwoods.imdlib.entity.EntityTypeContainer
[09Jul2025 03:57:48.344] [Server thread/WARN] [net.minecraft.network.syncher.SynchedEntityData/]: defineId called for: class dev.itsmeow.whisperwoods.entity.EntityZotzpyre from class dev.itsmeow.whisperwoods.imdlib.entity.EntityTypeContainer
[09Jul2025 03:57:54.462] [Worker-Main-3/WARN] [net.minecraft.world.level.levelgen.heightproviders.UniformHeight/]: Empty height range: [-55 absolute--60 absolute]
[09Jul2025 03:57:54.463] [Worker-Main-3/WARN] [net.minecraft.world.level.levelgen.heightproviders.UniformHeight/]: Empty height range: [-55 absolute--60 absolute]
[09Jul2025 03:57:54.463] [Worker-Main-3/WARN] [net.minecraft.world.level.levelgen.heightproviders.UniformHeight/]: Empty height range: [-55 absolute--60 absolute]
[09Jul2025 04:03:22.841] [Server thread/WARN] [net.minecraft.server.MinecraftServer/]: Can't keep up! Is the server overloaded? Running 4149ms or 82 ticks behind
[09Jul2025 04:05:52.669] [Server thread/INFO] [net.minecraft.server.MinecraftServer/]: Lance has reached the goal [Quaint Scribe]
[09Jul2025 04:11:51.766] [Server thread/INFO] [net.minecraft.server.MinecraftServer/]: Lance has completed the challenge [Rude Awakening]
[09Jul2025 04:32:55.222] [Server thread/INFO] [net.minecraft.server.MinecraftServer/]: Lance has made the advancement [Palette Swap]
[09Jul2025 04:33:28.021] [Server thread/INFO] [net.minecraft.server.MinecraftServer/]: Lance has made the advancement [Not for the Faint of Heart]
[09Jul2025 04:49:55.953] [Server thread/INFO] [net.minecraft.world.entity.npc.Villager/]: Villager Villager['Farmer'/24062, l='ServerLevel[world]', x=-743.12, y=193.50, z=-2091.23] died, message: 'Farmer hit the ground too hard'
[09Jul2025 05:23:53.023] [Server thread/INFO] [net.minecraft.server.MinecraftServer/]: Lance has made the advancement [Tools of the Trade]
[09Jul2025 05:26:51.867] [Server thread/ERROR] [net.minecraftforge.fml.loading.RuntimeDistCleaner/DISTXFORM]: Attempted to load class net/minecraft/client/resources/language/I18n for invalid dist DEDICATED_SERVER
[09Jul2025 05:26:54.531] [Server thread/ERROR] [net.minecraftforge.fml.loading.RuntimeDistCleaner/DISTXFORM]: Attempted to load class net/minecraft/client/resources/language/I18n for invalid dist DEDICATED_SERVER
[09Jul2025 05:26:54.934] [Server thread/ERROR] [net.minecraftforge.fml.loading.RuntimeDistCleaner/DISTXFORM]: Attempted to load class net/minecraft/client/resources/language/I18n for invalid dist DEDICATED_SERVER
[09Jul2025 05:27:23.516] [Server thread/ERROR] [net.minecraftforge.fml.loading.RuntimeDistCleaner/DISTXFORM]: Attempted to load class net/minecraft/client/resources/language/I18n for invalid dist DEDICATED_SERVER
[09Jul2025 05:27:25.265] [Server thread/ERROR] [net.minecraftforge.fml.loading.RuntimeDistCleaner/DISTXFORM]: Attempted to load class net/minecraft/client/resources/language/I18n for invalid dist DEDICATED_SERVER
[09Jul2025 05:27:25.463] [Server thread/ERROR] [net.minecraftforge.fml.loading.RuntimeDistCleaner/DISTXFORM]: Attempted to load class net/minecraft/client/resources/language/I18n for invalid dist DEDICATED_SERVER
[09Jul2025 05:27:25.617] [Server thread/ERROR] [net.minecraftforge.fml.loading.RuntimeDistCleaner/DISTXFORM]: Attempted to load class net/minecraft/client/resources/language/I18n for invalid dist DEDICATED_SERVER
[09Jul2025 05:27:25.836] [Server thread/ERROR] [net.minecraftforge.fml.loading.RuntimeDistCleaner/DISTXFORM]: Attempted to load class net/minecraft/client/resources/language/I18n for invalid dist DEDICATED_SERVER
[09Jul2025 05:27:46.663] [Server thread/ERROR] [net.minecraftforge.fml.loading.RuntimeDistCleaner/DISTXFORM]: Attempted to load class net/minecraft/client/resources/language/I18n for invalid dist DEDICATED_SERVER
[09Jul2025 05:27:47.163] [Server thread/ERROR] [net.minecraftforge.fml.loading.RuntimeDistCleaner/DISTXFORM]: Attempted to load class net/minecraft/client/resources/language/I18n for invalid dist DEDICATED_SERVER
